"","wavelength","beech_mean_reflectance"
"1",1,0.391713333333333
"2",2,0.391843333333333
"3",3,0.391976666666667
"4",4,0.391903333333333
"5",5,0.391646666666667
"6",6,0.39155
"7",7,0.391336666666667
"8",8,0.3913
"9",9,0.391496666666667
"10",10,0.391556666666667
"11",11,0.391516666666667
"12",12,0.391726666666667
"13",13,0.39179
"14",14,0.391696666666667
"15",15,0.391683333333333
"16",16,0.39167
"17",17,0.39167
"18",18,0.391663333333333
"19",19,0.391666666666667
"20",20,0.39171
"21",21,0.391686666666667
"22",22,0.39158
"23",23,0.391633333333333
"24",24,0.391656666666667
"25",25,0.39159
"26",26,0.391543333333333
"27",27,0.39149
"28",28,0.39143
"29",29,0.391476666666667
"30",30,0.39149
"31",31,0.39154
"32",32,0.39154
"33",33,0.391506666666667
"34",34,0.391483333333333
"35",35,0.39144
"36",36,0.391446666666667
"37",37,0.39137
"38",38,0.391303333333333
"39",39,0.391363333333333
"40",40,0.39145
"41",41,0.391486666666667
"42",42,0.391533333333333
"43",43,0.391526666666667
"44",44,0.39141
"45",45,0.39136
"46",46,0.39136
"47",47,0.391353333333333
"48",48,0.39132
"49",49,0.391356666666667
"50",50,0.39139
"51",51,0.391383333333333
"52",52,0.39138
"53",53,0.391353333333333
"54",54,0.391356666666667
"55",55,0.39135
"56",56,0.39126
"57",57,0.391213333333333
"58",58,0.39119
"59",59,0.3911
"60",60,0.391126666666667
"61",61,0.391153333333333
"62",62,0.391203333333333
"63",63,0.391166666666667
"64",64,0.391146666666667
"65",65,0.391106666666667
"66",66,0.391023333333333
"67",67,0.390923333333333
"68",68,0.39085
"69",69,0.390763333333333
"70",70,0.390763333333333
"71",71,0.390793333333333
"72",72,0.390753333333333
"73",73,0.390756666666667
"74",74,0.390726666666667
"75",75,0.39064
"76",76,0.3906
"77",77,0.390663333333333
"78",78,0.39064
"79",79,0.390563333333333
"80",80,0.39045
"81",81,0.390423333333333
"82",82,0.390313333333333
"83",83,0.390263333333333
"84",84,0.390366666666667
"85",85,0.390376666666667
"86",86,0.390393333333333
"87",87,0.390403333333333
"88",88,0.39036
"89",89,0.390306666666667
"90",90,0.390226666666667
"91",91,0.390133333333333
"92",92,0.390003333333333
"93",93,0.38992
"94",94,0.389823333333333
"95",95,0.389783333333333
"96",96,0.389766666666667
"97",97,0.38975
"98",98,0.389756666666667
"99",99,0.389796666666667
"100",100,0.38979
"101",101,0.389693333333333
"102",102,0.38966
"103",103,0.389633333333333
"104",104,0.389596666666667
"105",105,0.389636666666667
"106",106,0.389613333333333
"107",107,0.38952
"108",108,0.389466666666667
"109",109,0.38943
"110",110,0.389366666666667
"111",111,0.389283333333333
"112",112,0.389213333333333
"113",113,0.389126666666667
"114",114,0.38903
"115",115,0.388966666666667
"116",116,0.388893333333333
"117",117,0.388846666666667
"118",118,0.388853333333333
"119",119,0.38885
"120",120,0.388926666666667
"121",121,0.388856666666667
"122",122,0.388646666666667
"123",123,0.388596666666667
"124",124,0.388596666666667
"125",125,0.3885
"126",126,0.38843
"127",127,0.388353333333333
"128",128,0.388166666666667
"129",129,0.38798
"130",130,0.387943333333333
"131",131,0.38793
"132",132,0.38782
"133",133,0.38764
"134",134,0.38749
"135",135,0.3873
"136",136,0.387143333333333
"137",137,0.38705
"138",138,0.38687
"139",139,0.386633333333333
"140",140,0.38642
"141",141,0.38617
"142",142,0.385933333333333
"143",143,0.38569
"144",144,0.38548
"145",145,0.38529
"146",146,0.385083333333333
"147",147,0.384906666666667
"148",148,0.384743333333333
"149",149,0.384543333333333
"150",150,0.3843
"151",151,0.384093333333333
"152",152,0.383876666666667
"153",153,0.383693333333333
"154",154,0.383533333333333
"155",155,0.383373333333333
"156",156,0.38319
"157",157,0.383066666666667
"158",158,0.382993333333333
"159",159,0.38288
"160",160,0.38276
"161",161,0.382666666666667
"162",162,0.38255
"163",163,0.38244
"164",164,0.382346666666667
"165",165,0.382283333333333
"166",166,0.382216666666667
"167",167,0.38214
"168",168,0.382093333333333
"169",169,0.382076666666667
"170",170,0.382056666666667
"171",171,0.382043333333333
"172",172,0.382006666666667
"173",173,0.38196
"174",174,0.38192
"175",175,0.381853333333333
"176",176,0.38181
"177",177,0.381796666666667
"178",178,0.381766666666667
"179",179,0.381706666666667
"180",180,0.38168
"181",181,0.381666666666667
"182",182,0.381656666666667
"183",183,0.381646666666667
"184",184,0.381676666666667
"185",185,0.381646666666667
"186",186,0.38157
"187",187,0.381556666666667
"188",188,0.381556666666667
"189",189,0.38154
"190",190,0.381553333333333
"191",191,0.381543333333333
"192",192,0.381476666666667
"193",193,0.38145
"194",194,0.381433333333333
"195",195,0.381426666666667
"196",196,0.38145
"197",197,0.38146
"198",198,0.381483333333333
"199",199,0.381473333333333
"200",200,0.381463333333333
"201",201,0.381406666666667
"202",202,0.381413333333333
"203",203,0.381436666666667
"204",204,0.381446666666667
"205",205,0.381476666666667
"206",206,0.38149
"207",207,0.381466666666667
"208",208,0.38148
"209",209,0.38151
"210",210,0.381546666666667
"211",211,0.381596666666667
"212",212,0.381626666666667
"213",213,0.381646666666667
"214",214,0.381676666666667
"215",215,0.381716666666667
"216",216,0.381723333333333
"217",217,0.38173
"218",218,0.381766666666667
"219",219,0.38179
"220",220,0.381793333333333
"221",221,0.381826666666667
"222",222,0.381896666666667
"223",223,0.38194
"224",224,0.38199
"225",225,0.38203
"226",226,0.38204
"227",227,0.382076666666667
"228",228,0.38213
"229",229,0.382166666666667
"230",230,0.382213333333333
"231",231,0.38224
"232",232,0.382246666666667
"233",233,0.382243333333333
"234",234,0.38228
"235",235,0.382306666666667
"236",236,0.38232
"237",237,0.382346666666667
"238",238,0.38238
"239",239,0.382406666666667
"240",240,0.382433333333333
"241",241,0.382483333333333
"242",242,0.382516666666667
"243",243,0.382526666666667
"244",244,0.382543333333333
"245",245,0.382566666666667
"246",246,0.382586666666667
"247",247,0.38259
"248",248,0.382603333333333
"249",249,0.382633333333333
"250",250,0.382653333333333
"251",251,0.382663333333333
"252",252,0.382703333333333
"253",253,0.382743333333333
"254",254,0.382753333333333
"255",255,0.382763333333333
"256",256,0.38277
"257",257,0.382766666666667
"258",258,0.382763333333333
"259",259,0.382773333333333
"260",260,0.382793333333333
"261",261,0.38281
"262",262,0.382833333333333
"263",263,0.38285
"264",264,0.382866666666667
"265",265,0.38287
"266",266,0.382856666666667
"267",267,0.382843333333333
"268",268,0.382796666666667
"269",269,0.382776666666667
"270",270,0.382756666666667
"271",271,0.38272
"272",272,0.38271
"273",273,0.38271
"274",274,0.382673333333333
"275",275,0.382646666666667
"276",276,0.38263
"277",277,0.382616666666667
"278",278,0.382596666666667
"279",279,0.382593333333333
"280",280,0.38259
"281",281,0.38258
"282",282,0.38256
"283",283,0.382556666666667
"284",284,0.382526666666667
"285",285,0.382463333333333
"286",286,0.382423333333333
"287",287,0.382366666666667
"288",288,0.38232
"289",289,0.38228
"290",290,0.382233333333333
"291",291,0.38218
"292",292,0.382133333333333
"293",293,0.382066666666667
"294",294,0.38199
"295",295,0.381926666666667
"296",296,0.381853333333333
"297",297,0.381773333333333
"298",298,0.381693333333333
"299",299,0.381606666666667
"300",300,0.381523333333333
"301",301,0.38145
"302",302,0.381406666666667
"303",303,0.381306666666667
"304",304,0.38116
"305",305,0.38105
"306",306,0.380933333333333
"307",307,0.38081
"308",308,0.380716666666667
"309",309,0.38059
"310",310,0.380433333333333
"311",311,0.38027
"312",312,0.380083333333333
"313",313,0.379933333333333
"314",314,0.379763333333333
"315",315,0.379573333333333
"316",316,0.37941
"317",317,0.379213333333333
"318",318,0.378996666666667
"319",319,0.378813333333333
"320",320,0.378623333333333
"321",321,0.378443333333333
"322",322,0.378263333333333
"323",323,0.37805
"324",324,0.377836666666667
"325",325,0.37759
"326",326,0.377373333333333
"327",327,0.37716
"328",328,0.376946666666667
"329",329,0.376736666666667
"330",330,0.37652
"331",331,0.376316666666667
"332",332,0.376073333333333
"333",333,0.37581
"334",334,0.375563333333333
"335",335,0.37531
"336",336,0.375026666666667
"337",337,0.37477
"338",338,0.3745
"339",339,0.374206666666667
"340",340,0.37395
"341",341,0.373683333333333
"342",342,0.373403333333333
"343",343,0.37316
"344",344,0.372903333333333
"345",345,0.372606666666667
"346",346,0.372363333333333
"347",347,0.37212
"348",348,0.371843333333333
"349",349,0.371596666666667
"350",350,0.37139
"351",351,0.371153333333333
"352",352,0.370903333333333
"353",353,0.370663333333333
"354",354,0.37041
"355",355,0.370166666666667
"356",356,0.369923333333333
"357",357,0.369683333333333
"358",358,0.369453333333333
"359",359,0.36922
"360",360,0.368986666666667
"361",361,0.368696666666667
"362",362,0.368406666666667
"363",363,0.368113333333333
"364",364,0.367783333333333
"365",365,0.367453333333333
"366",366,0.367123333333333
"367",367,0.366733333333333
"368",368,0.36633
"369",369,0.365916666666667
"370",370,0.36546
"371",371,0.364983333333333
"372",372,0.36447
"373",373,0.363916666666667
"374",374,0.363323333333333
"375",375,0.362673333333333
"376",376,0.361993333333333
"377",377,0.361316666666667
"378",378,0.360533333333333
"379",379,0.359706666666667
"380",380,0.35877
"381",381,0.357736666666667
"382",382,0.356653333333333
"383",383,0.355516666666667
"384",384,0.354266666666667
"385",385,0.352936666666667
"386",386,0.351536666666667
"387",387,0.350036666666667
"388",388,0.34847
"389",389,0.346866666666667
"390",390,0.34519
"391",391,0.343416666666667
"392",392,0.341573333333333
"393",393,0.339663333333333
"394",394,0.337696666666667
"395",395,0.33569
"396",396,0.333646666666667
"397",397,0.331553333333333
"398",398,0.329476666666667
"399",399,0.3274
"400",400,0.3253
"401",401,0.323243333333333
"402",402,0.321176666666667
"403",403,0.31914
"404",404,0.31711
"405",405,0.315163333333333
"406",406,0.313223333333333
"407",407,0.311406666666667
"408",408,0.309693333333333
"409",409,0.307983333333333
"410",410,0.306303333333333
"411",411,0.304736666666667
"412",412,0.30322
"413",413,0.30179
"414",414,0.300466666666667
"415",415,0.29921
"416",416,0.298006666666667
"417",417,0.29687
"418",418,0.295833333333333
"419",419,0.294883333333333
"420",420,0.29398
"421",421,0.293133333333333
"422",422,0.292336666666667
"423",423,0.291616666666667
"424",424,0.290986666666667
"425",425,0.2904
"426",426,0.289846666666667
"427",427,0.289343333333333
"428",428,0.288873333333333
"429",429,0.28845
"430",430,0.288093333333333
"431",431,0.28778
"432",432,0.287496666666667
"433",433,0.287253333333333
"434",434,0.287043333333333
"435",435,0.286853333333333
"436",436,0.286703333333333
"437",437,0.28659
"438",438,0.286506666666667
"439",439,0.286463333333333
"440",440,0.286433333333333
"441",441,0.286436666666667
"442",442,0.286446666666667
"443",443,0.28647
"444",444,0.286503333333333
"445",445,0.28653
"446",446,0.286583333333333
"447",447,0.28666
"448",448,0.28675
"449",449,0.28687
"450",450,0.28699
"451",451,0.287103333333333
"452",452,0.287223333333333
"453",453,0.28734
"454",454,0.287473333333333
"455",455,0.287623333333333
"456",456,0.2878
"457",457,0.287983333333333
"458",458,0.288173333333333
"459",459,0.288373333333333
"460",460,0.288603333333333
"461",461,0.288853333333333
"462",462,0.289126666666667
"463",463,0.28943
"464",464,0.289756666666667
"465",465,0.290116666666667
"466",466,0.290523333333333
"467",467,0.290946666666667
"468",468,0.291403333333333
"469",469,0.291886666666667
"470",470,0.292393333333333
"471",471,0.292926666666667
"472",472,0.293503333333333
"473",473,0.29408
"474",474,0.29467
"475",475,0.295273333333333
"476",476,0.29589
"477",477,0.296513333333333
"478",478,0.297156666666667
"479",479,0.29781
"480",480,0.298476666666667
"481",481,0.299146666666667
"482",482,0.29983
"483",483,0.300496666666667
"484",484,0.301153333333333
"485",485,0.301823333333333
"486",486,0.302503333333333
"487",487,0.303176666666667
"488",488,0.30387
"489",489,0.304543333333333
"490",490,0.305213333333333
"491",491,0.305893333333333
"492",492,0.306573333333333
"493",493,0.307246666666667
"494",494,0.307913333333333
"495",495,0.308563333333333
"496",496,0.309216666666667
"497",497,0.309853333333333
"498",498,0.310506666666667
"499",499,0.311176666666667
"500",500,0.311823333333333
"501",501,0.312476666666667
"502",502,0.313106666666667
"503",503,0.313726666666667
"504",504,0.31435
"505",505,0.314966666666667
"506",506,0.31558
"507",507,0.31618
"508",508,0.316766666666667
"509",509,0.317366666666667
"510",510,0.317966666666667
"511",511,0.31857
"512",512,0.31916
"513",513,0.31975
"514",514,0.320316666666667
"515",515,0.32087
"516",516,0.321426666666667
"517",517,0.32196
"518",518,0.322503333333333
"519",519,0.32305
"520",520,0.32359
"521",521,0.324126666666667
"522",522,0.324646666666667
"523",523,0.325133333333333
"524",524,0.32563
"525",525,0.326116666666667
"526",526,0.326596666666667
"527",527,0.32708
"528",528,0.327543333333333
"529",529,0.327986666666667
"530",530,0.32843
"531",531,0.328876666666667
"532",532,0.329306666666667
"533",533,0.329736666666667
"534",534,0.33015
"535",535,0.330533333333333
"536",536,0.33094
"537",537,0.331366666666667
"538",538,0.33177
"539",539,0.332183333333333
"540",540,0.332576666666667
"541",541,0.332953333333333
"542",542,0.333296666666667
"543",543,0.333653333333333
"544",544,0.33401
"545",545,0.33435
"546",546,0.334703333333333
"547",547,0.335066666666667
"548",548,0.33542
"549",549,0.335776666666667
"550",550,0.336123333333333
"551",551,0.33645
"552",552,0.33676
"553",553,0.33707
"554",554,0.33737
"555",555,0.337663333333333
"556",556,0.33797
"557",557,0.33827
"558",558,0.33856
"559",559,0.338836666666667
"560",560,0.339116666666667
"561",561,0.339413333333333
"562",562,0.33969
"563",563,0.33997
"564",564,0.340243333333333
"565",565,0.340496666666667
"566",566,0.34075
"567",567,0.341003333333333
"568",568,0.341253333333333
"569",569,0.341503333333333
"570",570,0.341743333333333
"571",571,0.34199
"572",572,0.34223
"573",573,0.34247
"574",574,0.342706666666667
"575",575,0.34294
"576",576,0.343166666666667
"577",577,0.343386666666667
"578",578,0.34359
"579",579,0.343806666666667
"580",580,0.344023333333333
"581",581,0.344226666666667
"582",582,0.34443
"583",583,0.34464
"584",584,0.34484
"585",585,0.345046666666667
"586",586,0.345263333333333
"587",587,0.345466666666667
"588",588,0.345663333333333
"589",589,0.34586
"590",590,0.34605
"591",591,0.34625
"592",592,0.34646
"593",593,0.346656666666667
"594",594,0.346863333333333
"595",595,0.34705
"596",596,0.347213333333333
"597",597,0.347386666666667
"598",598,0.34755
"599",599,0.347723333333333
"600",600,0.34791
"601",601,0.348076666666667
"602",602,0.348213333333333
"603",603,0.348373333333333
"604",604,0.34853
"605",605,0.348686666666667
"606",606,0.348863333333333
"607",607,0.349023333333333
"608",608,0.349156666666667
"609",609,0.349313333333333
"610",610,0.34949
"611",611,0.349636666666667
"612",612,0.34977
"613",613,0.349916666666667
"614",614,0.350056666666667
"615",615,0.350193333333333
"616",616,0.35035
"617",617,0.35049
"618",618,0.35061
"619",619,0.35074
"620",620,0.350873333333333
"621",621,0.351003333333333
"622",622,0.351133333333333
"623",623,0.351243333333333
"624",624,0.351336666666667
"625",625,0.351433333333333
"626",626,0.351523333333333
"627",627,0.351596666666667
"628",628,0.35166
"629",629,0.351736666666667
"630",630,0.351806666666667
"631",631,0.35189
"632",632,0.351986666666667
"633",633,0.352083333333333
"634",634,0.35218
"635",635,0.352263333333333
"636",636,0.35235
"637",637,0.352423333333333
"638",638,0.35247
"639",639,0.352536666666667
"640",640,0.35262
"641",641,0.35268
"642",642,0.352743333333333
"643",643,0.352806666666667
"644",644,0.352856666666667
"645",645,0.35289
"646",646,0.352906666666667
"647",647,0.35294
"648",648,0.352966666666667
"649",649,0.35298
"650",650,0.353016666666667
"651",651,0.353013333333333
"652",652,0.352973333333333
"653",653,0.35294
"654",654,0.352903333333333
"655",655,0.35286
"656",656,0.352806666666667
"657",657,0.35276
"658",658,0.352713333333333
"659",659,0.35266
"660",660,0.35261
"661",661,0.352546666666667
"662",662,0.352463333333333
"663",663,0.352383333333333
"664",664,0.352293333333333
"665",665,0.352206666666667
"666",666,0.352123333333333
"667",667,0.352043333333333
"668",668,0.351963333333333
"669",669,0.351896666666667
"670",670,0.351853333333333
"671",671,0.35179
"672",672,0.351723333333333
"673",673,0.351656666666667
"674",674,0.35155
"675",675,0.35148
"676",676,0.35143
"677",677,0.351366666666667
"678",678,0.35131
"679",679,0.35125
"680",680,0.3512
"681",681,0.351126666666667
"682",682,0.35105
"683",683,0.35096
"684",684,0.35084
"685",685,0.350726666666667
"686",686,0.3506
"687",687,0.350483333333333
"688",688,0.350366666666667
"689",689,0.35025
"690",690,0.350146666666667
"691",691,0.35002
"692",692,0.34989
"693",693,0.34975
"694",694,0.34959
"695",695,0.34945
"696",696,0.349313333333333
"697",697,0.349166666666667
"698",698,0.349016666666667
"699",699,0.348876666666667
"700",700,0.348753333333333
"701",701,0.348606666666667
"702",702,0.34847
"703",703,0.348323333333333
"704",704,0.348143333333333
"705",705,0.348
"706",706,0.347886666666667
"707",707,0.347746666666667
"708",708,0.34761
"709",709,0.347463333333333
"710",710,0.347293333333333
"711",711,0.347123333333333
"712",712,0.34696
"713",713,0.3468
"714",714,0.346633333333333
"715",715,0.346456666666667
"716",716,0.34629
"717",717,0.346123333333333
"718",718,0.345936666666667
"719",719,0.34579
"720",720,0.345676666666667
"721",721,0.345536666666667
"722",722,0.34541
"723",723,0.34526
"724",724,0.345086666666667
"725",725,0.344923333333333
"726",726,0.34477
"727",727,0.34462
"728",728,0.34448
"729",729,0.34436
"730",730,0.34422
"731",731,0.344063333333333
"732",732,0.34394
"733",733,0.343816666666667
"734",734,0.343706666666667
"735",735,0.343606666666667
"736",736,0.343496666666667
"737",737,0.343373333333333
"738",738,0.343246666666667
"739",739,0.343136666666667
"740",740,0.342996666666667
"741",741,0.34284
"742",742,0.34268
"743",743,0.3425
"744",744,0.34232
"745",745,0.342143333333333
"746",746,0.341953333333333
"747",747,0.34176
"748",748,0.341533333333333
"749",749,0.341263333333333
"750",750,0.341036666666667
"751",751,0.340806666666667
"752",752,0.34059
"753",753,0.340416666666667
"754",754,0.340216666666667
"755",755,0.339993333333333
"756",756,0.339773333333333
"757",757,0.339543333333333
"758",758,0.339323333333333
"759",759,0.33911
"760",760,0.3389
"761",761,0.338703333333333
"762",762,0.338496666666667
"763",763,0.33827
"764",764,0.338076666666667
"765",765,0.33789
"766",766,0.33772
"767",767,0.337576666666667
"768",768,0.337423333333333
"769",769,0.337263333333333
"770",770,0.33711
"771",771,0.336953333333333
"772",772,0.336826666666667
"773",773,0.336693333333333
"774",774,0.33658
"775",775,0.336483333333333
"776",776,0.336393333333333
"777",777,0.336293333333333
"778",778,0.336183333333333
"779",779,0.33608
"780",780,0.335963333333333
"781",781,0.33587
"782",782,0.335793333333333
"783",783,0.335696666666667
"784",784,0.335596666666667
"785",785,0.335526666666667
"786",786,0.335483333333333
"787",787,0.335423333333333
"788",788,0.335383333333333
"789",789,0.335326666666667
"790",790,0.335233333333333
"791",791,0.335186666666667
"792",792,0.33518
"793",793,0.335156666666667
"794",794,0.335146666666667
"795",795,0.33515
"796",796,0.335143333333333
"797",797,0.33515
"798",798,0.335196666666667
"799",799,0.335193333333333
"800",800,0.335163333333333
"801",801,0.335163333333333
"802",802,0.335143333333333
"803",803,0.335156666666667
"804",804,0.335216666666667
"805",805,0.335236666666667
"806",806,0.33525
"807",807,0.33528
"808",808,0.335296666666667
"809",809,0.335316666666667
"810",810,0.335346666666667
"811",811,0.335366666666667
"812",812,0.3354
"813",813,0.335466666666667
"814",814,0.3355
"815",815,0.33552
"816",816,0.335516666666667
"817",817,0.335486666666667
"818",818,0.33546
"819",819,0.33545
"820",820,0.33543
"821",821,0.335413333333333
"822",822,0.335406666666667
"823",823,0.335386666666667
"824",824,0.335383333333333
"825",825,0.33542
"826",826,0.335423333333333
"827",827,0.335416666666667
"828",828,0.335393333333333
"829",829,0.335333333333333
"830",830,0.33529
"831",831,0.335243333333333
"832",832,0.335286666666667
"833",833,0.335246666666667
"834",834,0.33526
"835",835,0.335173333333333
"836",836,0.335096666666667
"837",837,0.33503
"838",838,0.334873333333333
"839",839,0.334526666666667
"840",840,0.334293333333333
"841",841,0.334096666666667
"842",842,0.333906666666667
"843",843,0.333603333333333
"844",844,0.333336666666667
"845",845,0.333086666666667
"846",846,0.332613333333333
"847",847,0.33219
"848",848,0.331823333333333
"849",849,0.331316666666667
"850",850,0.33064
"851",851,0.33009
"852",852,0.329583333333333
"853",853,0.32896
"854",854,0.328436666666667
"855",855,0.327833333333333
"856",856,0.326896666666667
"857",857,0.325946666666667
"858",858,0.324943333333333
"859",859,0.323803333333333
"860",860,0.322636666666667
"861",861,0.32155
"862",862,0.320206666666667
"863",863,0.318646666666667
"864",864,0.316993333333333
"865",865,0.315343333333333
"866",866,0.31363
"867",867,0.31176
"868",868,0.309976666666667
"869",869,0.307813333333333
"870",870,0.305303333333333
"871",871,0.302756666666667
"872",872,0.30009
"873",873,0.297243333333333
"874",874,0.294306666666667
"875",875,0.291296666666667
"876",876,0.288036666666667
"877",877,0.284573333333333
"878",878,0.281003333333333
"879",879,0.277206666666667
"880",880,0.27336
"881",881,0.2694
"882",882,0.265293333333333
"883",883,0.261006666666667
"884",884,0.256736666666667
"885",885,0.252373333333333
"886",886,0.24795
"887",887,0.243313333333333
"888",888,0.23838
"889",889,0.23368
"890",890,0.228793333333333
"891",891,0.22409
"892",892,0.219576666666667
"893",893,0.21512
"894",894,0.210716666666667
"895",895,0.206206666666667
"896",896,0.20211
"897",897,0.198176666666667
"898",898,0.194483333333333
"899",899,0.191166666666667
"900",900,0.187846666666667
"901",901,0.184593333333333
"902",902,0.18163
"903",903,0.178796666666667
"904",904,0.176223333333333
"905",905,0.173853333333333
"906",906,0.171813333333333
"907",907,0.169826666666667
"908",908,0.167943333333333
"909",909,0.166336666666667
"910",910,0.165086666666667
"911",911,0.163763333333333
"912",912,0.16256
"913",913,0.16147
"914",914,0.160496666666667
"915",915,0.159516666666667
"916",916,0.158716666666667
"917",917,0.158176666666667
"918",918,0.157586666666667
"919",919,0.15697
"920",920,0.156533333333333
"921",921,0.15625
"922",922,0.156
"923",923,0.155896666666667
"924",924,0.15576
"925",925,0.1557
"926",926,0.15566
"927",927,0.15573
"928",928,0.155856666666667
"929",929,0.156083333333333
"930",930,0.156463333333333
"931",931,0.156783333333333
"932",932,0.157116666666667
"933",933,0.157526666666667
"934",934,0.15797
"935",935,0.158383333333333
"936",936,0.158933333333333
"937",937,0.15963
"938",938,0.160253333333333
"939",939,0.160936666666667
"940",940,0.161556666666667
"941",941,0.162093333333333
"942",942,0.16275
"943",943,0.1634
"944",944,0.164136666666667
"945",945,0.164943333333333
"946",946,0.16589
"947",947,0.166723333333333
"948",948,0.167553333333333
"949",949,0.168406666666667
"950",950,0.16921
"951",951,0.1701
"952",952,0.171076666666667
"953",953,0.172016666666667
"954",954,0.172973333333333
"955",955,0.17391
"956",956,0.174846666666667
"957",957,0.175743333333333
"958",958,0.176713333333333
"959",959,0.177693333333333
"960",960,0.17871
"961",961,0.179826666666667
"962",962,0.18083
"963",963,0.18178
"964",964,0.182783333333333
"965",965,0.183786666666667
"966",966,0.184766666666667
"967",967,0.185746666666667
"968",968,0.186786666666667
"969",969,0.187746666666667
"970",970,0.188566666666667
"971",971,0.18959
"972",972,0.190683333333333
"973",973,0.19182
"974",974,0.193213333333333
"975",975,0.194336666666667
"976",976,0.19531
"977",977,0.196356666666667
"978",978,0.197306666666667
"979",979,0.19827
"980",980,0.19931
"981",981,0.200503333333333
"982",982,0.201553333333333
"983",983,0.20256
"984",984,0.203586666666667
"985",985,0.20451
"986",986,0.20557
"987",987,0.206753333333333
"988",988,0.207846666666667
"989",989,0.20896
"990",990,0.210146666666667
"991",991,0.211166666666667
"992",992,0.212016666666667
"993",993,0.213006666666667
"994",994,0.213923333333333
"995",995,0.214996666666667
"996",996,0.216303333333333
"997",997,0.21739
"998",998,0.218433333333333
"999",999,0.219483333333333
"1000",1000,0.220423333333333
"1001",1001,0.22135
"1002",1002,0.22244
"1003",1003,0.22346
"1004",1004,0.224393333333333
"1005",1005,0.225226666666667
"1006",1006,0.226113333333333
"1007",1007,0.226906666666667
"1008",1008,0.227803333333333
"1009",1009,0.22885
"1010",1010,0.229743333333333
"1011",1011,0.23064
"1012",1012,0.231403333333333
"1013",1013,0.232106666666667
"1014",1014,0.232826666666667
"1015",1015,0.233673333333333
"1016",1016,0.234666666666667
"1017",1017,0.235513333333333
"1018",1018,0.236416666666667
"1019",1019,0.237206666666667
"1020",1020,0.23781
"1021",1021,0.238506666666667
"1022",1022,0.239233333333333
"1023",1023,0.23994
"1024",1024,0.240706666666667
"1025",1025,0.241346666666667
"1026",1026,0.241993333333333
"1027",1027,0.242603333333333
"1028",1028,0.243243333333333
"1029",1029,0.243903333333333
"1030",1030,0.24451
"1031",1031,0.245066666666667
"1032",1032,0.245686666666667
"1033",1033,0.246353333333333
"1034",1034,0.24695
"1035",1035,0.247636666666667
"1036",1036,0.24815
"1037",1037,0.248553333333333
"1038",1038,0.248903333333333
"1039",1039,0.249283333333333
"1040",1040,0.2499
"1041",1041,0.250443333333333
"1042",1042,0.25112
"1043",1043,0.25159
"1044",1044,0.25193
"1045",1045,0.252343333333333
"1046",1046,0.25269
"1047",1047,0.253086666666667
"1048",1048,0.253556666666667
"1049",1049,0.254
"1050",1050,0.25438
"1051",1051,0.25479
"1052",1052,0.255153333333333
"1053",1053,0.255496666666667
"1054",1054,0.255903333333333
"1055",1055,0.256313333333333
"1056",1056,0.256733333333333
"1057",1057,0.25725
"1058",1058,0.257673333333333
"1059",1059,0.257986666666667
"1060",1060,0.258426666666667
"1061",1061,0.25892
"1062",1062,0.259383333333333
"1063",1063,0.259863333333333
"1064",1064,0.260393333333333
"1065",1065,0.260816666666667
"1066",1066,0.26123
"1067",1067,0.2617
"1068",1068,0.262203333333333
"1069",1069,0.262666666666667
"1070",1070,0.263163333333333
"1071",1071,0.263636666666667
"1072",1072,0.264096666666667
"1073",1073,0.264516666666667
"1074",1074,0.264953333333333
"1075",1075,0.26525
"1076",1076,0.265546666666667
"1077",1077,0.265976666666667
"1078",1078,0.266483333333333
"1079",1079,0.267006666666667
"1080",1080,0.26744
"1081",1081,0.2678
"1082",1082,0.268173333333333
"1083",1083,0.268413333333333
"1084",1084,0.268816666666667
"1085",1085,0.269376666666667
"1086",1086,0.269776666666667
"1087",1087,0.27017
"1088",1088,0.270483333333333
"1089",1089,0.270736666666667
"1090",1090,0.271186666666667
"1091",1091,0.271673333333333
"1092",1092,0.272206666666667
"1093",1093,0.272606666666667
"1094",1094,0.27286
"1095",1095,0.273163333333333
"1096",1096,0.27333
"1097",1097,0.273663333333333
"1098",1098,0.274163333333333
"1099",1099,0.274536666666667
"1100",1100,0.274893333333333
"1101",1101,0.27532
"1102",1102,0.275623333333333
"1103",1103,0.27586
"1104",1104,0.276113333333333
"1105",1105,0.2764
"1106",1106,0.276903333333333
"1107",1107,0.277306666666667
"1108",1108,0.27775
"1109",1109,0.27822
"1110",1110,0.278553333333333
"1111",1111,0.278686666666667
"1112",1112,0.279
"1113",1113,0.279293333333333
"1114",1114,0.27967
"1115",1115,0.280176666666667
"1116",1116,0.280583333333333
"1117",1117,0.28099
"1118",1118,0.281346666666667
"1119",1119,0.28155
"1120",1120,0.28185
"1121",1121,0.28213
"1122",1122,0.28241
"1123",1123,0.28275
"1124",1124,0.282946666666667
"1125",1125,0.283256666666667
"1126",1126,0.283666666666667
"1127",1127,0.283993333333333
"1128",1128,0.284416666666667
"1129",1129,0.284656666666667
"1130",1130,0.28476
"1131",1131,0.284796666666667
"1132",1132,0.2849
"1133",1133,0.285006666666667
"1134",1134,0.28536
"1135",1135,0.285646666666667
"1136",1136,0.28587
"1137",1137,0.286196666666667
"1138",1138,0.286283333333333
"1139",1139,0.28643
"1140",1140,0.286576666666667
"1141",1141,0.286563333333333
"1142",1142,0.286703333333333
"1143",1143,0.28697
"1144",1144,0.287153333333333
"1145",1145,0.28732
"1146",1146,0.287583333333333
"1147",1147,0.287846666666667
"1148",1148,0.287743333333333
"1149",1149,0.287643333333333
"1150",1150,0.28778
"1151",1151,0.287676666666667
"1152",1152,0.28779
"1153",1153,0.287943333333333
"1154",1154,0.28772
"1155",1155,0.287806666666667
"1156",1156,0.2879
"1157",1157,0.28809
"1158",1158,0.288546666666667
"1159",1159,0.28864
"1160",1160,0.2885
"1161",1161,0.288423333333333
"1162",1162,0.288223333333333
"1163",1163,0.287936666666667
"1164",1164,0.287833333333333
"1165",1165,0.287726666666667
"1166",1166,0.287783333333333
"1167",1167,0.287743333333333
"1168",1168,0.28754
"1169",1169,0.287606666666667
"1170",1170,0.287566666666667
"1171",1171,0.28744
"1172",1172,0.287756666666667
"1173",1173,0.287916666666667
"1174",1174,0.2878
"1175",1175,0.287943333333333
"1176",1176,0.287946666666667
"1177",1177,0.287733333333333
"1178",1178,0.287703333333333
"1179",1179,0.287806666666667
"1180",1180,0.287673333333333
"1181",1181,0.287696666666667
"1182",1182,0.287493333333333
"1183",1183,0.287366666666667
"1184",1184,0.28755
"1185",1185,0.28753
"1186",1186,0.287746666666667
"1187",1187,0.2879
"1188",1188,0.287726666666667
"1189",1189,0.28775
"1190",1190,0.287733333333333
"1191",1191,0.287883333333333
"1192",1192,0.28812
"1193",1193,0.287953333333333
"1194",1194,0.28774
"1195",1195,0.28763
"1196",1196,0.28724
"1197",1197,0.287236666666667
"1198",1198,0.28763
"1199",1199,0.28782
"1200",1200,0.28779
"1201",1201,0.28782
"1202",1202,0.287663333333333
"1203",1203,0.28759
"1204",1204,0.287726666666667
"1205",1205,0.287683333333333
"1206",1206,0.28759
"1207",1207,0.287716666666667
"1208",1208,0.287886666666667
"1209",1209,0.288063333333333
"1210",1210,0.28822
"1211",1211,0.288066666666667
"1212",1212,0.287863333333333
"1213",1213,0.287763333333333
"1214",1214,0.287686666666667
"1215",1215,0.287643333333333
"1216",1216,0.28761
"1217",1217,0.287626666666667
"1218",1218,0.287666666666667
"1219",1219,0.287616666666667
"1220",1220,0.287573333333333
"1221",1221,0.287653333333333
"1222",1222,0.287616666666667
"1223",1223,0.28756
"1224",1224,0.287543333333333
"1225",1225,0.287493333333333
"1226",1226,0.28735
"1227",1227,0.28702
"1228",1228,0.286666666666667
"1229",1229,0.286283333333333
"1230",1230,0.28591
"1231",1231,0.28571
"1232",1232,0.285606666666667
"1233",1233,0.285583333333333
"1234",1234,0.285256666666667
"1235",1235,0.28492
"1236",1236,0.28463
"1237",1237,0.284206666666667
"1238",1238,0.283566666666667
"1239",1239,0.283016666666667
"1240",1240,0.282556666666667
"1241",1241,0.281656666666667
"1242",1242,0.281266666666667
"1243",1243,0.281083333333333
"1244",1244,0.280656666666667
"1245",1245,0.280593333333333
"1246",1246,0.28021
"1247",1247,0.279496666666667
"1248",1248,0.279186666666667
"1249",1249,0.278736666666667
"1250",1250,0.278093333333333
"1251",1251,0.277816666666667
"1252",1252,0.277213333333333
"1253",1253,0.276246666666667
"1254",1254,0.27564
"1255",1255,0.27501
"1256",1256,0.274513333333333
"1257",1257,0.27442
"1258",1258,0.274033333333333
"1259",1259,0.273523333333333
"1260",1260,0.27306
"1261",1261,0.272353333333333
"1262",1262,0.271883333333333
"1263",1263,0.2716
"1264",1264,0.27123
"1265",1265,0.270983333333333
"1266",1266,0.2709
"1267",1267,0.270363333333333
"1268",1268,0.269903333333333
"1269",1269,0.26938
"1270",1270,0.268716666666667
"1271",1271,0.26844
"1272",1272,0.268056666666667
"1273",1273,0.26764
"1274",1274,0.267476666666667
"1275",1275,0.267113333333333
"1276",1276,0.267036666666667
"1277",1277,0.266953333333333
"1278",1278,0.266433333333333
"1279",1279,0.26636
"1280",1280,0.2663
"1281",1281,0.26626
"1282",1282,0.266613333333333
"1283",1283,0.266556666666667
"1284",1284,0.266236666666667
"1285",1285,0.265943333333333
"1286",1286,0.265273333333333
"1287",1287,0.264926666666667
"1288",1288,0.264973333333333
"1289",1289,0.26456
"1290",1290,0.263876666666667
"1291",1291,0.26359
"1292",1292,0.263196666666667
"1293",1293,0.262823333333333
"1294",1294,0.263256666666667
"1295",1295,0.263223333333333
"1296",1296,0.26265
"1297",1297,0.262253333333333
"1298",1298,0.26149
"1299",1299,0.261043333333333
"1300",1300,0.260783333333333
"1301",1301,0.260166666666667
"1302",1302,0.25966
"1303",1303,0.259073333333333
"1304",1304,0.258906666666667
"1305",1305,0.258853333333333
"1306",1306,0.25841
"1307",1307,0.258106666666667
"1308",1308,0.257353333333333
"1309",1309,0.256643333333333
"1310",1310,0.256283333333333
"1311",1311,0.256156666666667
"1312",1312,0.255946666666667
"1313",1313,0.256116666666667
"1314",1314,0.256036666666667
"1315",1315,0.25588
"1316",1316,0.255786666666667
"1317",1317,0.255613333333333
"1318",1318,0.255196666666667
"1319",1319,0.25452
"1320",1320,0.254223333333333
"1321",1321,0.253876666666667
"1322",1322,0.253866666666667
"1323",1323,0.25429
"1324",1324,0.254566666666667
"1325",1325,0.25414
"1326",1326,0.253746666666667
"1327",1327,0.253056666666667
"1328",1328,0.252083333333333
"1329",1329,0.252136666666667
"1330",1330,0.252533333333333
"1331",1331,0.2531
"1332",1332,0.253486666666667
"1333",1333,0.252886666666667
"1334",1334,0.25203
"1335",1335,0.251023333333333
"1336",1336,0.250206666666667
"1337",1337,0.249986666666667
"1338",1338,0.24965
"1339",1339,0.249336666666667
"1340",1340,0.249003333333333
"1341",1341,0.24841
"1342",1342,0.24826
"1343",1343,0.248236666666667
"1344",1344,0.248206666666667
"1345",1345,0.247913333333333
"1346",1346,0.2474
"1347",1347,0.246803333333333
"1348",1348,0.24573
"1349",1349,0.245473333333333
"1350",1350,0.24594
"1351",1351,0.245713333333333
"1352",1352,0.24539
"1353",1353,0.245073333333333
"1354",1354,0.2441
"1355",1355,0.243816666666667
"1356",1356,0.244536666666667
"1357",1357,0.244466666666667
"1358",1358,0.243966666666667
"1359",1359,0.243686666666667
"1360",1360,0.243093333333333
"1361",1361,0.24267
"1362",1362,0.242576666666667
"1363",1363,0.242366666666667
"1364",1364,0.24208
"1365",1365,0.241873333333333
"1366",1366,0.241773333333333
"1367",1367,0.24157
"1368",1368,0.241256666666667
"1369",1369,0.24104
"1370",1370,0.240926666666667
"1371",1371,0.240463333333333
"1372",1372,0.23996
"1373",1373,0.239193333333333
"1374",1374,0.23814
"1375",1375,0.237796666666667
"1376",1376,0.23723
"1377",1377,0.23663
"1378",1378,0.236333333333333
"1379",1379,0.235376666666667
"1380",1380,0.235473333333333
"1381",1381,0.235963333333333
"1382",1382,0.235493333333333
"1383",1383,0.235406666666667
"1384",1384,0.234553333333333
"1385",1385,0.23302
"1386",1386,0.23273
"1387",1387,0.233013333333333
"1388",1388,0.233143333333333
"1389",1389,0.233296666666667
"1390",1390,0.232813333333333
"1391",1391,0.23191
"1392",1392,0.2315
"1393",1393,0.231433333333333
"1394",1394,0.230763333333333
"1395",1395,0.229873333333333
"1396",1396,0.229166666666667
"1397",1397,0.22803
"1398",1398,0.227606666666667
"1399",1399,0.22789
"1400",1400,0.227766666666667
"1401",1401,0.22783
"1402",1402,0.22706
"1403",1403,0.225836666666667
"1404",1404,0.224936666666667
"1405",1405,0.223233333333333
"1406",1406,0.222583333333333
"1407",1407,0.222843333333333
"1408",1408,0.222326666666667
"1409",1409,0.222276666666667
"1410",1410,0.221386666666667
"1411",1411,0.219233333333333
"1412",1412,0.218496666666667
"1413",1413,0.217823333333333
"1414",1414,0.21766
"1415",1415,0.218996666666667
"1416",1416,0.219173333333333
"1417",1417,0.21915
"1418",1418,0.218413333333333
"1419",1419,0.216956666666667
"1420",1420,0.2157
"1421",1421,0.213423333333333
"1422",1422,0.212576666666667
"1423",1423,0.212533333333333
"1424",1424,0.212196666666667
"1425",1425,0.212916666666667
"1426",1426,0.212816666666667
"1427",1427,0.21247
"1428",1428,0.21163
"1429",1429,0.209923333333333
"1430",1430,0.208483333333333
"1431",1431,0.206286666666667
"1432",1432,0.205106666666667
"1433",1433,0.204533333333333
"1434",1434,0.204376666666667
"1435",1435,0.205813333333333
"1436",1436,0.205326666666667
"1437",1437,0.203923333333333
"1438",1438,0.202826666666667
"1439",1439,0.200023333333333
"1440",1440,0.199033333333333
"1441",1441,0.200093333333333
"1442",1442,0.199696666666667
"1443",1443,0.199233333333333
"1444",1444,0.19848
"1445",1445,0.196356666666667
"1446",1446,0.195416666666667
"1447",1447,0.195633333333333
"1448",1448,0.195023333333333
"1449",1449,0.19456
"1450",1450,0.193673333333333
"1451",1451,0.191473333333333
"1452",1452,0.190553333333333
"1453",1453,0.190933333333333
"1454",1454,0.189906666666667
"1455",1455,0.18814
"1456",1456,0.187423333333333
"1457",1457,0.185463333333333
"1458",1458,0.185473333333333
"1459",1459,0.189013333333333
"1460",1460,0.18981
"1461",1461,0.190016666666667
"1462",1462,0.189876666666667
"1463",1463,0.188413333333333
"1464",1464,0.186593333333333
"1465",1465,0.183213333333333
"1466",1466,0.182156666666667
"1467",1467,0.181583333333333
"1468",1468,0.18123
"1469",1469,0.184633333333333
"1470",1470,0.184303333333333
"1471",1471,0.180543333333333
"1472",1472,0.178586666666667
"1473",1473,0.175143333333333
"1474",1474,0.17346
"1475",1475,0.174666666666667
"1476",1476,0.173706666666667
"1477",1477,0.172263333333333
"1478",1478,0.170893333333333
"1479",1479,0.16672
"1480",1480,0.16624
"1481",1481,0.16849
"1482",1482,0.1699
"1483",1483,0.175253333333333
"1484",1484,0.17575
"1485",1485,0.17295
"1486",1486,0.17044
"1487",1487,0.16375
"1488",1488,0.161176666666667
"1489",1489,0.15929
"1490",1490,0.159973333333333
"1491",1491,0.165786666666667
"1492",1492,0.168036666666667
"1493",1493,0.17215
"1494",1494,0.17188
"1495",1495,0.16508
"1496",1496,0.16382
"1497",1497,0.1633
"1498",1498,0.16273
"1499",1499,0.16678
"1500",1500,0.166486666666667
"1501",1501,0.161393333333333
"1502",1502,0.050938
"1503",1503,0.0408326666666667
"1504",1504,0.035107
"1505",1505,0.0451386666666667
"1506",1506,0.051989
"1507",1507,0.0510113333333333
"1508",1508,0.042113
"1509",1509,0.0278876666666667
"1510",1510,0.0395686666666667
"1511",1511,0.0674756666666667
"1512",1512,0.0488756666666667
"1513",1513,0.0385736666666667
"1514",1514,0.0412523333333333
"1515",1515,0.0371556666666667
"1516",1516,0.028589
"1517",1517,0.025965
"1518",1518,0.0373076666666667
"1519",1519,0.0362683333333333
"1520",1520,0.033947
"1521",1521,0.038631
"1522",1522,0.0387396666666667
"1523",1523,0.0430476666666667
"1524",1524,0.049519
"1525",1525,0.0385883333333333
"1526",1526,0.033068
"1527",1527,0.0368913333333333
"1528",1528,0.043706
"1529",1529,0.0399353333333333
"1530",1530,0.0343233333333333
"1531",1531,0.0384806666666667
"1532",1532,0.038459
"1533",1533,0.0400763333333333
"1534",1534,0.045227
"1535",1535,0.0390633333333333
"1536",1536,0.0340076666666667
"1537",1537,0.0357506666666667
"1538",1538,0.0438886666666667
"1539",1539,0.0417133333333333
"1540",1540,0.035487
"1541",1541,0.0425996666666667
"1542",1542,0.0436333333333333
"1543",1543,0.0419286666666667
"1544",1544,0.0434163333333333
"1545",1545,0.0390406666666667
"1546",1546,0.0368346666666667
"1547",1547,0.040624
"1548",1548,0.0416836666666667
"1549",1549,0.040829
"1550",1550,0.039769
"1551",1551,0.041924
"1552",1552,0.041517
"1553",1553,0.039689
"1554",1554,0.04034
"1555",1555,0.0418403333333333
"1556",1556,0.041872
"1557",1557,0.039649
"1558",1558,0.042598
"1559",1559,0.0447496666666667
"1560",1560,0.0432916666666667
"1561",1561,0.0432636666666667
"1562",1562,0.0423166666666667
"1563",1563,0.0409056666666667
"1564",1564,0.0420463333333333
"1565",1565,0.0434266666666667
"1566",1566,0.0442003333333333
"1567",1567,0.0439873333333333
"1568",1568,0.0425353333333333
"1569",1569,0.0411553333333333
"1570",1570,0.041081
"1571",1571,0.0426386666666667
"1572",1572,0.043466
"1573",1573,0.0428593333333333
"1574",1574,0.043168
"1575",1575,0.0433766666666667
"1576",1576,0.043238
"1577",1577,0.0429516666666667
"1578",1578,0.0429553333333333
"1579",1579,0.0432203333333333
"1580",1580,0.0435456666666667
"1581",1581,0.0437276666666667
"1582",1582,0.044204
"1583",1583,0.0448783333333333
"1584",1584,0.0432
"1585",1585,0.042658
"1586",1586,0.0439106666666667
"1587",1587,0.042836
"1588",1588,0.042354
"1589",1589,0.042655
"1590",1590,0.042424
"1591",1591,0.0425616666666667
"1592",1592,0.0429593333333333
"1593",1593,0.0432743333333333
"1594",1594,0.0434666666666667
"1595",1595,0.0435033333333333
"1596",1596,0.0434723333333333
"1597",1597,0.0438706666666667
"1598",1598,0.0440023333333333
"1599",1599,0.0437463333333333
"1600",1600,0.0437193333333333
"1601",1601,0.043869
"1602",1602,0.0440843333333333
"1603",1603,0.0441833333333333
"1604",1604,0.044303
"1605",1605,0.044457
"1606",1606,0.044539
"1607",1607,0.0437256666666667
"1608",1608,0.0438426666666667
"1609",1609,0.045398
"1610",1610,0.045418
"1611",1611,0.044947
"1612",1612,0.0447223333333333
"1613",1613,0.0454413333333333
"1614",1614,0.04544
"1615",1615,0.04498
"1616",1616,0.0450416666666667
"1617",1617,0.0450626666666667
"1618",1618,0.0451756666666667
"1619",1619,0.0454643333333333
"1620",1620,0.045329
"1621",1621,0.0453283333333333
"1622",1622,0.0456316666666667
"1623",1623,0.0456866666666667
"1624",1624,0.0451606666666667
"1625",1625,0.044727
"1626",1626,0.0458766666666667
"1627",1627,0.0464473333333333
"1628",1628,0.0461786666666667
"1629",1629,0.0455393333333333
"1630",1630,0.0459653333333333
"1631",1631,0.0463936666666667
"1632",1632,0.046113
"1633",1633,0.0463723333333333
"1634",1634,0.046467
"1635",1635,0.0462766666666667
"1636",1636,0.0464386666666667
"1637",1637,0.0467553333333333
"1638",1638,0.046948
"1639",1639,0.046698
"1640",1640,0.04675
"1641",1641,0.0471456666666667
"1642",1642,0.0477083333333333
"1643",1643,0.0480453333333333
"1644",1644,0.0482086666666667
"1645",1645,0.048393
"1646",1646,0.0490916666666667
"1647",1647,0.0496953333333333
"1648",1648,0.0500526666666667
"1649",1649,0.0503483333333333
"1650",1650,0.0509596666666667
"1651",1651,0.0518353333333333
"1652",1652,0.0527393333333333
"1653",1653,0.0533133333333333
"1654",1654,0.0541263333333333
"1655",1655,0.055482
"1656",1656,0.056412
"1657",1657,0.0575363333333333
"1658",1658,0.058968
"1659",1659,0.0600383333333333
"1660",1660,0.0614276666666667
"1661",1661,0.063139
"1662",1662,0.0648543333333333
"1663",1663,0.0663203333333333
"1664",1664,0.0681033333333333
"1665",1665,0.0706133333333333
"1666",1666,0.0724786666666667
"1667",1667,0.0746896666666667
"1668",1668,0.077624
"1669",1669,0.080077
"1670",1670,0.082542
"1671",1671,0.085186
"1672",1672,0.08796
"1673",1673,0.090919
"1674",1674,0.0938786666666667
"1675",1675,0.0966046666666667
"1676",1676,0.0991766666666667
"1677",1677,0.101732333333333
"1678",1678,0.104313333333333
"1679",1679,0.106606666666667
"1680",1680,0.10881
"1681",1681,0.110956666666667
"1682",1682,0.112856666666667
"1683",1683,0.114416666666667
"1684",1684,0.115793333333333
"1685",1685,0.11726
"1686",1686,0.11836
"1687",1687,0.11943
"1688",1688,0.120733333333333
"1689",1689,0.12145
"1690",1690,0.121983333333333
"1691",1691,0.122586666666667
"1692",1692,0.123056666666667
"1693",1693,0.123613333333333
"1694",1694,0.124176666666667
"1695",1695,0.124463333333333
"1696",1696,0.124826666666667
"1697",1697,0.125206666666667
"1698",1698,0.125476666666667
"1699",1699,0.12579
"1700",1700,0.12612
"1701",1701,0.1264
"1702",1702,0.12658
"1703",1703,0.126626666666667
"1704",1704,0.12664
"1705",1705,0.12691
"1706",1706,0.126876666666667
"1707",1707,0.12661
"1708",1708,0.126396666666667
"1709",1709,0.12587
"1710",1710,0.125223333333333
"1711",1711,0.12464
"1712",1712,0.12388
"1713",1713,0.12291
"1714",1714,0.121776666666667
"1715",1715,0.120686666666667
"1716",1716,0.119406666666667
"1717",1717,0.11789
"1718",1718,0.116213333333333
"1719",1719,0.114653333333333
"1720",1720,0.11302
"1721",1721,0.111123333333333
"1722",1722,0.109493333333333
"1723",1723,0.1078
"1724",1724,0.105926666666667
"1725",1725,0.104294333333333
"1726",1726,0.102619
"1727",1727,0.100963333333333
"1728",1728,0.0996536666666667
"1729",1729,0.0981356666666667
"1730",1730,0.096684
"1731",1731,0.0956836666666667
"1732",1732,0.0944363333333333
"1733",1733,0.093294
"1734",1734,0.0924516666666667
"1735",1735,0.0913416666666667
"1736",1736,0.0903656666666667
"1737",1737,0.0895803333333333
"1738",1738,0.0886746666666667
"1739",1739,0.0879543333333333
"1740",1740,0.087268
"1741",1741,0.0863493333333333
"1742",1742,0.0857303333333333
"1743",1743,0.0851953333333333
"1744",1744,0.084541
"1745",1745,0.084008
"1746",1746,0.083496
"1747",1747,0.082989
"1748",1748,0.0825986666666667
"1749",1749,0.082335
"1750",1750,0.0820766666666667
"1751",1751,0.0816446666666667
"1752",1752,0.081333
"1753",1753,0.081056
"1754",1754,0.0806903333333333
"1755",1755,0.080309
"1756",1756,0.079893
"1757",1757,0.0794303333333333
"1758",1758,0.078921
"1759",1759,0.078403
"1760",1760,0.0778326666666667
"1761",1761,0.0771386666666667
"1762",1762,0.076713
"1763",1763,0.07632
"1764",1764,0.075674
"1765",1765,0.0750306666666667
"1766",1766,0.0743363333333333
"1767",1767,0.0736316666666667
"1768",1768,0.0732093333333333
"1769",1769,0.0726466666666667
"1770",1770,0.0719493333333333
"1771",1771,0.0713903333333333
"1772",1772,0.0709096666666667
"1773",1773,0.070456
"1774",1774,0.069998
"1775",1775,0.0696806666666667
"1776",1776,0.0693613333333333
"1777",1777,0.0689763333333333
"1778",1778,0.068648
"1779",1779,0.068455
"1780",1780,0.0683473333333333
"1781",1781,0.0681683333333333
"1782",1782,0.067986
"1783",1783,0.0677693333333333
"1784",1784,0.0674716666666667
"1785",1785,0.0671263333333333
"1786",1786,0.0667713333333333
"1787",1787,0.066405
"1788",1788,0.0659453333333333
"1789",1789,0.0653623333333333
"1790",1790,0.064692
"1791",1791,0.0640283333333333
"1792",1792,0.0631756666666667
"1793",1793,0.062237
"1794",1794,0.061385
"1795",1795,0.0604636666666667
"1796",1796,0.059594
"1797",1797,0.058815
"1798",1798,0.0578626666666667
"1799",1799,0.0571023333333333
"1800",1800,0.0565316666666667
"1801",1801,0.055805
"1802",1802,0.0552983333333333
"1803",1803,0.054957
"1804",1804,0.0546086666666667
"1805",1805,0.054326
"1806",1806,0.0540666666666667
"1807",1807,0.0538143333333333
"1808",1808,0.053677
"1809",1809,0.0533646666666667
"1810",1810,0.0529033333333333
"1811",1811,0.0526126666666667
"1812",1812,0.052236
"1813",1813,0.051829
"1814",1814,0.0515206666666667
"1815",1815,0.0512346666666667
"1816",1816,0.050969
"1817",1817,0.0507176666666667
"1818",1818,0.0504313333333333
"1819",1819,0.050273
"1820",1820,0.0502316666666667
"1821",1821,0.0501373333333333
"1822",1822,0.050237
"1823",1823,0.05044
"1824",1824,0.0505956666666667
"1825",1825,0.0509233333333333
"1826",1826,0.051322
"1827",1827,0.0517276666666667
"1828",1828,0.0522496666666667
"1829",1829,0.052722
"1830",1830,0.0531933333333333
"1831",1831,0.053896
"1832",1832,0.054736
"1833",1833,0.055579
"1834",1834,0.0563313333333333
"1835",1835,0.0572286666666667
"1836",1836,0.0583123333333333
"1837",1837,0.0595916666666667
"1838",1838,0.0610383333333333
"1839",1839,0.0627113333333333
"1840",1840,0.0646346666666667
"1841",1841,0.0668083333333333
"1842",1842,0.0697323333333333
"1843",1843,0.0732593333333333
"1844",1844,0.077174
"1845",1845,0.0819036666666667
"1846",1846,0.0873153333333333
"1847",1847,0.0933233333333333
"1848",1848,0.100004666666667
"1849",1849,0.107306666666667
"1850",1850,0.11511
"1851",1851,0.12325
"1852",1852,0.13172
"1853",1853,0.140443333333333
"1854",1854,0.149333333333333
"1855",1855,0.158263333333333
"1856",1856,0.167083333333333
"1857",1857,0.17577
"1858",1858,0.184526666666667
"1859",1859,0.19313
"1860",1860,0.201543333333333
"1861",1861,0.209836666666667
"1862",1862,0.21808
"1863",1863,0.226213333333333
"1864",1864,0.234173333333333
"1865",1865,0.241973333333333
"1866",1866,0.2497
"1867",1867,0.25736
"1868",1868,0.26487
"1869",1869,0.272233333333333
"1870",1870,0.279416666666667
"1871",1871,0.28637
"1872",1872,0.2932
"1873",1873,0.299846666666667
"1874",1874,0.306273333333333
"1875",1875,0.312583333333333
"1876",1876,0.318666666666667
"1877",1877,0.324466666666667
"1878",1878,0.330023333333333
"1879",1879,0.33535
"1880",1880,0.340476666666667
"1881",1881,0.345423333333333
"1882",1882,0.350046666666667
"1883",1883,0.354423333333333
"1884",1884,0.358606666666667
"1885",1885,0.362503333333333
"1886",1886,0.36613
"1887",1887,0.369546666666667
"1888",1888,0.37281
"1889",1889,0.375843333333333
"1890",1890,0.37862
"1891",1891,0.381163333333333
"1892",1892,0.38359
"1893",1893,0.385793333333333
"1894",1894,0.38772
"1895",1895,0.38955
"1896",1896,0.391223333333333
"1897",1897,0.3927
"1898",1898,0.393956666666667
"1899",1899,0.395076666666667
"1900",1900,0.39607
"1901",1901,0.396923333333333
"1902",1902,0.39771
"1903",1903,0.39837
"1904",1904,0.398916666666667
"1905",1905,0.39942
"1906",1906,0.399826666666667
"1907",1907,0.40017
"1908",1908,0.40051
"1909",1909,0.40073
"1910",1910,0.400893333333333
"1911",1911,0.40105
"1912",1912,0.401126666666667
"1913",1913,0.40121
"1914",1914,0.401303333333333
"1915",1915,0.401326666666667
"1916",1916,0.401293333333333
"1917",1917,0.401226666666667
"1918",1918,0.401166666666667
"1919",1919,0.401106666666667
"1920",1920,0.40101
"1921",1921,0.40089
"1922",1922,0.40079
"1923",1923,0.40065
"1924",1924,0.400523333333333
"1925",1925,0.400516666666667
"1926",1926,0.40041
"1927",1927,0.400273333333333
"1928",1928,0.400186666666667
"1929",1929,0.400016666666667
"1930",1930,0.39991
"1931",1931,0.39988
"1932",1932,0.399796666666667
"1933",1933,0.39972
"1934",1934,0.399653333333333
"1935",1935,0.399586666666667
"1936",1936,0.3995
"1937",1937,0.399446666666667
"1938",1938,0.399443333333333
"1939",1939,0.399376666666667
"1940",1940,0.399326666666667
"1941",1941,0.399286666666667
"1942",1942,0.39917
"1943",1943,0.39918
"1944",1944,0.399183333333333
"1945",1945,0.399046666666667
"1946",1946,0.399033333333333
"1947",1947,0.399043333333333
"1948",1948,0.399023333333333
"1949",1949,0.399003333333333
"1950",1950,0.398986666666667
"1951",1951,0.39896
"1952",1952,0.398916666666667
"1953",1953,0.398903333333333
"1954",1954,0.398916666666667
"1955",1955,0.39893
"1956",1956,0.39886
"1957",1957,0.398843333333333
"1958",1958,0.39888
"1959",1959,0.398883333333333
"1960",1960,0.398866666666667
"1961",1961,0.398856666666667
"1962",1962,0.39885
"1963",1963,0.398793333333333
"1964",1964,0.39879
"1965",1965,0.39884
"1966",1966,0.398736666666667
"1967",1967,0.39876
"1968",1968,0.398853333333333
"1969",1969,0.398856666666667
"1970",1970,0.398793333333333
"1971",1971,0.39875
"1972",1972,0.398776666666667
"1973",1973,0.39878
"1974",1974,0.39881
"1975",1975,0.398823333333333
"1976",1976,0.398746666666667
"1977",1977,0.398743333333333
"1978",1978,0.398746666666667
"1979",1979,0.398686666666667
"1980",1980,0.398743333333333
"1981",1981,0.398786666666667
"1982",1982,0.39878
"1983",1983,0.398836666666667
"1984",1984,0.39882
"1985",1985,0.398776666666667
"1986",1986,0.39881
"1987",1987,0.398773333333333
"1988",1988,0.39876
"1989",1989,0.39881
"1990",1990,0.398766666666667
"1991",1991,0.398816666666667
"1992",1992,0.39889
"1993",1993,0.398773333333333
"1994",1994,0.398736666666667
"1995",1995,0.398736666666667
"1996",1996,0.398716666666667
"1997",1997,0.398753333333333
"1998",1998,0.398806666666667
"1999",1999,0.398826666666667
"2000",2000,0.39879
"2001",2001,0.39873
"2002",2002,0.39868
"2003",2003,0.39867
"2004",2004,0.39862
"2005",2005,0.3986
"2006",2006,0.39864
"2007",2007,0.398683333333333
"2008",2008,0.39866
"2009",2009,0.398603333333333
"2010",2010,0.398593333333333
"2011",2011,0.398546666666667
"2012",2012,0.398526666666667
"2013",2013,0.398546666666667
"2014",2014,0.398436666666667
"2015",2015,0.398403333333333
"2016",2016,0.398433333333333
"2017",2017,0.398386666666667
"2018",2018,0.398386666666667
"2019",2019,0.398363333333333
"2020",2020,0.39827
"2021",2021,0.39825
"2022",2022,0.398213333333333
"2023",2023,0.398153333333333
"2024",2024,0.39819
"2025",2025,0.39817
"2026",2026,0.39814
"2027",2027,0.39816
"2028",2028,0.39804
"2029",2029,0.397973333333333
"2030",2030,0.398023333333333
"2031",2031,0.398013333333333
"2032",2032,0.398046666666667
"2033",2033,0.398046666666667
"2034",2034,0.39794
"2035",2035,0.39791
"2036",2036,0.397873333333333
"2037",2037,0.397806666666667
"2038",2038,0.39782
"2039",2039,0.39784
"2040",2040,0.397816666666667
"2041",2041,0.39773
"2042",2042,0.39764
"2043",2043,0.397653333333333
"2044",2044,0.39776
"2045",2045,0.397646666666667
"2046",2046,0.397546666666667
"2047",2047,0.39753
"2048",2048,0.397576666666667
"2049",2049,0.39761
"2050",2050,0.3976
"2051",2051,0.39754
"2052",2052,0.39737
"2053",2053,0.39738
"2054",2054,0.397516666666667
"2055",2055,0.397396666666667
"2056",2056,0.397243333333333
"2057",2057,0.397216666666667
"2058",2058,0.397363333333333
"2059",2059,0.39729
"2060",2060,0.397173333333333
"2061",2061,0.397113333333333
"2062",2062,0.39711
"2063",2063,0.397143333333333
"2064",2064,0.397156666666667
"2065",2065,0.39711
"2066",2066,0.39705
"2067",2067,0.396986666666667
"2068",2068,0.39692
"2069",2069,0.396873333333333
"2070",2070,0.396853333333333
"2071",2071,0.39684
"2072",2072,0.39679
"2073",2073,0.39675
"2074",2074,0.396706666666667
"2075",2075,0.39666
"2076",2076,0.396586666666667
"2077",2077,0.39655
"2078",2078,0.39659
"2079",2079,0.39669
"2080",2080,0.396613333333333
"2081",2081,0.39648
"2082",2082,0.39639
"2083",2083,0.396323333333333
"2084",2084,0.39622
"2085",2085,0.3961
"2086",2086,0.39599
"2087",2087,0.39584
"2088",2088,0.395796666666667
"2089",2089,0.395886666666667
"2090",2090,0.395703333333333
"2091",2091,0.395616666666667
"2092",2092,0.395636666666667
"2093",2093,0.39555
"2094",2094,0.395493333333333
"2095",2095,0.395433333333333
"2096",2096,0.395336666666667
"2097",2097,0.39537
"2098",2098,0.395306666666667
"2099",2099,0.39517
"2100",2100,0.395146666666667
"2101",2101,0.39508
"2102",2102,0.394913333333333
"2103",2103,0.394686666666667
"2104",2104,0.39474
"2105",2105,0.394653333333333
"2106",2106,0.394396666666667
"2107",2107,0.394233333333333
"2108",2108,0.394306666666667
"2109",2109,0.394316666666667
"2110",2110,0.394043333333333
"2111",2111,0.393906666666667
"2112",2112,0.393866666666667
"2113",2113,0.393836666666667
"2114",2114,0.393696666666667
"2115",2115,0.39356
"2116",2116,0.393413333333333
"2117",2117,0.39327
"2118",2118,0.393373333333333
"2119",2119,0.393393333333333
"2120",2120,0.393316666666667
"2121",2121,0.393376666666667
"2122",2122,0.393366666666667
"2123",2123,0.393196666666667
"2124",2124,0.39294
"2125",2125,0.393053333333333
"2126",2126,0.393086666666667
"2127",2127,0.392956666666667
"2128",2128,0.392883333333333
"2129",2129,0.392933333333333
"2130",2130,0.392893333333333
"2131",2131,0.39268
"2132",2132,0.392796666666667
"2133",2133,0.392736666666667
"2134",2134,0.392586666666667
"2135",2135,0.392916666666667
"2136",2136,0.392896666666667
"2137",2137,0.392783333333333
"2138",2138,0.392853333333333
"2139",2139,0.392693333333333
"2140",2140,0.392486666666667
"2141",2141,0.39243
"2142",2142,0.3927
"2143",2143,0.392393333333333
"2144",2144,0.392146666666667
"2145",2145,0.392433333333333
"2146",2146,0.392233333333333
"2147",2147,0.392156666666667
"2148",2148,0.392273333333333
"2149",2149,0.3923
"2150",2150,0.392313333333333
"2151",2151,0.392106666666667
