"","wavelength","moss_mean_reflectance"
"1",1,0.564316923076923
"2",2,0.563760769230769
"3",3,0.564246923076923
"4",4,0.564840769230769
"5",5,0.565382307692308
"6",6,0.566005384615385
"7",7,0.566782307692308
"8",8,0.567477692307692
"9",9,0.568144615384615
"10",10,0.568841538461539
"11",11,0.569534615384615
"12",12,0.570093846153846
"13",13,0.570694615384615
"14",14,0.571363846153846
"15",15,0.572018461538462
"16",16,0.572706153846154
"17",17,0.573353846153846
"18",18,0.574015384615385
"19",19,0.574626153846154
"20",20,0.575163846153846
"21",21,0.575753846153846
"22",22,0.576339230769231
"23",23,0.576928461538462
"24",24,0.577617692307692
"25",25,0.578246153846154
"26",26,0.578841538461538
"27",27,0.579502307692308
"28",28,0.580155384615385
"29",29,0.580798461538462
"30",30,0.581390769230769
"31",31,0.581975384615385
"32",32,0.582563846153846
"33",33,0.583113076923077
"34",34,0.583653846153846
"35",35,0.584243846153846
"36",36,0.584760769230769
"37",37,0.585212307692308
"38",38,0.585682307692308
"39",39,0.586215384615385
"40",40,0.586791538461538
"41",41,0.587308461538462
"42",42,0.587807692307692
"43",43,0.588300769230769
"44",44,0.588746153846154
"45",45,0.589133846153846
"46",46,0.589478461538462
"47",47,0.589904615384615
"48",48,0.590366923076923
"49",49,0.590783846153846
"50",50,0.591136153846154
"51",51,0.591606923076923
"52",52,0.591956153846154
"53",53,0.592226923076923
"54",54,0.592644615384615
"55",55,0.593023846153846
"56",56,0.593388461538462
"57",57,0.593774615384615
"58",58,0.59408
"59",59,0.594416153846154
"60",60,0.594768461538462
"61",61,0.595041538461539
"62",62,0.595265384615385
"63",63,0.595535384615385
"64",64,0.595799230769231
"65",65,0.595963846153846
"66",66,0.5962
"67",67,0.59652
"68",68,0.596763846153846
"69",69,0.59693
"70",70,0.597113076923077
"71",71,0.597297692307692
"72",72,0.597452307692308
"73",73,0.597630769230769
"74",74,0.597762307692308
"75",75,0.597892307692308
"76",76,0.59803
"77",77,0.598146923076923
"78",78,0.598246923076923
"79",79,0.598367692307692
"80",80,0.598484615384615
"81",81,0.598446153846154
"82",82,0.598510769230769
"83",83,0.598659230769231
"84",84,0.598696153846154
"85",85,0.598735384615385
"86",86,0.598758461538462
"87",87,0.598711538461538
"88",88,0.598673076923077
"89",89,0.598640769230769
"90",90,0.598662307692308
"91",91,0.598592307692308
"92",92,0.598444615384615
"93",93,0.598359230769231
"94",94,0.598255384615385
"95",95,0.598178461538462
"96",96,0.598133846153846
"97",97,0.59806
"98",98,0.597906923076923
"99",99,0.597732307692308
"100",100,0.597573076923077
"101",101,0.597396153846154
"102",102,0.597199230769231
"103",103,0.597026153846154
"104",104,0.596868461538462
"105",105,0.596729230769231
"106",106,0.596534615384615
"107",107,0.596376153846154
"108",108,0.596150769230769
"109",109,0.595818461538462
"110",110,0.595573076923077
"111",111,0.59538
"112",112,0.5951
"113",113,0.594839230769231
"114",114,0.594551538461538
"115",115,0.594218461538462
"116",116,0.593872307692308
"117",117,0.593509230769231
"118",118,0.593103846153846
"119",119,0.592640769230769
"120",120,0.592126153846154
"121",121,0.591566153846154
"122",122,0.590998461538462
"123",123,0.590319230769231
"124",124,0.589613076923077
"125",125,0.588756923076923
"126",126,0.587801538461538
"127",127,0.586734615384615
"128",128,0.585572307692308
"129",129,0.584285384615385
"130",130,0.582853076923077
"131",131,0.581353846153846
"132",132,0.579686153846154
"133",133,0.577862307692308
"134",134,0.575888461538462
"135",135,0.573773846153846
"136",136,0.571506153846154
"137",137,0.569036153846154
"138",138,0.566557692307692
"139",139,0.564001538461538
"140",140,0.561333076923077
"141",141,0.55853
"142",142,0.555752307692308
"143",143,0.552821538461538
"144",144,0.54999
"145",145,0.547196923076923
"146",146,0.544442307692308
"147",147,0.541727692307692
"148",148,0.539124615384615
"149",149,0.53663
"150",150,0.534213076923077
"151",151,0.53195
"152",152,0.529775384615385
"153",153,0.527784615384615
"154",154,0.525936153846154
"155",155,0.524246923076923
"156",156,0.522725384615385
"157",157,0.52132
"158",158,0.520046153846154
"159",159,0.518916153846154
"160",160,0.517942307692308
"161",161,0.517053846153846
"162",162,0.516336153846154
"163",163,0.515652307692308
"164",164,0.515035384615385
"165",165,0.514476923076923
"166",166,0.514011538461538
"167",167,0.513628461538462
"168",168,0.513279230769231
"169",169,0.513034615384615
"170",170,0.51276
"171",171,0.512507692307692
"172",172,0.51227
"173",173,0.512065384615385
"174",174,0.511842307692308
"175",175,0.511616923076923
"176",176,0.511410769230769
"177",177,0.511225384615385
"178",178,0.511022307692308
"179",179,0.510839230769231
"180",180,0.510637692307692
"181",181,0.510425384615385
"182",182,0.510193076923077
"183",183,0.509954615384615
"184",184,0.509704615384615
"185",185,0.509477692307692
"186",186,0.509236923076923
"187",187,0.509027692307692
"188",188,0.508842307692308
"189",189,0.508669230769231
"190",190,0.508488461538462
"191",191,0.508356153846154
"192",192,0.50825
"193",193,0.50817
"194",194,0.508137692307692
"195",195,0.50811
"196",196,0.508088461538462
"197",197,0.508096923076923
"198",198,0.5081
"199",199,0.508157692307692
"200",200,0.508263076923077
"201",201,0.508414615384615
"202",202,0.50857
"203",203,0.508769230769231
"204",204,0.508970769230769
"205",205,0.509179230769231
"206",206,0.509405384615385
"207",207,0.509641538461538
"208",208,0.509914615384615
"209",209,0.510214615384615
"210",210,0.510515384615385
"211",211,0.510847692307692
"212",212,0.51118
"213",213,0.511485384615385
"214",214,0.511834615384615
"215",215,0.51221
"216",216,0.512613076923077
"217",217,0.513044615384615
"218",218,0.513484615384615
"219",219,0.513919230769231
"220",220,0.514366153846154
"221",221,0.514804615384615
"222",222,0.515228461538462
"223",223,0.515686923076923
"224",224,0.516168461538462
"225",225,0.516633846153846
"226",226,0.517107692307692
"227",227,0.517579230769231
"228",228,0.518045384615385
"229",229,0.518500769230769
"230",230,0.518961538461538
"231",231,0.519411538461538
"232",232,0.519852307692308
"233",233,0.520278461538462
"234",234,0.52071
"235",235,0.52114
"236",236,0.521567692307692
"237",237,0.521996153846154
"238",238,0.52242
"239",239,0.522857692307692
"240",240,0.52327
"241",241,0.523672307692308
"242",242,0.524072307692308
"243",243,0.524461538461538
"244",244,0.524843846153846
"245",245,0.525220769230769
"246",246,0.525592307692308
"247",247,0.525966153846154
"248",248,0.526324615384615
"249",249,0.526689230769231
"250",250,0.527026923076923
"251",251,0.527342307692308
"252",252,0.527639230769231
"253",253,0.527943076923077
"254",254,0.528233076923077
"255",255,0.528508461538462
"256",256,0.528767692307692
"257",257,0.529001538461539
"258",258,0.529230769230769
"259",259,0.529440769230769
"260",260,0.529647692307692
"261",261,0.52983
"262",262,0.52999
"263",263,0.530131538461538
"264",264,0.530261538461538
"265",265,0.530364615384615
"266",266,0.530452307692308
"267",267,0.530514615384615
"268",268,0.530557692307692
"269",269,0.530572307692308
"270",270,0.530576153846154
"271",271,0.530528461538462
"272",272,0.530456153846154
"273",273,0.53038
"274",274,0.530282307692308
"275",275,0.53016
"276",276,0.530022307692308
"277",277,0.529850769230769
"278",278,0.529640769230769
"279",279,0.529419230769231
"280",280,0.52917
"281",281,0.528893846153846
"282",282,0.528603846153846
"283",283,0.5283
"284",284,0.527956923076923
"285",285,0.527586153846154
"286",286,0.527188461538462
"287",287,0.526765384615385
"288",288,0.526302307692308
"289",289,0.525824615384615
"290",290,0.525296923076923
"291",291,0.524718461538462
"292",292,0.524101538461539
"293",293,0.523486923076923
"294",294,0.522816153846154
"295",295,0.52213
"296",296,0.521426923076923
"297",297,0.520643846153846
"298",298,0.519846153846154
"299",299,0.519021538461538
"300",300,0.518116153846154
"301",301,0.517187692307692
"302",302,0.516233846153846
"303",303,0.515212307692308
"304",304,0.514136923076923
"305",305,0.513028461538461
"306",306,0.51187
"307",307,0.510663076923077
"308",308,0.509415384615385
"309",309,0.508111538461538
"310",310,0.506763076923077
"311",311,0.505352307692308
"312",312,0.503876153846154
"313",313,0.502375384615385
"314",314,0.500818461538462
"315",315,0.499201538461538
"316",316,0.497574615384615
"317",317,0.495868461538462
"318",318,0.494090769230769
"319",319,0.492266923076923
"320",320,0.490373076923077
"321",321,0.488456923076923
"322",322,0.486490769230769
"323",323,0.48448
"324",324,0.482440769230769
"325",325,0.480358461538462
"326",326,0.478230769230769
"327",327,0.476082307692308
"328",328,0.473880769230769
"329",329,0.471612307692308
"330",330,0.469352307692308
"331",331,0.467047692307692
"332",332,0.464756153846154
"333",333,0.462467692307692
"334",334,0.460160769230769
"335",335,0.457842307692308
"336",336,0.455529230769231
"337",337,0.453211538461538
"338",338,0.450916923076923
"339",339,0.44863
"340",340,0.446379230769231
"341",341,0.444158461538462
"342",342,0.441929230769231
"343",343,0.439775384615385
"344",344,0.437653076923077
"345",345,0.435531538461538
"346",346,0.433483076923077
"347",347,0.431455384615385
"348",348,0.429462307692308
"349",349,0.427519230769231
"350",350,0.425620769230769
"351",351,0.423745384615385
"352",352,0.421906923076923
"353",353,0.420081538461538
"354",354,0.418300769230769
"355",355,0.416504615384615
"356",356,0.414729230769231
"357",357,0.412921538461538
"358",358,0.411113846153846
"359",359,0.409266923076923
"360",360,0.407416153846154
"361",361,0.405521538461538
"362",362,0.403569230769231
"363",363,0.401584615384615
"364",364,0.399511538461538
"365",365,0.397362307692308
"366",366,0.395143846153846
"367",367,0.392787692307692
"368",368,0.390323846153846
"369",369,0.38773
"370",370,0.384969230769231
"371",371,0.382105384615385
"372",372,0.379079230769231
"373",373,0.375864615384615
"374",374,0.37245
"375",375,0.368864615384615
"376",376,0.365011538461538
"377",377,0.360939230769231
"378",378,0.356616153846154
"379",379,0.35206
"380",380,0.347245384615385
"381",381,0.342161538461538
"382",382,0.336872307692308
"383",383,0.331326923076923
"384",384,0.325598461538462
"385",385,0.319682307692308
"386",386,0.313604615384615
"387",387,0.307346153846154
"388",388,0.301052307692308
"389",389,0.294673076923077
"390",390,0.288267692307692
"391",391,0.281899230769231
"392",392,0.275480769230769
"393",393,0.269131538461538
"394",394,0.262850769230769
"395",395,0.256647692307692
"396",396,0.250638461538462
"397",397,0.244769230769231
"398",398,0.239080769230769
"399",399,0.233617692307692
"400",400,0.228295384615385
"401",401,0.223215384615385
"402",402,0.218366153846154
"403",403,0.213739230769231
"404",404,0.209330769230769
"405",405,0.205171538461538
"406",406,0.201247692307692
"407",407,0.197533076923077
"408",408,0.194043076923077
"409",409,0.190742307692308
"410",410,0.187646153846154
"411",411,0.184743076923077
"412",412,0.182052307692308
"413",413,0.179525
"414",414,0.177179692307692
"415",415,0.174988769230769
"416",416,0.172955307692308
"417",417,0.171033692307692
"418",418,0.169266230769231
"419",419,0.167619
"420",420,0.166067307692308
"421",421,0.164645538461538
"422",422,0.163319615384615
"423",423,0.162084846153846
"424",424,0.160953
"425",425,0.159892230769231
"426",426,0.15891
"427",427,0.158003230769231
"428",428,0.157159461538462
"429",429,0.156397
"430",430,0.155691538461538
"431",431,0.155036846153846
"432",432,0.154437384615385
"433",433,0.153896692307692
"434",434,0.153400846153846
"435",435,0.152968538461538
"436",436,0.152567692307692
"437",437,0.152213461538462
"438",438,0.151896461538462
"439",439,0.151614076923077
"440",440,0.151367307692308
"441",441,0.151160384615385
"442",442,0.150982461538462
"443",443,0.150848769230769
"444",444,0.150728692307692
"445",445,0.150636384615385
"446",446,0.150564153846154
"447",447,0.150511076923077
"448",448,0.150489538461538
"449",449,0.150485461538462
"450",450,0.150497846153846
"451",451,0.150532923076923
"452",452,0.150576384615385
"453",453,0.150640384615385
"454",454,0.150731307692308
"455",455,0.150842307692308
"456",456,0.150971846153846
"457",457,0.151118
"458",458,0.151288846153846
"459",459,0.151491384615385
"460",460,0.151724769230769
"461",461,0.151999846153846
"462",462,0.152305
"463",463,0.152646538461538
"464",464,0.153026769230769
"465",465,0.153440769230769
"466",466,0.153900769230769
"467",467,0.154400923076923
"468",468,0.154943307692308
"469",469,0.155525923076923
"470",470,0.156150615384615
"471",471,0.156812538461538
"472",472,0.157518384615385
"473",473,0.158249923076923
"474",474,0.159021923076923
"475",475,0.159821307692308
"476",476,0.160656461538462
"477",477,0.161514230769231
"478",478,0.162399923076923
"479",479,0.163309846153846
"480",480,0.164248846153846
"481",481,0.165203461538462
"482",482,0.166186461538462
"483",483,0.167184692307692
"484",484,0.168201923076923
"485",485,0.169230769230769
"486",486,0.170284076923077
"487",487,0.171338692307692
"488",488,0.172413615384615
"489",489,0.173499153846154
"490",490,0.174589
"491",491,0.175702307692308
"492",492,0.176817538461538
"493",493,0.177935384615385
"494",494,0.179076923076923
"495",495,0.180214615384615
"496",496,0.181368461538462
"497",497,0.18254
"498",498,0.183715384615385
"499",499,0.184903846153846
"500",500,0.186094615384615
"501",501,0.187292307692308
"502",502,0.188490769230769
"503",503,0.189686153846154
"504",504,0.190900769230769
"505",505,0.192112307692308
"506",506,0.193313076923077
"507",507,0.19453
"508",508,0.19574
"509",509,0.196952307692308
"510",510,0.198169230769231
"511",511,0.199396923076923
"512",512,0.200619230769231
"513",513,0.201839230769231
"514",514,0.203056153846154
"515",515,0.204276923076923
"516",516,0.205488461538462
"517",517,0.206693076923077
"518",518,0.207900769230769
"519",519,0.209106923076923
"520",520,0.210306923076923
"521",521,0.211506153846154
"522",522,0.212700769230769
"523",523,0.213893076923077
"524",524,0.215077692307692
"525",525,0.216253846153846
"526",526,0.217426923076923
"527",527,0.218594615384615
"528",528,0.219753846153846
"529",529,0.220913076923077
"530",530,0.222056923076923
"531",531,0.223187692307692
"532",532,0.224323846153846
"533",533,0.225456923076923
"534",534,0.226582307692308
"535",535,0.227701538461538
"536",536,0.228816923076923
"537",537,0.229923076923077
"538",538,0.231020769230769
"539",539,0.232117692307692
"540",540,0.233206923076923
"541",541,0.234283076923077
"542",542,0.235354615384615
"543",543,0.236426923076923
"544",544,0.23749
"545",545,0.238557692307692
"546",546,0.239613846153846
"547",547,0.240660769230769
"548",548,0.241713076923077
"549",549,0.242748461538462
"550",550,0.243787692307692
"551",551,0.244817692307692
"552",552,0.245835384615385
"553",553,0.246849230769231
"554",554,0.247847692307692
"555",555,0.248840769230769
"556",556,0.249836923076923
"557",557,0.250820769230769
"558",558,0.251803846153846
"559",559,0.252777692307692
"560",560,0.253738461538462
"561",561,0.254694615384615
"562",562,0.255638461538462
"563",563,0.256583846153846
"564",564,0.257523846153846
"565",565,0.258448461538462
"566",566,0.25937
"567",567,0.260290769230769
"568",568,0.261200769230769
"569",569,0.262102307692308
"570",570,0.263002307692308
"571",571,0.263889230769231
"572",572,0.264762307692308
"573",573,0.265642307692308
"574",574,0.266523846153846
"575",575,0.267387692307692
"576",576,0.268250769230769
"577",577,0.269099230769231
"578",578,0.269931538461538
"579",579,0.270772307692308
"580",580,0.271616923076923
"581",581,0.272452307692308
"582",582,0.273283846153846
"583",583,0.274106923076923
"584",584,0.274916923076923
"585",585,0.275732307692308
"586",586,0.276541538461538
"587",587,0.277347692307692
"588",588,0.278153846153846
"589",589,0.278960769230769
"590",590,0.279763076923077
"591",591,0.280566923076923
"592",592,0.281379230769231
"593",593,0.282172307692308
"594",594,0.282953076923077
"595",595,0.283738461538462
"596",596,0.284516923076923
"597",597,0.285295384615385
"598",598,0.286077692307692
"599",599,0.286850769230769
"600",600,0.287617692307692
"601",601,0.288375384615385
"602",602,0.289123076923077
"603",603,0.289867692307692
"604",604,0.290600769230769
"605",605,0.291338461538462
"606",606,0.29208
"607",607,0.292809230769231
"608",608,0.293532307692308
"609",609,0.294243846153846
"610",610,0.29494
"611",611,0.295635384615385
"612",612,0.296331538461538
"613",613,0.297015384615385
"614",614,0.297691538461538
"615",615,0.298359230769231
"616",616,0.299005384615385
"617",617,0.299651538461538
"618",618,0.300293076923077
"619",619,0.300924615384615
"620",620,0.301543076923077
"621",621,0.302162307692308
"622",622,0.302779230769231
"623",623,0.303383846153846
"624",624,0.303989230769231
"625",625,0.304576923076923
"626",626,0.305150769230769
"627",627,0.305720769230769
"628",628,0.306279230769231
"629",629,0.306833846153846
"630",630,0.307383076923077
"631",631,0.307921538461538
"632",632,0.308454615384615
"633",633,0.308970769230769
"634",634,0.309471538461538
"635",635,0.309963076923077
"636",636,0.310432307692308
"637",637,0.310903076923077
"638",638,0.311374615384615
"639",639,0.311826923076923
"640",640,0.312267692307692
"641",641,0.312695384615385
"642",642,0.313107692307692
"643",643,0.313505384615385
"644",644,0.313896923076923
"645",645,0.314262307692308
"646",646,0.314605384615385
"647",647,0.314937692307692
"648",648,0.315254615384615
"649",649,0.315545384615385
"650",650,0.315823076923077
"651",651,0.316074615384615
"652",652,0.316289230769231
"653",653,0.316501538461538
"654",654,0.316698461538462
"655",655,0.316883076923077
"656",656,0.317068461538462
"657",657,0.317226923076923
"658",658,0.317356153846154
"659",659,0.317489230769231
"660",660,0.317613076923077
"661",661,0.317722307692308
"662",662,0.317826923076923
"663",663,0.317920769230769
"664",664,0.317993076923077
"665",665,0.318066153846154
"666",666,0.318138461538462
"667",667,0.318196153846154
"668",668,0.318253846153846
"669",669,0.318286923076923
"670",670,0.318308461538462
"671",671,0.318308461538462
"672",672,0.318277692307692
"673",673,0.318247692307692
"674",674,0.318206153846154
"675",675,0.318149230769231
"676",676,0.318087692307692
"677",677,0.317998461538462
"678",678,0.31788
"679",679,0.31776
"680",680,0.317616923076923
"681",681,0.317470769230769
"682",682,0.317323846153846
"683",683,0.317143846153846
"684",684,0.316938461538462
"685",685,0.316721538461538
"686",686,0.316482307692308
"687",687,0.316229230769231
"688",688,0.315961538461538
"689",689,0.315678461538462
"690",690,0.315372307692308
"691",691,0.315053076923077
"692",692,0.314728461538462
"693",693,0.314370769230769
"694",694,0.313992307692308
"695",695,0.313590769230769
"696",696,0.313165384615385
"697",697,0.312720769230769
"698",698,0.312256923076923
"699",699,0.311766923076923
"700",700,0.311247692307692
"701",701,0.310723846153846
"702",702,0.310178461538462
"703",703,0.309634615384615
"704",704,0.309080769230769
"705",705,0.308528461538462
"706",706,0.307966923076923
"707",707,0.30742
"708",708,0.306876923076923
"709",709,0.306335384615385
"710",710,0.305803846153846
"711",711,0.305263846153846
"712",712,0.30472
"713",713,0.304187692307692
"714",714,0.303652307692308
"715",715,0.303121538461538
"716",716,0.302596923076923
"717",717,0.302072307692308
"718",718,0.301546923076923
"719",719,0.301016923076923
"720",720,0.300488461538462
"721",721,0.299946923076923
"722",722,0.299392307692308
"723",723,0.298845384615385
"724",724,0.298299230769231
"725",725,0.297733076923077
"726",726,0.297176153846154
"727",727,0.296601538461538
"728",728,0.296020769230769
"729",729,0.295463846153846
"730",730,0.294899230769231
"731",731,0.294342307692308
"732",732,0.293796153846154
"733",733,0.293260769230769
"734",734,0.292739230769231
"735",735,0.29221
"736",736,0.291664615384615
"737",737,0.291101538461538
"738",738,0.290523846153846
"739",739,0.289953846153846
"740",740,0.289339230769231
"741",741,0.288694615384615
"742",742,0.288025384615385
"743",743,0.287320769230769
"744",744,0.286587692307692
"745",745,0.285816153846154
"746",746,0.285041538461538
"747",747,0.284230769230769
"748",748,0.283426923076923
"749",749,0.282633076923077
"750",750,0.281812307692308
"751",751,0.280969230769231
"752",752,0.280127692307692
"753",753,0.279259230769231
"754",754,0.278413846153846
"755",755,0.277583076923077
"756",756,0.276749230769231
"757",757,0.275913846153846
"758",758,0.275094615384615
"759",759,0.274270769230769
"760",760,0.273477692307692
"761",761,0.272696153846154
"762",762,0.271942307692308
"763",763,0.271216923076923
"764",764,0.270500769230769
"765",765,0.269798461538462
"766",766,0.269134615384615
"767",767,0.268480769230769
"768",768,0.267879230769231
"769",769,0.267332307692308
"770",770,0.266776153846154
"771",771,0.266246923076923
"772",772,0.265736923076923
"773",773,0.265246923076923
"774",774,0.264787692307692
"775",775,0.264351538461538
"776",776,0.263921538461538
"777",777,0.263505384615385
"778",778,0.263119230769231
"779",779,0.262758461538462
"780",780,0.262415384615385
"781",781,0.262119230769231
"782",782,0.261843076923077
"783",783,0.261579230769231
"784",784,0.261338461538462
"785",785,0.261110769230769
"786",786,0.260901538461538
"787",787,0.260713846153846
"788",788,0.260550769230769
"789",789,0.260416923076923
"790",790,0.260313846153846
"791",791,0.26022
"792",792,0.260145384615385
"793",793,0.260093076923077
"794",794,0.260063846153846
"795",795,0.260046153846154
"796",796,0.260055384615385
"797",797,0.260065384615385
"798",798,0.260080769230769
"799",799,0.260102307692308
"800",800,0.260142307692308
"801",801,0.260190769230769
"802",802,0.260241538461538
"803",803,0.260302307692308
"804",804,0.260378461538462
"805",805,0.26045
"806",806,0.260530769230769
"807",807,0.260611538461538
"808",808,0.260678461538462
"809",809,0.260746923076923
"810",810,0.260808461538462
"811",811,0.260859230769231
"812",812,0.260925384615385
"813",813,0.260988461538462
"814",814,0.261041538461538
"815",815,0.26109
"816",816,0.261121538461538
"817",817,0.261139230769231
"818",818,0.261131538461538
"819",819,0.261125384615385
"820",820,0.261125384615385
"821",821,0.261109230769231
"822",822,0.261073846153846
"823",823,0.26101
"824",824,0.260938461538462
"825",825,0.260867692307692
"826",826,0.260764615384615
"827",827,0.260646923076923
"828",828,0.260499230769231
"829",829,0.260324615384615
"830",830,0.260123846153846
"831",831,0.259907692307692
"832",832,0.260213846153846
"833",833,0.25982
"834",834,0.259483846153846
"835",835,0.259034615384615
"836",836,0.258498461538462
"837",837,0.257950769230769
"838",838,0.257338461538462
"839",839,0.256643846153846
"840",840,0.255938461538462
"841",841,0.255209230769231
"842",842,0.254460769230769
"843",843,0.253610769230769
"844",844,0.252643846153846
"845",845,0.251596923076923
"846",846,0.250423076923077
"847",847,0.249174615384615
"848",848,0.247876923076923
"849",849,0.246433846153846
"850",850,0.244906923076923
"851",851,0.243236153846154
"852",852,0.24144
"853",853,0.239526923076923
"854",854,0.237498461538462
"855",855,0.235268461538462
"856",856,0.233019230769231
"857",857,0.230683076923077
"858",858,0.228145384615385
"859",859,0.225496153846154
"860",860,0.22271
"861",861,0.219765384615385
"862",862,0.216583076923077
"863",863,0.213383846153846
"864",864,0.210059230769231
"865",865,0.206514615384615
"866",866,0.202863076923077
"867",867,0.19907
"868",868,0.195137692307692
"869",869,0.191046923076923
"870",870,0.186791538461538
"871",871,0.182462307692308
"872",872,0.178000769230769
"873",873,0.173426230769231
"874",874,0.168868692307692
"875",875,0.164277538461538
"876",876,0.159644923076923
"877",877,0.154945769230769
"878",878,0.150315230769231
"879",879,0.145577923076923
"880",880,0.141009307692308
"881",881,0.136544769230769
"882",882,0.13203
"883",883,0.127539307692308
"884",884,0.123181153846154
"885",885,0.118891538461538
"886",886,0.114562
"887",887,0.110474230769231
"888",888,0.106499923076923
"889",889,0.102675384615385
"890",890,0.0989384615384615
"891",891,0.0954406153846154
"892",892,0.0921780769230769
"893",893,0.0890016153846154
"894",894,0.0859806923076923
"895",895,0.0831434615384615
"896",896,0.0804710769230769
"897",897,0.0778730769230769
"898",898,0.0755616153846154
"899",899,0.0735843076923077
"900",900,0.0716224615384615
"901",901,0.069826
"902",902,0.0681645384615385
"903",903,0.0666347692307692
"904",904,0.0651795384615385
"905",905,0.0639041538461538
"906",906,0.0628526923076923
"907",907,0.0618032307692308
"908",908,0.060857
"909",909,0.0599910769230769
"910",910,0.0592212307692308
"911",911,0.0584944615384615
"912",912,0.0578024615384615
"913",913,0.0572730769230769
"914",914,0.0567497692307692
"915",915,0.0562781538461538
"916",916,0.0558416923076923
"917",917,0.0554763846153846
"918",918,0.0551285384615385
"919",919,0.054776
"920",920,0.0545273076923077
"921",921,0.0544006153846154
"922",922,0.0542333846153846
"923",923,0.0541071538461538
"924",924,0.0540010769230769
"925",925,0.0538878461538462
"926",926,0.0537183846153846
"927",927,0.0536610769230769
"928",928,0.0536586153846154
"929",929,0.0536803076923077
"930",930,0.0537914615384615
"931",931,0.0538576923076923
"932",932,0.0538881538461538
"933",933,0.0539916153846154
"934",934,0.0541246153846154
"935",935,0.0542653076923077
"936",936,0.0544412307692308
"937",937,0.0547043846153846
"938",938,0.0549036153846154
"939",939,0.0550433846153846
"940",940,0.0552786153846154
"941",941,0.0555662307692308
"942",942,0.0558328461538462
"943",943,0.0561471538461538
"944",944,0.0564546153846154
"945",945,0.0567579230769231
"946",946,0.057015
"947",947,0.0573462307692308
"948",948,0.0577288461538462
"949",949,0.0580897692307692
"950",950,0.0584662307692308
"951",951,0.0588451538461538
"952",952,0.0592163846153846
"953",953,0.0596057692307692
"954",954,0.0600105384615385
"955",955,0.060423
"956",956,0.0608449230769231
"957",957,0.0612650769230769
"958",958,0.061726
"959",959,0.0622180769230769
"960",960,0.0626997692307692
"961",961,0.0632238461538462
"962",962,0.0637091538461538
"963",963,0.0641486923076923
"964",964,0.0646351538461538
"965",965,0.0651516923076923
"966",966,0.065641
"967",967,0.0661293846153846
"968",968,0.0666252307692308
"969",969,0.0671437692307692
"970",970,0.0676467692307692
"971",971,0.0681775384615385
"972",972,0.0687661538461539
"973",973,0.0693229230769231
"974",974,0.0698325384615385
"975",975,0.0704033076923077
"976",976,0.0710285384615385
"977",977,0.0716181538461538
"978",978,0.0722233076923077
"979",979,0.0728515384615385
"980",980,0.0734083846153846
"981",981,0.0738873846153846
"982",982,0.0744349230769231
"983",983,0.0749501538461538
"984",984,0.0755259230769231
"985",985,0.0761677692307692
"986",986,0.0767938461538462
"987",987,0.0774441538461538
"988",988,0.0780869230769231
"989",989,0.0787456923076923
"990",990,0.0793733076923077
"991",991,0.0800014615384615
"992",992,0.0806111538461538
"993",993,0.0812446153846154
"994",994,0.0818932307692308
"995",995,0.0825173846153846
"996",996,0.0831467692307692
"997",997,0.0837775384615385
"998",998,0.0843817692307692
"999",999,0.0849945384615385
"1000",1000,0.0856111538461539
"1001",1001,0.0862415384615385
"1002",1002,0.0868511538461538
"1003",1003,0.0875055384615385
"1004",1004,0.0881450769230769
"1005",1005,0.0887823076923077
"1006",1006,0.0894355384615385
"1007",1007,0.0901253076923077
"1008",1008,0.0907683846153846
"1009",1009,0.0914335384615385
"1010",1010,0.0920608461538462
"1011",1011,0.0926622307692308
"1012",1012,0.0931893846153846
"1013",1013,0.0937378461538462
"1014",1014,0.0943205384615385
"1015",1015,0.0948844615384615
"1016",1016,0.0954314615384615
"1017",1017,0.0960117692307692
"1018",1018,0.096616
"1019",1019,0.0971937692307692
"1020",1020,0.0977812307692308
"1021",1021,0.0983679230769231
"1022",1022,0.0989356153846154
"1023",1023,0.0995006153846154
"1024",1024,0.100065461538462
"1025",1025,0.100627692307692
"1026",1026,0.101228307692308
"1027",1027,0.101812538461538
"1028",1028,0.102330153846154
"1029",1029,0.102814538461538
"1030",1030,0.103318769230769
"1031",1031,0.103740076923077
"1032",1032,0.104228615384615
"1033",1033,0.104803615384615
"1034",1034,0.105329076923077
"1035",1035,0.105833615384615
"1036",1036,0.106356230769231
"1037",1037,0.106886769230769
"1038",1038,0.107348
"1039",1039,0.107805692307692
"1040",1040,0.108245
"1041",1041,0.108667
"1042",1042,0.109028384615385
"1043",1043,0.109457769230769
"1044",1044,0.109930461538462
"1045",1045,0.110348923076923
"1046",1046,0.110766307692308
"1047",1047,0.111199538461538
"1048",1048,0.111603615384615
"1049",1049,0.111990230769231
"1050",1050,0.112470461538462
"1051",1051,0.112922
"1052",1052,0.113364769230769
"1053",1053,0.113761692307692
"1054",1054,0.114154692307692
"1055",1055,0.114494307692308
"1056",1056,0.114915846153846
"1057",1057,0.115371692307692
"1058",1058,0.115810307692308
"1059",1059,0.116262076923077
"1060",1060,0.116707538461538
"1061",1061,0.117132538461538
"1062",1062,0.117608923076923
"1063",1063,0.118015076923077
"1064",1064,0.118415076923077
"1065",1065,0.118824
"1066",1066,0.119170692307692
"1067",1067,0.119578461538462
"1068",1068,0.120065692307692
"1069",1069,0.120508461538462
"1070",1070,0.120954923076923
"1071",1071,0.121349307692308
"1072",1072,0.121684846153846
"1073",1073,0.122064153846154
"1074",1074,0.122399
"1075",1075,0.122807384615385
"1076",1076,0.123322923076923
"1077",1077,0.123787076923077
"1078",1078,0.124211384615385
"1079",1079,0.124625846153846
"1080",1080,0.125000769230769
"1081",1081,0.125376307692308
"1082",1082,0.125778923076923
"1083",1083,0.126223846153846
"1084",1084,0.126656692307692
"1085",1085,0.127095461538462
"1086",1086,0.127527307692308
"1087",1087,0.12799
"1088",1088,0.128397153846154
"1089",1089,0.128743307692308
"1090",1090,0.129100461538462
"1091",1091,0.129510692307692
"1092",1092,0.129971307692308
"1093",1093,0.130464769230769
"1094",1094,0.130949230769231
"1095",1095,0.131363461538462
"1096",1096,0.131656769230769
"1097",1097,0.132055230769231
"1098",1098,0.132461461538462
"1099",1099,0.132886307692308
"1100",1100,0.133359076923077
"1101",1101,0.133853923076923
"1102",1102,0.134245230769231
"1103",1103,0.134607230769231
"1104",1104,0.135030461538462
"1105",1105,0.135448307692308
"1106",1106,0.135872307692308
"1107",1107,0.136339076923077
"1108",1108,0.136758615384615
"1109",1109,0.137097923076923
"1110",1110,0.137496692307692
"1111",1111,0.137920461538462
"1112",1112,0.138349307692308
"1113",1113,0.138812230769231
"1114",1114,0.139265153846154
"1115",1115,0.139741384615385
"1116",1116,0.140129461538462
"1117",1117,0.140545307692308
"1118",1118,0.140932692307692
"1119",1119,0.141366153846154
"1120",1120,0.141861076923077
"1121",1121,0.142341384615385
"1122",1122,0.142872769230769
"1123",1123,0.143282692307692
"1124",1124,0.143580461538462
"1125",1125,0.143929615384615
"1126",1126,0.144169076923077
"1127",1127,0.144558615384615
"1128",1128,0.145123692307692
"1129",1129,0.145541461538462
"1130",1130,0.145951538461538
"1131",1131,0.146346538461538
"1132",1132,0.146671461538462
"1133",1133,0.146976230769231
"1134",1134,0.147384923076923
"1135",1135,0.147769615384615
"1136",1136,0.148071
"1137",1137,0.148377
"1138",1138,0.148633615384615
"1139",1139,0.148965769230769
"1140",1140,0.149398384615385
"1141",1141,0.149759
"1142",1142,0.150047076923077
"1143",1143,0.150247846153846
"1144",1144,0.150511
"1145",1145,0.150686769230769
"1146",1146,0.150977615384615
"1147",1147,0.151402846153846
"1148",1148,0.151833307692308
"1149",1149,0.152205307692308
"1150",1150,0.152489076923077
"1151",1151,0.152689
"1152",1152,0.15294
"1153",1153,0.153181461538462
"1154",1154,0.153446846153846
"1155",1155,0.153742923076923
"1156",1156,0.153998
"1157",1157,0.154315615384615
"1158",1158,0.154522538461538
"1159",1159,0.154743384615385
"1160",1160,0.154957923076923
"1161",1161,0.155180923076923
"1162",1162,0.155336384615385
"1163",1163,0.155649692307692
"1164",1164,0.155963153846154
"1165",1165,0.156105769230769
"1166",1166,0.156285
"1167",1167,0.156414923076923
"1168",1168,0.156512769230769
"1169",1169,0.156742384615385
"1170",1170,0.156974769230769
"1171",1171,0.157222538461538
"1172",1172,0.157448153846154
"1173",1173,0.157552
"1174",1174,0.157721384615385
"1175",1175,0.157890153846154
"1176",1176,0.158075692307692
"1177",1177,0.158350538461538
"1178",1178,0.158574923076923
"1179",1179,0.158779538461538
"1180",1180,0.158944461538462
"1181",1181,0.159133230769231
"1182",1182,0.159282153846154
"1183",1183,0.159428923076923
"1184",1184,0.159589307692308
"1185",1185,0.159755153846154
"1186",1186,0.159894692307692
"1187",1187,0.160099230769231
"1188",1188,0.160378
"1189",1189,0.160516307692308
"1190",1190,0.160600307692308
"1191",1191,0.160754846153846
"1192",1192,0.160854307692308
"1193",1193,0.161086153846154
"1194",1194,0.161469230769231
"1195",1195,0.161706153846154
"1196",1196,0.161875230769231
"1197",1197,0.162053384615385
"1198",1198,0.162198769230769
"1199",1199,0.162220538461538
"1200",1200,0.162361461538462
"1201",1201,0.162589384615385
"1202",1202,0.162658538461538
"1203",1203,0.162756923076923
"1204",1204,0.162856
"1205",1205,0.162855692307692
"1206",1206,0.162919307692308
"1207",1207,0.163035923076923
"1208",1208,0.163241230769231
"1209",1209,0.163426769230769
"1210",1210,0.163510846153846
"1211",1211,0.163656153846154
"1212",1212,0.163712230769231
"1213",1213,0.163756230769231
"1214",1214,0.163828923076923
"1215",1215,0.163977538461538
"1216",1216,0.164033153846154
"1217",1217,0.164054076923077
"1218",1218,0.164034769230769
"1219",1219,0.164068615384615
"1220",1220,0.164143461538462
"1221",1221,0.164117846153846
"1222",1222,0.164109384615385
"1223",1223,0.164138923076923
"1224",1224,0.164029538461538
"1225",1225,0.163966615384615
"1226",1226,0.163921846153846
"1227",1227,0.163705076923077
"1228",1228,0.163552692307692
"1229",1229,0.163517461538462
"1230",1230,0.163411538461538
"1231",1231,0.163293538461538
"1232",1232,0.163144307692308
"1233",1233,0.162846846153846
"1234",1234,0.162618153846154
"1235",1235,0.162343923076923
"1236",1236,0.161963
"1237",1237,0.161661538461538
"1238",1238,0.161409692307692
"1239",1239,0.161122769230769
"1240",1240,0.160743
"1241",1241,0.16061
"1242",1242,0.160255769230769
"1243",1243,0.159670769230769
"1244",1244,0.159319846153846
"1245",1245,0.158824
"1246",1246,0.158304076923077
"1247",1247,0.157915384615385
"1248",1248,0.157421769230769
"1249",1249,0.156948076923077
"1250",1250,0.156482692307692
"1251",1251,0.156004692307692
"1252",1252,0.155488076923077
"1253",1253,0.154727846153846
"1254",1254,0.154018923076923
"1255",1255,0.153475
"1256",1256,0.152901153846154
"1257",1257,0.152412461538462
"1258",1258,0.151889307692308
"1259",1259,0.151363692307692
"1260",1260,0.150758461538462
"1261",1261,0.150051153846154
"1262",1262,0.149449461538462
"1263",1263,0.148844923076923
"1264",1264,0.148301384615385
"1265",1265,0.147859846153846
"1266",1266,0.147428538461538
"1267",1267,0.146935846153846
"1268",1268,0.146263692307692
"1269",1269,0.145485769230769
"1270",1270,0.144867461538462
"1271",1271,0.144247307692308
"1272",1272,0.143763461538462
"1273",1273,0.143481769230769
"1274",1274,0.143113846153846
"1275",1275,0.142742307692308
"1276",1276,0.142331461538462
"1277",1277,0.141884307692308
"1278",1278,0.141436923076923
"1279",1279,0.141072230769231
"1280",1280,0.140818538461538
"1281",1281,0.140517615384615
"1282",1282,0.140237538461538
"1283",1283,0.139953384615385
"1284",1284,0.139706076923077
"1285",1285,0.139334307692308
"1286",1286,0.138875
"1287",1287,0.138492461538462
"1288",1288,0.138038769230769
"1289",1289,0.137623307692308
"1290",1290,0.137280230769231
"1291",1291,0.136943846153846
"1292",1292,0.136572076923077
"1293",1293,0.136187076923077
"1294",1294,0.135870076923077
"1295",1295,0.135348384615385
"1296",1296,0.134643923076923
"1297",1297,0.134083846153846
"1298",1298,0.133423076923077
"1299",1299,0.132883076923077
"1300",1300,0.132567307692308
"1301",1301,0.132186615384615
"1302",1302,0.131739384615385
"1303",1303,0.131224769230769
"1304",1304,0.130654538461538
"1305",1305,0.130002538461538
"1306",1306,0.129416076923077
"1307",1307,0.129054615384615
"1308",1308,0.128653153846154
"1309",1309,0.128135769230769
"1310",1310,0.127664153846154
"1311",1311,0.12714
"1312",1312,0.126675615384615
"1313",1313,0.126226153846154
"1314",1314,0.125851846153846
"1315",1315,0.125548307692308
"1316",1316,0.125260307692308
"1317",1317,0.124980769230769
"1318",1318,0.124819846153846
"1319",1319,0.124842230769231
"1320",1320,0.124587923076923
"1321",1321,0.124249538461538
"1322",1322,0.124021846153846
"1323",1323,0.123523230769231
"1324",1324,0.123172846153846
"1325",1325,0.122882230769231
"1326",1326,0.122495
"1327",1327,0.122166615384615
"1328",1328,0.121698
"1329",1329,0.121243307692308
"1330",1330,0.120958923076923
"1331",1331,0.120704307692308
"1332",1332,0.120329923076923
"1333",1333,0.120097
"1334",1334,0.119822230769231
"1335",1335,0.119157384615385
"1336",1336,0.118726538461538
"1337",1337,0.118377769230769
"1338",1338,0.117835153846154
"1339",1339,0.117758384615385
"1340",1340,0.117635
"1341",1341,0.117089923076923
"1342",1342,0.11678
"1343",1343,0.116240615384615
"1344",1344,0.115526692307692
"1345",1345,0.115112923076923
"1346",1346,0.114960769230769
"1347",1347,0.114614769230769
"1348",1348,0.114360538461538
"1349",1349,0.113993692307692
"1350",1350,0.113482692307692
"1351",1351,0.113043538461538
"1352",1352,0.112591384615385
"1353",1353,0.112235923076923
"1354",1354,0.111906230769231
"1355",1355,0.111616230769231
"1356",1356,0.111488230769231
"1357",1357,0.111127230769231
"1358",1358,0.110596230769231
"1359",1359,0.110264230769231
"1360",1360,0.109934538461538
"1361",1361,0.109586307692308
"1362",1362,0.109385230769231
"1363",1363,0.109059923076923
"1364",1364,0.108540923076923
"1365",1365,0.108199384615385
"1366",1366,0.107932769230769
"1367",1367,0.107756923076923
"1368",1368,0.107549846153846
"1369",1369,0.107235
"1370",1370,0.106968384615385
"1371",1371,0.106561153846154
"1372",1372,0.106036538461538
"1373",1373,0.105798384615385
"1374",1374,0.105529846153846
"1375",1375,0.105077923076923
"1376",1376,0.104879076923077
"1377",1377,0.104359307692308
"1378",1378,0.103606
"1379",1379,0.103271923076923
"1380",1380,0.102816307692308
"1381",1381,0.102092846153846
"1382",1382,0.101877153846154
"1383",1383,0.101854615384615
"1384",1384,0.101436846153846
"1385",1385,0.101444769230769
"1386",1386,0.101250923076923
"1387",1387,0.100249230769231
"1388",1388,0.0997594615384615
"1389",1389,0.0995423846153846
"1390",1390,0.0991943846153846
"1391",1391,0.0989716923076923
"1392",1392,0.0983198461538461
"1393",1393,0.0972032307692308
"1394",1394,0.0965583076923077
"1395",1395,0.0957286153846154
"1396",1396,0.0954276923076923
"1397",1397,0.0959193846153846
"1398",1398,0.0957506153846154
"1399",1399,0.095384
"1400",1400,0.0950648461538462
"1401",1401,0.0944971538461538
"1402",1402,0.0941126153846154
"1403",1403,0.0939007692307692
"1404",1404,0.0936499230769231
"1405",1405,0.093486
"1406",1406,0.0930136923076923
"1407",1407,0.0924568461538462
"1408",1408,0.0918433846153846
"1409",1409,0.090741
"1410",1410,0.0902125384615385
"1411",1411,0.0899885384615385
"1412",1412,0.0896266923076923
"1413",1413,0.0897478461538462
"1414",1414,0.0892408461538462
"1415",1415,0.0881148461538462
"1416",1416,0.0875643846153846
"1417",1417,0.0867923076923077
"1418",1418,0.0864604615384615
"1419",1419,0.0870942307692308
"1420",1420,0.0869055384615385
"1421",1421,0.0863599230769231
"1422",1422,0.0859849230769231
"1423",1423,0.0850548461538461
"1424",1424,0.0846466153846154
"1425",1425,0.0850804615384615
"1426",1426,0.0846988461538462
"1427",1427,0.0842875384615385
"1428",1428,0.0833396923076923
"1429",1429,0.0810414615384615
"1430",1430,0.0800573076923077
"1431",1431,0.0791035384615385
"1432",1432,0.0789177692307692
"1433",1433,0.0807516153846154
"1434",1434,0.0807318461538462
"1435",1435,0.0799958461538462
"1436",1436,0.0795026153846154
"1437",1437,0.0778738461538462
"1438",1438,0.0769894615384615
"1439",1439,0.0767837692307692
"1440",1440,0.076538
"1441",1441,0.0766578461538462
"1442",1442,0.0762045384615385
"1443",1443,0.0756026923076923
"1444",1444,0.0749513076923077
"1445",1445,0.0735530769230769
"1446",1446,0.0727566923076923
"1447",1447,0.0722729230769231
"1448",1448,0.0720729230769231
"1449",1449,0.0725586153846154
"1450",1450,0.0723693076923077
"1451",1451,0.0722720769230769
"1452",1452,0.0717936153846154
"1453",1453,0.0706006923076923
"1454",1454,0.0695451538461538
"1455",1455,0.0680078461538462
"1456",1456,0.0672754615384615
"1457",1457,0.0666953846153846
"1458",1458,0.0665274615384615
"1459",1459,0.0680248461538462
"1460",1460,0.0678501538461539
"1461",1461,0.0666403846153846
"1462",1462,0.0659550769230769
"1463",1463,0.0640437692307692
"1464",1464,0.0634615384615385
"1465",1465,0.0643803076923077
"1466",1466,0.0645855384615385
"1467",1467,0.0653209230769231
"1468",1468,0.0652995384615385
"1469",1469,0.0646148461538461
"1470",1470,0.063946
"1471",1471,0.0625993846153846
"1472",1472,0.0617396923076923
"1473",1473,0.0605306153846154
"1474",1474,0.0604208461538462
"1475",1475,0.0618687692307692
"1476",1476,0.0619412307692308
"1477",1477,0.0625461538461538
"1478",1478,0.0618387692307692
"1479",1479,0.0580729230769231
"1480",1480,0.0574
"1481",1481,0.0581726153846154
"1482",1482,0.0583935384615385
"1483",1483,0.0609206153846154
"1484",1484,0.0612970769230769
"1485",1485,0.0595186923076923
"1486",1486,0.0588783846153846
"1487",1487,0.0575788461538462
"1488",1488,0.0574093076923077
"1489",1489,0.0585456923076923
"1490",1490,0.0590283076923077
"1491",1491,0.0606711538461538
"1492",1492,0.0603723076923077
"1493",1493,0.0583133846153846
"1494",1494,0.0568646923076923
"1495",1495,0.0538356923076923
"1496",1496,0.0527233846153846
"1497",1497,0.0527001538461538
"1498",1498,0.0532411538461538
"1499",1499,0.055722
"1500",1500,0.0564887692307692
"1501",1501,0.0574993076923077
"1502",1502,0.0389724307692308
"1503",1503,0.0427129230769231
"1504",1504,0.0437240769230769
"1505",1505,0.0452256153846154
"1506",1506,0.0438853076923077
"1507",1507,0.0424173846153846
"1508",1508,0.0426776923076923
"1509",1509,0.0427579230769231
"1510",1510,0.0457573846153846
"1511",1511,0.0487618461538462
"1512",1512,0.0387634615384615
"1513",1513,0.0318413076923077
"1514",1514,0.0334652307692308
"1515",1515,0.043519
"1516",1516,0.0374384615384615
"1517",1517,0.0322491538461538
"1518",1518,0.0478221538461538
"1519",1519,0.043664
"1520",1520,0.033654
"1521",1521,0.0315412307692308
"1522",1522,0.0350878461538462
"1523",1523,0.0367507692307692
"1524",1524,0.0342470769230769
"1525",1525,0.0313973846153846
"1526",1526,0.0312428461538462
"1527",1527,0.0339513076923077
"1528",1528,0.0378711538461538
"1529",1529,0.0376967692307692
"1530",1530,0.0353178461538462
"1531",1531,0.0340892307692308
"1532",1532,0.033023
"1533",1533,0.0343432307692308
"1534",1534,0.0379791538461538
"1535",1535,0.0371256153846154
"1536",1536,0.0359759230769231
"1537",1537,0.0361245384615385
"1538",1538,0.0362809230769231
"1539",1539,0.0349151538461538
"1540",1540,0.0331491538461538
"1541",1541,0.0334660769230769
"1542",1542,0.0342643076923077
"1543",1543,0.0346512307692308
"1544",1544,0.0345
"1545",1545,0.0376663846153846
"1546",1546,0.0384093846153846
"1547",1547,0.0348481538461538
"1548",1548,0.0357133076923077
"1549",1549,0.0368123846153846
"1550",1550,0.0365595384615385
"1551",1551,0.0356458461538462
"1552",1552,0.0353232307692308
"1553",1553,0.0354347692307692
"1554",1554,0.0352852307692308
"1555",1555,0.0373533076923077
"1556",1556,0.0386212307692308
"1557",1557,0.03655
"1558",1558,0.0353636153846154
"1559",1559,0.0352387692307692
"1560",1560,0.0355263846153846
"1561",1561,0.0343429230769231
"1562",1562,0.0336976923076923
"1563",1563,0.0343871538461538
"1564",1564,0.0365124615384615
"1565",1565,0.0356090769230769
"1566",1566,0.0338781538461538
"1567",1567,0.0356111538461538
"1568",1568,0.0362643076923077
"1569",1569,0.0359676153846154
"1570",1570,0.035498
"1571",1571,0.0346294615384615
"1572",1572,0.035236
"1573",1573,0.0373538461538462
"1574",1574,0.0377254615384615
"1575",1575,0.0370089230769231
"1576",1576,0.0359937692307692
"1577",1577,0.0358065384615385
"1578",1578,0.0357489230769231
"1579",1579,0.0358661538461538
"1580",1580,0.0363016153846154
"1581",1581,0.0360766923076923
"1582",1582,0.0357486153846154
"1583",1583,0.0358369230769231
"1584",1584,0.0360356153846154
"1585",1585,0.0360680769230769
"1586",1586,0.0359350769230769
"1587",1587,0.0360752307692308
"1588",1588,0.0362302307692308
"1589",1589,0.0364313846153846
"1590",1590,0.0368693846153846
"1591",1591,0.0368370769230769
"1592",1592,0.0365528461538462
"1593",1593,0.0364731538461538
"1594",1594,0.0365634615384615
"1595",1595,0.037036
"1596",1596,0.0377378461538461
"1597",1597,0.0372672307692308
"1598",1598,0.0372796153846154
"1599",1599,0.0381343076923077
"1600",1600,0.0384828461538462
"1601",1601,0.0388987692307692
"1602",1602,0.0392110769230769
"1603",1603,0.0389646153846154
"1604",1604,0.0390063846153846
"1605",1605,0.0392205384615385
"1606",1606,0.039341
"1607",1607,0.0396166923076923
"1608",1608,0.0399844615384615
"1609",1609,0.0403357692307692
"1610",1610,0.0404983846153846
"1611",1611,0.0406190769230769
"1612",1612,0.0406427692307692
"1613",1613,0.0402663846153846
"1614",1614,0.0403423076923077
"1615",1615,0.0407675384615385
"1616",1616,0.0410354615384615
"1617",1617,0.0409055384615385
"1618",1618,0.0407903076923077
"1619",1619,0.0410744615384615
"1620",1620,0.0415472307692308
"1621",1621,0.0418559230769231
"1622",1622,0.0419064615384615
"1623",1623,0.0420336153846154
"1624",1624,0.0424006923076923
"1625",1625,0.0426766153846154
"1626",1626,0.0421270769230769
"1627",1627,0.0421203846153846
"1628",1628,0.0424687692307692
"1629",1629,0.0425779230769231
"1630",1630,0.0425493846153846
"1631",1631,0.0427102307692308
"1632",1632,0.0431986153846154
"1633",1633,0.0435691538461538
"1634",1634,0.0437212307692308
"1635",1635,0.0437489230769231
"1636",1636,0.0440206153846154
"1637",1637,0.0443696923076923
"1638",1638,0.0446351538461538
"1639",1639,0.0446633846153846
"1640",1640,0.0450012307692308
"1641",1641,0.0455009230769231
"1642",1642,0.0459083846153846
"1643",1643,0.0461866923076923
"1644",1644,0.0466513076923077
"1645",1645,0.0473340769230769
"1646",1646,0.0476054615384615
"1647",1647,0.0479885384615385
"1648",1648,0.0485642307692308
"1649",1649,0.0490629230769231
"1650",1650,0.0501463846153846
"1651",1651,0.0513932307692308
"1652",1652,0.0521298461538462
"1653",1653,0.0529368461538462
"1654",1654,0.0538257692307692
"1655",1655,0.0547981538461539
"1656",1656,0.0561368461538462
"1657",1657,0.0572574615384615
"1658",1658,0.0581681538461538
"1659",1659,0.0597836153846154
"1660",1660,0.0612021538461538
"1661",1661,0.0623860769230769
"1662",1662,0.0636980769230769
"1663",1663,0.0652723076923077
"1664",1664,0.066934
"1665",1665,0.0685078461538462
"1666",1666,0.070242
"1667",1667,0.0720994615384615
"1668",1668,0.0740116153846154
"1669",1669,0.0758559230769231
"1670",1670,0.0778243076923077
"1671",1671,0.0798655384615385
"1672",1672,0.0817221538461538
"1673",1673,0.0836138461538461
"1674",1674,0.0856252307692308
"1675",1675,0.0877483846153846
"1676",1676,0.0895956153846154
"1677",1677,0.0913032307692308
"1678",1678,0.0930174615384615
"1679",1679,0.0947170769230769
"1680",1680,0.0963400769230769
"1681",1681,0.0978803076923077
"1682",1682,0.099423
"1683",1683,0.100764846153846
"1684",1684,0.101870461538462
"1685",1685,0.102817846153846
"1686",1686,0.104115076923077
"1687",1687,0.105287384615385
"1688",1688,0.105914
"1689",1689,0.106804
"1690",1690,0.107623692307692
"1691",1691,0.108203076923077
"1692",1692,0.108826307692308
"1693",1693,0.109411307692308
"1694",1694,0.109959769230769
"1695",1695,0.110515769230769
"1696",1696,0.110992461538462
"1697",1697,0.111480923076923
"1698",1698,0.112079615384615
"1699",1699,0.112539384615385
"1700",1700,0.112982
"1701",1701,0.113475153846154
"1702",1702,0.113822384615385
"1703",1703,0.114242
"1704",1704,0.114753230769231
"1705",1705,0.115153153846154
"1706",1706,0.115431307692308
"1707",1707,0.115631230769231
"1708",1708,0.115820076923077
"1709",1709,0.115826769230769
"1710",1710,0.115782769230769
"1711",1711,0.115777615384615
"1712",1712,0.115563461538462
"1713",1713,0.115253538461538
"1714",1714,0.114912692307692
"1715",1715,0.114518846153846
"1716",1716,0.114075538461538
"1717",1717,0.113546461538462
"1718",1718,0.112858923076923
"1719",1719,0.112071692307692
"1720",1720,0.111256923076923
"1721",1721,0.110468769230769
"1722",1722,0.109621692307692
"1723",1723,0.108766153846154
"1724",1724,0.107925
"1725",1725,0.107049692307692
"1726",1726,0.106196615384615
"1727",1727,0.105407615384615
"1728",1728,0.104714769230769
"1729",1729,0.104016846153846
"1730",1730,0.103338
"1731",1731,0.102716384615385
"1732",1732,0.101984923076923
"1733",1733,0.101340538461538
"1734",1734,0.100893769230769
"1735",1735,0.100441230769231
"1736",1736,0.0998799230769231
"1737",1737,0.0992696153846154
"1738",1738,0.0988698461538462
"1739",1739,0.0984875384615385
"1740",1740,0.0980617692307692
"1741",1741,0.0975896923076923
"1742",1742,0.0972430769230769
"1743",1743,0.0969413076923077
"1744",1744,0.0966076923076923
"1745",1745,0.0963153076923077
"1746",1746,0.0959831538461538
"1747",1747,0.0956403846153846
"1748",1748,0.0954667692307692
"1749",1749,0.0952416923076923
"1750",1750,0.0949881538461538
"1751",1751,0.0948450769230769
"1752",1752,0.0947086153846154
"1753",1753,0.0945495384615385
"1754",1754,0.0943625384615385
"1755",1755,0.0942
"1756",1756,0.0940257692307692
"1757",1757,0.09382
"1758",1758,0.0935866923076923
"1759",1759,0.0934063846153846
"1760",1760,0.0932318461538462
"1761",1761,0.0929345384615385
"1762",1762,0.0925779230769231
"1763",1763,0.0922373076923077
"1764",1764,0.0919531538461539
"1765",1765,0.0915501538461539
"1766",1766,0.0911232307692308
"1767",1767,0.0907433076923077
"1768",1768,0.0904142307692308
"1769",1769,0.0900606923076923
"1770",1770,0.0896526923076923
"1771",1771,0.0891941538461538
"1772",1772,0.0889156923076923
"1773",1773,0.0886941538461538
"1774",1774,0.0883668461538462
"1775",1775,0.0881052307692308
"1776",1776,0.0879385384615385
"1777",1777,0.0878333076923077
"1778",1778,0.0876293076923077
"1779",1779,0.0875584615384615
"1780",1780,0.0875785384615385
"1781",1781,0.0874572307692308
"1782",1782,0.0874286923076923
"1783",1783,0.0874115384615385
"1784",1784,0.0872630769230769
"1785",1785,0.0870562307692308
"1786",1786,0.0867788461538462
"1787",1787,0.0864033846153846
"1788",1788,0.0858985384615385
"1789",1789,0.0851497692307692
"1790",1790,0.0841944615384615
"1791",1791,0.0831946923076923
"1792",1792,0.0819947692307692
"1793",1793,0.0806699230769231
"1794",1794,0.0793561538461539
"1795",1795,0.0779418461538462
"1796",1796,0.0765806923076923
"1797",1797,0.0753333846153846
"1798",1798,0.0739786923076923
"1799",1799,0.0727371538461538
"1800",1800,0.0716553076923077
"1801",1801,0.0706093076923077
"1802",1802,0.069802
"1803",1803,0.0691884615384615
"1804",1804,0.0686627692307692
"1805",1805,0.0682826153846154
"1806",1806,0.0679445384615385
"1807",1807,0.0676050769230769
"1808",1808,0.0674421538461538
"1809",1809,0.0671546923076923
"1810",1810,0.0667092307692308
"1811",1811,0.0663223846153846
"1812",1812,0.0657747692307692
"1813",1813,0.0651318461538462
"1814",1814,0.0645110769230769
"1815",1815,0.0636900769230769
"1816",1816,0.0628987692307692
"1817",1817,0.0622724615384615
"1818",1818,0.0616041538461538
"1819",1819,0.0610363076923077
"1820",1820,0.0605806153846154
"1821",1821,0.0601366153846154
"1822",1822,0.0598173076923077
"1823",1823,0.0596550769230769
"1824",1824,0.0596496923076923
"1825",1825,0.0597663076923077
"1826",1826,0.0599566153846154
"1827",1827,0.0602231538461538
"1828",1828,0.0607062307692308
"1829",1829,0.0612190769230769
"1830",1830,0.0617704615384615
"1831",1831,0.0625281538461538
"1832",1832,0.0635217692307692
"1833",1833,0.0647318461538462
"1834",1834,0.0661341538461538
"1835",1835,0.0678048461538462
"1836",1836,0.0698546923076923
"1837",1837,0.0723326923076923
"1838",1838,0.0751110769230769
"1839",1839,0.0784053846153846
"1840",1840,0.0822316153846154
"1841",1841,0.0864544615384615
"1842",1842,0.0912236153846154
"1843",1843,0.0964838461538462
"1844",1844,0.102156307692308
"1845",1845,0.108284384615385
"1846",1846,0.114877230769231
"1847",1847,0.121902307692308
"1848",1848,0.129249076923077
"1849",1849,0.136903461538462
"1850",1850,0.144883076923077
"1851",1851,0.153236153846154
"1852",1852,0.161825384615385
"1853",1853,0.170606923076923
"1854",1854,0.179568461538462
"1855",1855,0.188751538461538
"1856",1856,0.198059230769231
"1857",1857,0.207433846153846
"1858",1858,0.216880769230769
"1859",1859,0.226407692307692
"1860",1860,0.236036923076923
"1861",1861,0.245784615384615
"1862",1862,0.255524615384615
"1863",1863,0.265299230769231
"1864",1864,0.27513
"1865",1865,0.284852307692308
"1866",1866,0.294555384615385
"1867",1867,0.304250769230769
"1868",1868,0.313876923076923
"1869",1869,0.323391538461538
"1870",1870,0.332753076923077
"1871",1871,0.341933076923077
"1872",1872,0.350936153846154
"1873",1873,0.359742307692308
"1874",1874,0.368323846153846
"1875",1875,0.376651538461538
"1876",1876,0.384718461538462
"1877",1877,0.392511538461538
"1878",1878,0.400001538461538
"1879",1879,0.407126153846154
"1880",1880,0.413913076923077
"1881",1881,0.420453846153846
"1882",1882,0.426655384615385
"1883",1883,0.432556923076923
"1884",1884,0.438163846153846
"1885",1885,0.443383846153846
"1886",1886,0.448353076923077
"1887",1887,0.453095384615385
"1888",1888,0.457547692307692
"1889",1889,0.461751538461538
"1890",1890,0.465703076923077
"1891",1891,0.469403846153846
"1892",1892,0.47295
"1893",1893,0.476259230769231
"1894",1894,0.479303076923077
"1895",1895,0.482149230769231
"1896",1896,0.484833076923077
"1897",1897,0.487362307692308
"1898",1898,0.489726923076923
"1899",1899,0.491957692307692
"1900",1900,0.494011538461538
"1901",1901,0.495871538461538
"1902",1902,0.497666153846154
"1903",1903,0.499352307692308
"1904",1904,0.500907692307692
"1905",1905,0.50237
"1906",1906,0.503763076923077
"1907",1907,0.505091538461538
"1908",1908,0.506341538461539
"1909",1909,0.507475384615385
"1910",1910,0.508566153846154
"1911",1911,0.509653076923077
"1912",1912,0.510630769230769
"1913",1913,0.511577692307692
"1914",1914,0.512507692307692
"1915",1915,0.513383076923077
"1916",1916,0.514220769230769
"1917",1917,0.515002307692308
"1918",1918,0.515724615384615
"1919",1919,0.516465384615385
"1920",1920,0.51721
"1921",1921,0.517929230769231
"1922",1922,0.518604615384615
"1923",1923,0.519264615384615
"1924",1924,0.519910769230769
"1925",1925,0.520533846153846
"1926",1926,0.521155384615385
"1927",1927,0.521780769230769
"1928",1928,0.522405384615385
"1929",1929,0.522990769230769
"1930",1930,0.523595384615385
"1931",1931,0.524226923076923
"1932",1932,0.524848461538462
"1933",1933,0.525463076923077
"1934",1934,0.526036153846154
"1935",1935,0.526536923076923
"1936",1936,0.527122307692308
"1937",1937,0.527712307692308
"1938",1938,0.528246923076923
"1939",1939,0.528806923076923
"1940",1940,0.529366923076923
"1941",1941,0.529923846153846
"1942",1942,0.530483076923077
"1943",1943,0.530992307692308
"1944",1944,0.531512307692308
"1945",1945,0.532095384615385
"1946",1946,0.532639230769231
"1947",1947,0.533180769230769
"1948",1948,0.533727692307692
"1949",1949,0.534241538461538
"1950",1950,0.534748461538462
"1951",1951,0.535281538461538
"1952",1952,0.535873076923077
"1953",1953,0.536451538461538
"1954",1954,0.536979230769231
"1955",1955,0.537476153846154
"1956",1956,0.538088461538462
"1957",1957,0.538639230769231
"1958",1958,0.539120769230769
"1959",1959,0.539661538461538
"1960",1960,0.540216923076923
"1961",1961,0.540760769230769
"1962",1962,0.541286923076923
"1963",1963,0.54187
"1964",1964,0.542402307692308
"1965",1965,0.542863076923077
"1966",1966,0.543358461538462
"1967",1967,0.543853846153846
"1968",1968,0.544356923076923
"1969",1969,0.544887692307692
"1970",1970,0.545392307692308
"1971",1971,0.545890769230769
"1972",1972,0.546404615384615
"1973",1973,0.546913846153846
"1974",1974,0.547402307692308
"1975",1975,0.547852307692308
"1976",1976,0.548235384615385
"1977",1977,0.548630769230769
"1978",1978,0.549063846153846
"1979",1979,0.54952
"1980",1980,0.549867692307692
"1981",1981,0.550192307692308
"1982",1982,0.550540769230769
"1983",1983,0.550904615384615
"1984",1984,0.551206153846154
"1985",1985,0.551513076923077
"1986",1986,0.551922307692308
"1987",1987,0.552316153846154
"1988",1988,0.552673846153846
"1989",1989,0.553003846153846
"1990",1990,0.553324615384615
"1991",1991,0.553709230769231
"1992",1992,0.554102307692308
"1993",1993,0.554394615384615
"1994",1994,0.554671538461538
"1995",1995,0.554959230769231
"1996",1996,0.555263846153846
"1997",1997,0.555600769230769
"1998",1998,0.555891538461538
"1999",1999,0.556116153846154
"2000",2000,0.556320769230769
"2001",2001,0.55659
"2002",2002,0.556861538461538
"2003",2003,0.557066153846154
"2004",2004,0.55723
"2005",2005,0.557409230769231
"2006",2006,0.557614615384615
"2007",2007,0.557800769230769
"2008",2008,0.557961538461538
"2009",2009,0.558113076923077
"2010",2010,0.558272307692308
"2011",2011,0.558435384615385
"2012",2012,0.558586153846154
"2013",2013,0.558725384615385
"2014",2014,0.558912307692308
"2015",2015,0.559044615384615
"2016",2016,0.559160769230769
"2017",2017,0.559377692307692
"2018",2018,0.559569230769231
"2019",2019,0.559752307692308
"2020",2020,0.559952307692308
"2021",2021,0.560137692307692
"2022",2022,0.560388461538462
"2023",2023,0.560716153846154
"2024",2024,0.561075384615385
"2025",2025,0.561399230769231
"2026",2026,0.561736923076923
"2027",2027,0.562145384615385
"2028",2028,0.562603076923077
"2029",2029,0.563030769230769
"2030",2030,0.563438461538462
"2031",2031,0.563967692307692
"2032",2032,0.564493846153846
"2033",2033,0.565019230769231
"2034",2034,0.565583846153846
"2035",2035,0.566103846153846
"2036",2036,0.566598461538461
"2037",2037,0.56709
"2038",2038,0.56761
"2039",2039,0.568200769230769
"2040",2040,0.568813076923077
"2041",2041,0.569368461538462
"2042",2042,0.569929230769231
"2043",2043,0.570437692307692
"2044",2044,0.57088
"2045",2045,0.571365384615385
"2046",2046,0.571871538461538
"2047",2047,0.572368461538462
"2048",2048,0.572828461538462
"2049",2049,0.573263846153846
"2050",2050,0.573666923076923
"2051",2051,0.574035384615385
"2052",2052,0.574446923076923
"2053",2053,0.574823846153846
"2054",2054,0.57516
"2055",2055,0.575516153846154
"2056",2056,0.575897692307692
"2057",2057,0.576246153846154
"2058",2058,0.57651
"2059",2059,0.576746923076923
"2060",2060,0.576962307692308
"2061",2061,0.577186153846154
"2062",2062,0.577472307692308
"2063",2063,0.57771
"2064",2064,0.577936923076923
"2065",2065,0.578219230769231
"2066",2066,0.578395384615385
"2067",2067,0.578520769230769
"2068",2068,0.578651538461538
"2069",2069,0.578823076923077
"2070",2070,0.578968461538461
"2071",2071,0.579063846153846
"2072",2072,0.579112307692308
"2073",2073,0.579109230769231
"2074",2074,0.579145384615385
"2075",2075,0.579237692307692
"2076",2076,0.579269230769231
"2077",2077,0.579276153846154
"2078",2078,0.579217692307692
"2079",2079,0.579031538461538
"2080",2080,0.578765384615385
"2081",2081,0.57848
"2082",2082,0.578237692307692
"2083",2083,0.578061538461539
"2084",2084,0.577994615384615
"2085",2085,0.577923076923077
"2086",2086,0.577661538461538
"2087",2087,0.577373846153846
"2088",2088,0.577063846153846
"2089",2089,0.576716153846154
"2090",2090,0.57636
"2091",2091,0.575964615384615
"2092",2092,0.575551538461539
"2093",2093,0.575163846153846
"2094",2094,0.574765384615385
"2095",2095,0.574266153846154
"2096",2096,0.573647692307692
"2097",2097,0.573179230769231
"2098",2098,0.572503846153846
"2099",2099,0.571676923076923
"2100",2100,0.571030769230769
"2101",2101,0.570254615384615
"2102",2102,0.569375384615385
"2103",2103,0.568451538461539
"2104",2104,0.567380769230769
"2105",2105,0.566272307692308
"2106",2106,0.56519
"2107",2107,0.56416
"2108",2108,0.563141538461538
"2109",2109,0.56213
"2110",2110,0.561153076923077
"2111",2111,0.560371538461538
"2112",2112,0.559625384615385
"2113",2113,0.558911538461538
"2114",2114,0.558357692307692
"2115",2115,0.557933846153846
"2116",2116,0.557607692307692
"2117",2117,0.557346923076923
"2118",2118,0.557156923076923
"2119",2119,0.556985384615385
"2120",2120,0.556789230769231
"2121",2121,0.556559230769231
"2122",2122,0.556360769230769
"2123",2123,0.556289230769231
"2124",2124,0.556353846153846
"2125",2125,0.556250769230769
"2126",2126,0.556088461538462
"2127",2127,0.556010769230769
"2128",2128,0.556183846153846
"2129",2129,0.556356153846154
"2130",2130,0.556434615384615
"2131",2131,0.556432307692308
"2132",2132,0.556619230769231
"2133",2133,0.556800769230769
"2134",2134,0.556972307692308
"2135",2135,0.557272307692308
"2136",2136,0.557523076923077
"2137",2137,0.557813846153846
"2138",2138,0.5582
"2139",2139,0.558414615384615
"2140",2140,0.558804615384615
"2141",2141,0.559343846153846
"2142",2142,0.5597
"2143",2143,0.559976153846154
"2144",2144,0.560360769230769
"2145",2145,0.560965384615385
"2146",2146,0.561636923076923
"2147",2147,0.561979230769231
"2148",2148,0.562149230769231
"2149",2149,0.562693846153846
"2150",2150,0.563173076923077
"2151",2151,0.563693076923077
