"","wavelength","alder_mean_reflectance"
"1",1,0.459221666666667
"2",2,0.459145
"3",3,0.459066666666667
"4",4,0.459118333333333
"5",5,0.45936
"6",6,0.459436666666667
"7",7,0.459485
"8",8,0.459518333333333
"9",9,0.459491666666667
"10",10,0.459358333333333
"11",11,0.459375
"12",12,0.459471666666667
"13",13,0.459503333333333
"14",14,0.459595
"15",15,0.459648333333333
"16",16,0.459668333333333
"17",17,0.459725
"18",18,0.459786666666667
"19",19,0.459848333333333
"20",20,0.459965
"21",21,0.460021666666667
"22",22,0.460071666666667
"23",23,0.460076666666667
"24",24,0.460011666666667
"25",25,0.459881666666667
"26",26,0.45978
"27",27,0.45989
"28",28,0.459981666666667
"29",29,0.460073333333333
"30",30,0.460205
"31",31,0.460408333333333
"32",32,0.46042
"33",33,0.460345
"34",34,0.460348333333333
"35",35,0.46028
"36",36,0.460256666666667
"37",37,0.460308333333333
"38",38,0.460341666666667
"39",39,0.460405
"40",40,0.460418333333333
"41",41,0.460385
"42",42,0.460458333333333
"43",43,0.460506666666667
"44",44,0.460438333333333
"45",45,0.460361666666667
"46",46,0.460365
"47",47,0.460391666666667
"48",48,0.460418333333333
"49",49,0.460446666666667
"50",50,0.460515
"51",51,0.460571666666667
"52",52,0.460558333333333
"53",53,0.460521666666667
"54",54,0.46055
"55",55,0.460508333333333
"56",56,0.460396666666667
"57",57,0.460405
"58",58,0.460391666666667
"59",59,0.460336666666667
"60",60,0.460348333333333
"61",61,0.460351666666667
"62",62,0.460325
"63",63,0.460321666666667
"64",64,0.460321666666667
"65",65,0.460338333333333
"66",66,0.460401666666667
"67",67,0.460378333333333
"68",68,0.460356666666667
"69",69,0.460351666666667
"70",70,0.460303333333333
"71",71,0.460225
"72",72,0.460188333333333
"73",73,0.460205
"74",74,0.460156666666667
"75",75,0.460128333333333
"76",76,0.460108333333333
"77",77,0.460103333333333
"78",78,0.46005
"79",79,0.459966666666667
"80",80,0.459926666666667
"81",81,0.459913333333333
"82",82,0.459901666666667
"83",83,0.459878333333333
"84",84,0.459856666666667
"85",85,0.459791666666667
"86",86,0.459696666666667
"87",87,0.459665
"88",88,0.459636666666667
"89",89,0.459586666666667
"90",90,0.459506666666667
"91",91,0.45947
"92",92,0.459461666666667
"93",93,0.459423333333333
"94",94,0.4594
"95",95,0.459368333333333
"96",96,0.459301666666667
"97",97,0.45921
"98",98,0.459078333333333
"99",99,0.459006666666667
"100",100,0.458963333333333
"101",101,0.458881666666667
"102",102,0.458875
"103",103,0.458875
"104",104,0.458815
"105",105,0.458703333333333
"106",106,0.458628333333333
"107",107,0.458535
"108",108,0.458456666666667
"109",109,0.4584
"110",110,0.458338333333333
"111",111,0.45829
"112",112,0.458221666666667
"113",113,0.458133333333333
"114",114,0.458068333333333
"115",115,0.458005
"116",116,0.457911666666667
"117",117,0.457816666666667
"118",118,0.45771
"119",119,0.457608333333333
"120",120,0.457501666666667
"121",121,0.457386666666667
"122",122,0.457266666666667
"123",123,0.457146666666667
"124",124,0.45703
"125",125,0.456866666666667
"126",126,0.456691666666667
"127",127,0.456518333333333
"128",128,0.456326666666667
"129",129,0.456123333333333
"130",130,0.455921666666667
"131",131,0.45567
"132",132,0.455348333333333
"133",133,0.454983333333333
"134",134,0.454675
"135",135,0.454373333333333
"136",136,0.454046666666667
"137",137,0.45378
"138",138,0.45341
"139",139,0.452948333333333
"140",140,0.452521666666667
"141",141,0.452073333333333
"142",142,0.451625
"143",143,0.451183333333333
"144",144,0.450748333333333
"145",145,0.450326666666667
"146",146,0.449875
"147",147,0.449368333333333
"148",148,0.44891
"149",149,0.44848
"150",150,0.448031666666667
"151",151,0.447631666666667
"152",152,0.447298333333333
"153",153,0.446951666666667
"154",154,0.446578333333333
"155",155,0.446273333333333
"156",156,0.446048333333333
"157",157,0.445785
"158",158,0.44553
"159",159,0.445305
"160",160,0.44507
"161",161,0.44487
"162",162,0.444711666666667
"163",163,0.444555
"164",164,0.44441
"165",165,0.444265
"166",166,0.44415
"167",167,0.44406
"168",168,0.443966666666667
"169",169,0.443905
"170",170,0.443808333333333
"171",171,0.443693333333333
"172",172,0.443586666666667
"173",173,0.443445
"174",174,0.443351666666667
"175",175,0.44329
"176",176,0.443225
"177",177,0.443188333333333
"178",178,0.443125
"179",179,0.44304
"180",180,0.442961666666667
"181",181,0.442878333333333
"182",182,0.442775
"183",183,0.442725
"184",184,0.44271
"185",185,0.442658333333333
"186",186,0.442626666666667
"187",187,0.442561666666667
"188",188,0.44244
"189",189,0.442371666666667
"190",190,0.442308333333333
"191",191,0.442265
"192",192,0.442265
"193",193,0.442236666666667
"194",194,0.442205
"195",195,0.44218
"196",196,0.442136666666667
"197",197,0.442118333333333
"198",198,0.442103333333333
"199",199,0.442106666666667
"200",200,0.442121666666667
"201",201,0.442155
"202",202,0.442161666666667
"203",203,0.442166666666667
"204",204,0.44219
"205",205,0.442193333333333
"206",206,0.442235
"207",207,0.442325
"208",208,0.442381666666667
"209",209,0.442445
"210",210,0.442493333333333
"211",211,0.442508333333333
"212",212,0.442548333333333
"213",213,0.442593333333333
"214",214,0.442646666666667
"215",215,0.442698333333333
"216",216,0.44278
"217",217,0.442871666666667
"218",218,0.442936666666667
"219",219,0.443005
"220",220,0.443078333333333
"221",221,0.443145
"222",222,0.443191666666667
"223",223,0.443271666666667
"224",224,0.443385
"225",225,0.443465
"226",226,0.443548333333333
"227",227,0.443616666666667
"228",228,0.443646666666667
"229",229,0.4437
"230",230,0.44377
"231",231,0.443828333333333
"232",232,0.443871666666667
"233",233,0.443946666666667
"234",234,0.444021666666667
"235",235,0.444068333333333
"236",236,0.444118333333333
"237",237,0.444173333333333
"238",238,0.44422
"239",239,0.44425
"240",240,0.444286666666667
"241",241,0.44432
"242",242,0.444355
"243",243,0.44438
"244",244,0.444416666666667
"245",245,0.444458333333333
"246",246,0.444501666666667
"247",247,0.444563333333333
"248",248,0.444605
"249",249,0.444643333333333
"250",250,0.444675
"251",251,0.444705
"252",252,0.444718333333333
"253",253,0.444736666666667
"254",254,0.444761666666667
"255",255,0.444775
"256",256,0.44478
"257",257,0.444801666666667
"258",258,0.44482
"259",259,0.444833333333333
"260",260,0.444871666666667
"261",261,0.444876666666667
"262",262,0.444851666666667
"263",263,0.44484
"264",264,0.444815
"265",265,0.444795
"266",266,0.444788333333333
"267",267,0.444766666666667
"268",268,0.444733333333333
"269",269,0.444696666666667
"270",270,0.444651666666667
"271",271,0.444595
"272",272,0.444553333333333
"273",273,0.444515
"274",274,0.444493333333333
"275",275,0.444461666666667
"276",276,0.444415
"277",277,0.44436
"278",278,0.444308333333333
"279",279,0.444253333333333
"280",280,0.444183333333333
"281",281,0.44411
"282",282,0.444036666666667
"283",283,0.443943333333333
"284",284,0.443851666666667
"285",285,0.44377
"286",286,0.443675
"287",287,0.443563333333333
"288",288,0.443466666666667
"289",289,0.443396666666667
"290",290,0.443281666666667
"291",291,0.443151666666667
"292",292,0.443011666666667
"293",293,0.442858333333333
"294",294,0.442711666666667
"295",295,0.442573333333333
"296",296,0.442436666666667
"297",297,0.442273333333333
"298",298,0.442098333333333
"299",299,0.441921666666667
"300",300,0.441723333333333
"301",301,0.44152
"302",302,0.441305
"303",303,0.44108
"304",304,0.44085
"305",305,0.440606666666667
"306",306,0.44034
"307",307,0.44008
"308",308,0.439818333333333
"309",309,0.439535
"310",310,0.43925
"311",311,0.438938333333333
"312",312,0.438596666666667
"313",313,0.438241666666667
"314",314,0.437896666666667
"315",315,0.43755
"316",316,0.437205
"317",317,0.436853333333333
"318",318,0.436483333333333
"319",319,0.436098333333333
"320",320,0.435698333333333
"321",321,0.4353
"322",322,0.434881666666667
"323",323,0.434455
"324",324,0.434011666666667
"325",325,0.433553333333333
"326",326,0.433078333333333
"327",327,0.432588333333333
"328",328,0.432095
"329",329,0.431605
"330",330,0.431098333333333
"331",331,0.430575
"332",332,0.43004
"333",333,0.42948
"334",334,0.428938333333333
"335",335,0.428406666666667
"336",336,0.42787
"337",337,0.427333333333333
"338",338,0.426806666666667
"339",339,0.426263333333333
"340",340,0.42572
"341",341,0.42519
"342",342,0.424646666666667
"343",343,0.424093333333333
"344",344,0.423555
"345",345,0.423025
"346",346,0.422488333333333
"347",347,0.421981666666667
"348",348,0.421495
"349",349,0.420986666666667
"350",350,0.420476666666667
"351",351,0.419976666666667
"352",352,0.419468333333333
"353",353,0.41897
"354",354,0.418501666666667
"355",355,0.418011666666667
"356",356,0.417516666666667
"357",357,0.417011666666667
"358",358,0.416513333333333
"359",359,0.415968333333333
"360",360,0.415421666666667
"361",361,0.414881666666667
"362",362,0.414293333333333
"363",363,0.41371
"364",364,0.413083333333333
"365",365,0.41239
"366",366,0.411695
"367",367,0.41096
"368",368,0.410186666666667
"369",369,0.409361666666667
"370",370,0.408463333333333
"371",371,0.4075
"372",372,0.40644
"373",373,0.405323333333333
"374",374,0.404125
"375",375,0.402871666666667
"376",376,0.40147
"377",377,0.399991666666667
"378",378,0.39836
"379",379,0.396603333333333
"380",380,0.394711666666667
"381",381,0.39272
"382",382,0.390541666666667
"383",383,0.388213333333333
"384",384,0.385716666666667
"385",385,0.383068333333333
"386",386,0.380258333333333
"387",387,0.37732
"388",388,0.374298333333333
"389",389,0.371095
"390",390,0.36777
"391",391,0.364351666666667
"392",392,0.360771666666667
"393",393,0.357123333333333
"394",394,0.353418333333333
"395",395,0.34961
"396",396,0.345781666666667
"397",397,0.341915
"398",398,0.338043333333333
"399",399,0.334218333333333
"400",400,0.330371666666667
"401",401,0.326586666666667
"402",402,0.322888333333333
"403",403,0.319275
"404",404,0.315716666666667
"405",405,0.31229
"406",406,0.308955
"407",407,0.305756666666667
"408",408,0.302646666666667
"409",409,0.2997
"410",410,0.296886666666667
"411",411,0.294221666666667
"412",412,0.291708333333333
"413",413,0.289323333333333
"414",414,0.287071666666667
"415",415,0.284946666666667
"416",416,0.28297
"417",417,0.281098333333333
"418",418,0.279345
"419",419,0.27774
"420",420,0.27624
"421",421,0.274838333333333
"422",422,0.273538333333333
"423",423,0.272346666666667
"424",424,0.271243333333333
"425",425,0.270221666666667
"426",426,0.269293333333333
"427",427,0.268436666666667
"428",428,0.267651666666667
"429",429,0.26695
"430",430,0.266318333333333
"431",431,0.265746666666667
"432",432,0.265233333333333
"433",433,0.264793333333333
"434",434,0.264375
"435",435,0.263993333333333
"436",436,0.263676666666667
"437",437,0.263406666666667
"438",438,0.263173333333333
"439",439,0.263005
"440",440,0.262856666666667
"441",441,0.262723333333333
"442",442,0.262638333333333
"443",443,0.262595
"444",444,0.262576666666667
"445",445,0.262591666666667
"446",446,0.26262
"447",447,0.262671666666667
"448",448,0.262738333333333
"449",449,0.262816666666667
"450",450,0.262913333333333
"451",451,0.26301
"452",452,0.263131666666667
"453",453,0.263281666666667
"454",454,0.263446666666667
"455",455,0.263641666666667
"456",456,0.263856666666667
"457",457,0.26409
"458",458,0.264353333333333
"459",459,0.264653333333333
"460",460,0.264996666666667
"461",461,0.265376666666667
"462",462,0.26579
"463",463,0.266246666666667
"464",464,0.26675
"465",465,0.267305
"466",466,0.267921666666667
"467",467,0.268571666666667
"468",468,0.269276666666667
"469",469,0.270015
"470",470,0.270781666666667
"471",471,0.2716
"472",472,0.272471666666667
"473",473,0.27336
"474",474,0.274293333333333
"475",475,0.275246666666667
"476",476,0.276235
"477",477,0.277233333333333
"478",478,0.278258333333333
"479",479,0.279295
"480",480,0.280353333333333
"481",481,0.281423333333333
"482",482,0.28252
"483",483,0.283618333333333
"484",484,0.284725
"485",485,0.285835
"486",486,0.286955
"487",487,0.28807
"488",488,0.289181666666667
"489",489,0.29029
"490",490,0.2914
"491",491,0.292513333333333
"492",492,0.293628333333333
"493",493,0.294753333333333
"494",494,0.295871666666667
"495",495,0.296971666666667
"496",496,0.298085
"497",497,0.299193333333333
"498",498,0.3003
"499",499,0.301413333333333
"500",500,0.302503333333333
"501",501,0.30358
"502",502,0.304665
"503",503,0.305733333333333
"504",504,0.30681
"505",505,0.307886666666667
"506",506,0.308936666666667
"507",507,0.310001666666667
"508",508,0.311043333333333
"509",509,0.312078333333333
"510",510,0.313113333333333
"511",511,0.314148333333333
"512",512,0.31516
"513",513,0.316156666666667
"514",514,0.317151666666667
"515",515,0.318138333333333
"516",516,0.319118333333333
"517",517,0.320103333333333
"518",518,0.321066666666667
"519",519,0.322
"520",520,0.322933333333333
"521",521,0.323863333333333
"522",522,0.324775
"523",523,0.32568
"524",524,0.326581666666667
"525",525,0.327466666666667
"526",526,0.32835
"527",527,0.329235
"528",528,0.330098333333333
"529",529,0.330943333333333
"530",530,0.331785
"531",531,0.332615
"532",532,0.333435
"533",533,0.334263333333333
"534",534,0.335065
"535",535,0.335853333333333
"536",536,0.33662
"537",537,0.337355
"538",538,0.3381
"539",539,0.338836666666667
"540",540,0.339568333333333
"541",541,0.340298333333333
"542",542,0.341021666666667
"543",543,0.341726666666667
"544",544,0.34241
"545",545,0.343086666666667
"546",546,0.343756666666667
"547",547,0.344406666666667
"548",548,0.345068333333333
"549",549,0.345731666666667
"550",550,0.346373333333333
"551",551,0.347018333333333
"552",552,0.347645
"553",553,0.348253333333333
"554",554,0.348853333333333
"555",555,0.349468333333333
"556",556,0.350081666666667
"557",557,0.350673333333333
"558",558,0.351251666666667
"559",559,0.351811666666667
"560",560,0.352343333333333
"561",561,0.352875
"562",562,0.353416666666667
"563",563,0.353935
"564",564,0.354445
"565",565,0.35496
"566",566,0.355448333333333
"567",567,0.355943333333333
"568",568,0.35644
"569",569,0.356916666666667
"570",570,0.357381666666667
"571",571,0.357843333333333
"572",572,0.358293333333333
"573",573,0.358743333333333
"574",574,0.359191666666667
"575",575,0.35964
"576",576,0.360086666666667
"577",577,0.360523333333333
"578",578,0.36095
"579",579,0.36138
"580",580,0.361808333333333
"581",581,0.36223
"582",582,0.362655
"583",583,0.363073333333333
"584",584,0.363495
"585",585,0.363898333333333
"586",586,0.364295
"587",587,0.364686666666667
"588",588,0.365055
"589",589,0.365435
"590",590,0.365825
"591",591,0.366201666666667
"592",592,0.366588333333333
"593",593,0.366953333333333
"594",594,0.367298333333333
"595",595,0.367655
"596",596,0.368011666666667
"597",597,0.368356666666667
"598",598,0.368706666666667
"599",599,0.369041666666667
"600",600,0.369358333333333
"601",601,0.369673333333333
"602",602,0.369988333333333
"603",603,0.370298333333333
"604",604,0.370596666666667
"605",605,0.370903333333333
"606",606,0.371213333333333
"607",607,0.371516666666667
"608",608,0.371823333333333
"609",609,0.372116666666667
"610",610,0.372385
"611",611,0.372658333333333
"612",612,0.372928333333333
"613",613,0.373193333333333
"614",614,0.373455
"615",615,0.373705
"616",616,0.373941666666667
"617",617,0.374175
"618",618,0.374396666666667
"619",619,0.374615
"620",620,0.374826666666667
"621",621,0.37504
"622",622,0.375261666666667
"623",623,0.375466666666667
"624",624,0.375665
"625",625,0.37586
"626",626,0.376045
"627",627,0.376221666666667
"628",628,0.37639
"629",629,0.376565
"630",630,0.376726666666667
"631",631,0.376898333333333
"632",632,0.377078333333333
"633",633,0.377253333333333
"634",634,0.37743
"635",635,0.377586666666667
"636",636,0.37773
"637",637,0.377876666666667
"638",638,0.378013333333333
"639",639,0.378155
"640",640,0.378298333333333
"641",641,0.378441666666667
"642",642,0.378588333333333
"643",643,0.378718333333333
"644",644,0.378856666666667
"645",645,0.378965
"646",646,0.379053333333333
"647",647,0.379143333333333
"648",648,0.379225
"649",649,0.379298333333333
"650",650,0.379378333333333
"651",651,0.379431666666667
"652",652,0.379466666666667
"653",653,0.379486666666667
"654",654,0.379486666666667
"655",655,0.379485
"656",656,0.379478333333333
"657",657,0.37946
"658",658,0.379433333333333
"659",659,0.379398333333333
"660",660,0.37935
"661",661,0.379296666666667
"662",662,0.37924
"663",663,0.379173333333333
"664",664,0.37909
"665",665,0.37901
"666",666,0.37893
"667",667,0.378838333333333
"668",668,0.378743333333333
"669",669,0.378641666666667
"670",670,0.37853
"671",671,0.378413333333333
"672",672,0.378285
"673",673,0.378156666666667
"674",674,0.37801
"675",675,0.37787
"676",676,0.377736666666667
"677",677,0.37759
"678",678,0.377428333333333
"679",679,0.377265
"680",680,0.377086666666667
"681",681,0.376898333333333
"682",682,0.376701666666667
"683",683,0.376485
"684",684,0.37624
"685",685,0.376001666666667
"686",686,0.375756666666667
"687",687,0.375503333333333
"688",688,0.375245
"689",689,0.37498
"690",690,0.374696666666667
"691",691,0.374423333333333
"692",692,0.374155
"693",693,0.373883333333333
"694",694,0.373608333333333
"695",695,0.373341666666667
"696",696,0.373078333333333
"697",697,0.37281
"698",698,0.372535
"699",699,0.372266666666667
"700",700,0.371991666666667
"701",701,0.37171
"702",702,0.371433333333333
"703",703,0.371151666666667
"704",704,0.370845
"705",705,0.37057
"706",706,0.370308333333333
"707",707,0.370043333333333
"708",708,0.369785
"709",709,0.369528333333333
"710",710,0.369276666666667
"711",711,0.369033333333333
"712",712,0.368808333333333
"713",713,0.368561666666667
"714",714,0.368308333333333
"715",715,0.36806
"716",716,0.367801666666667
"717",717,0.367551666666667
"718",718,0.367318333333333
"719",719,0.367063333333333
"720",720,0.366806666666667
"721",721,0.366526666666667
"722",722,0.366253333333333
"723",723,0.365975
"724",724,0.365683333333333
"725",725,0.36539
"726",726,0.36508
"727",727,0.364758333333333
"728",728,0.364446666666667
"729",729,0.364148333333333
"730",730,0.363853333333333
"731",731,0.36359
"732",732,0.363326666666667
"733",733,0.363053333333333
"734",734,0.362808333333333
"735",735,0.362575
"736",736,0.362323333333333
"737",737,0.36209
"738",738,0.361833333333333
"739",739,0.361548333333333
"740",740,0.36126
"741",741,0.360966666666667
"742",742,0.360653333333333
"743",743,0.360316666666667
"744",744,0.359975
"745",745,0.35961
"746",746,0.359248333333333
"747",747,0.358896666666667
"748",748,0.358526666666667
"749",749,0.35814
"750",750,0.357756666666667
"751",751,0.35737
"752",752,0.356976666666667
"753",753,0.356585
"754",754,0.35619
"755",755,0.355776666666667
"756",756,0.355381666666667
"757",757,0.354991666666667
"758",758,0.354606666666667
"759",759,0.354228333333333
"760",760,0.353856666666667
"761",761,0.353473333333333
"762",762,0.35311
"763",763,0.352765
"764",764,0.352431666666667
"765",765,0.352116666666667
"766",766,0.351808333333333
"767",767,0.351501666666667
"768",768,0.351228333333333
"769",769,0.350978333333333
"770",770,0.350716666666667
"771",771,0.350471666666667
"772",772,0.350225
"773",773,0.349993333333333
"774",774,0.349786666666667
"775",775,0.349598333333333
"776",776,0.349396666666667
"777",777,0.349186666666667
"778",778,0.348998333333333
"779",779,0.34882
"780",780,0.348661666666667
"781",781,0.348521666666667
"782",782,0.348355
"783",783,0.348205
"784",784,0.348066666666667
"785",785,0.34793
"786",786,0.347835
"787",787,0.34774
"788",788,0.347658333333333
"789",789,0.347573333333333
"790",790,0.347483333333333
"791",791,0.347415
"792",792,0.347356666666667
"793",793,0.347316666666667
"794",794,0.347305
"795",795,0.34729
"796",796,0.34729
"797",797,0.347288333333333
"798",798,0.347291666666667
"799",799,0.347293333333333
"800",800,0.347288333333333
"801",801,0.347286666666667
"802",802,0.34728
"803",803,0.347296666666667
"804",804,0.347331666666667
"805",805,0.347356666666667
"806",806,0.347396666666667
"807",807,0.34742
"808",808,0.347435
"809",809,0.347453333333333
"810",810,0.347485
"811",811,0.34753
"812",812,0.347563333333333
"813",813,0.347601666666667
"814",814,0.34764
"815",815,0.347665
"816",816,0.347686666666667
"817",817,0.347706666666667
"818",818,0.347716666666667
"819",819,0.347728333333333
"820",820,0.347741666666667
"821",821,0.347725
"822",822,0.347703333333333
"823",823,0.347675
"824",824,0.347636666666667
"825",825,0.347608333333333
"826",826,0.347556666666667
"827",827,0.347493333333333
"828",828,0.347406666666667
"829",829,0.347301666666667
"830",830,0.347186666666667
"831",831,0.347056666666667
"832",832,0.347201666666667
"833",833,0.347041666666667
"834",834,0.346845
"835",835,0.346605
"836",836,0.346341666666667
"837",837,0.346088333333333
"838",838,0.345723333333333
"839",839,0.345313333333333
"840",840,0.344848333333333
"841",841,0.344276666666667
"842",842,0.343706666666667
"843",843,0.343153333333333
"844",844,0.342493333333333
"845",845,0.341881666666667
"846",846,0.34128
"847",847,0.340558333333333
"848",848,0.339871666666667
"849",849,0.338971666666667
"850",850,0.337896666666667
"851",851,0.336765
"852",852,0.335493333333333
"853",853,0.33422
"854",854,0.332901666666667
"855",855,0.331426666666667
"856",856,0.329813333333333
"857",857,0.328163333333333
"858",858,0.326373333333333
"859",859,0.324516666666667
"860",860,0.322433333333333
"861",861,0.3202
"862",862,0.317815
"863",863,0.31522
"864",864,0.312571666666667
"865",865,0.309893333333333
"866",866,0.306851666666667
"867",867,0.303603333333333
"868",868,0.300203333333333
"869",869,0.296478333333333
"870",870,0.292376666666667
"871",871,0.288231666666667
"872",872,0.284011666666667
"873",873,0.279406666666667
"874",874,0.274623333333333
"875",875,0.269665
"876",876,0.264475
"877",877,0.258878333333333
"878",878,0.253366666666667
"879",879,0.247801666666667
"880",880,0.242073333333333
"881",881,0.236215
"882",882,0.230191666666667
"883",883,0.224013333333333
"884",884,0.217626666666667
"885",885,0.211358333333333
"886",886,0.204963333333333
"887",887,0.198738333333333
"888",888,0.192476666666667
"889",889,0.186383333333333
"890",890,0.180321666666667
"891",891,0.174421666666667
"892",892,0.168601666666667
"893",893,0.162986666666667
"894",894,0.157668333333333
"895",895,0.15254
"896",896,0.147695
"897",897,0.143146666666667
"898",898,0.138835
"899",899,0.134736666666667
"900",900,0.130943333333333
"901",901,0.127527833333333
"902",902,0.124266833333333
"903",903,0.1212355
"904",904,0.118473333333333
"905",905,0.115930833333333
"906",906,0.113588666666667
"907",907,0.111531833333333
"908",908,0.109875
"909",909,0.108193333333333
"910",910,0.106699666666667
"911",911,0.105321333333333
"912",912,0.104010166666667
"913",913,0.102849333333333
"914",914,0.101878833333333
"915",915,0.101165166666667
"916",916,0.100400333333333
"917",917,0.0996976666666667
"918",918,0.0991366666666667
"919",919,0.098669
"920",920,0.0982438333333333
"921",921,0.097996
"922",922,0.0977338333333333
"923",923,0.0975076666666667
"924",924,0.0972435
"925",925,0.0970743333333333
"926",926,0.0969251666666667
"927",927,0.0968985
"928",928,0.0969403333333333
"929",929,0.0970513333333333
"930",930,0.097311
"931",931,0.0975408333333333
"932",932,0.097783
"933",933,0.0980786666666667
"934",934,0.0984115
"935",935,0.0987618333333333
"936",936,0.0991903333333333
"937",937,0.0997018333333333
"938",938,0.100203
"939",939,0.100764166666667
"940",940,0.101309166666667
"941",941,0.101826333333333
"942",942,0.1024155
"943",943,0.103020166666667
"944",944,0.103676166666667
"945",945,0.104382666666667
"946",946,0.105162
"947",947,0.105918833333333
"948",948,0.106692166666667
"949",949,0.107504666666667
"950",950,0.108357
"951",951,0.109179
"952",952,0.1099905
"953",953,0.1108565
"954",954,0.111685166666667
"955",955,0.112591666666667
"956",956,0.113552833333333
"957",957,0.114644833333333
"958",958,0.115590166666667
"959",959,0.116494833333333
"960",960,0.117456666666667
"961",961,0.118361166666667
"962",962,0.119333666666667
"963",963,0.120406833333333
"964",964,0.121441333333333
"965",965,0.122449333333333
"966",966,0.123486833333333
"967",967,0.1245365
"968",968,0.125602
"969",969,0.126684
"970",970,0.127798333333333
"971",971,0.128901833333333
"972",972,0.129993333333333
"973",973,0.13113
"974",974,0.132325
"975",975,0.133468333333333
"976",976,0.134606666666667
"977",977,0.135766666666667
"978",978,0.136908333333333
"979",979,0.138026666666667
"980",980,0.13918
"981",981,0.140396666666667
"982",982,0.141543333333333
"983",983,0.142623333333333
"984",984,0.143798333333333
"985",985,0.144988333333333
"986",986,0.146198333333333
"987",987,0.147483333333333
"988",988,0.148745
"989",989,0.150023333333333
"990",990,0.151273333333333
"991",991,0.152476666666667
"992",992,0.153688333333333
"993",993,0.15484
"994",994,0.155841666666667
"995",995,0.157006666666667
"996",996,0.158215
"997",997,0.159431666666667
"998",998,0.160825
"999",999,0.162055
"1000",1000,0.163235
"1001",1001,0.16431
"1002",1002,0.165351666666667
"1003",1003,0.166471666666667
"1004",1004,0.167598333333333
"1005",1005,0.168815
"1006",1006,0.16993
"1007",1007,0.170981666666667
"1008",1008,0.172063333333333
"1009",1009,0.173076666666667
"1010",1010,0.17416
"1011",1011,0.175345
"1012",1012,0.176473333333333
"1013",1013,0.177515
"1014",1014,0.178656666666667
"1015",1015,0.179683333333333
"1016",1016,0.180606666666667
"1017",1017,0.18161
"1018",1018,0.182566666666667
"1019",1019,0.183605
"1020",1020,0.184796666666667
"1021",1021,0.185825
"1022",1022,0.186851666666667
"1023",1023,0.187808333333333
"1024",1024,0.188651666666667
"1025",1025,0.189431666666667
"1026",1026,0.19024
"1027",1027,0.191175
"1028",1028,0.192035
"1029",1029,0.192901666666667
"1030",1030,0.193728333333333
"1031",1031,0.194543333333333
"1032",1032,0.195303333333333
"1033",1033,0.195965
"1034",1034,0.196743333333333
"1035",1035,0.197561666666667
"1036",1036,0.19836
"1037",1037,0.199231666666667
"1038",1038,0.199993333333333
"1039",1039,0.20061
"1040",1040,0.20129
"1041",1041,0.201956666666667
"1042",1042,0.202548333333333
"1043",1043,0.203241666666667
"1044",1044,0.204065
"1045",1045,0.20471
"1046",1046,0.205318333333333
"1047",1047,0.205935
"1048",1048,0.206423333333333
"1049",1049,0.207013333333333
"1050",1050,0.207715
"1051",1051,0.208398333333333
"1052",1052,0.209088333333333
"1053",1053,0.209718333333333
"1054",1054,0.210316666666667
"1055",1055,0.210765
"1056",1056,0.211418333333333
"1057",1057,0.212195
"1058",1058,0.212866666666667
"1059",1059,0.213616666666667
"1060",1060,0.214303333333333
"1061",1061,0.214921666666667
"1062",1062,0.215443333333333
"1063",1063,0.216048333333333
"1064",1064,0.216716666666667
"1065",1065,0.217428333333333
"1066",1066,0.218163333333333
"1067",1067,0.218905
"1068",1068,0.219738333333333
"1069",1069,0.220461666666667
"1070",1070,0.221156666666667
"1071",1071,0.221815
"1072",1072,0.22238
"1073",1073,0.223015
"1074",1074,0.223658333333333
"1075",1075,0.224293333333333
"1076",1076,0.224955
"1077",1077,0.225705
"1078",1078,0.226416666666667
"1079",1079,0.227081666666667
"1080",1080,0.227798333333333
"1081",1081,0.228445
"1082",1082,0.229091666666667
"1083",1083,0.229745
"1084",1084,0.230371666666667
"1085",1085,0.230915
"1086",1086,0.231516666666667
"1087",1087,0.232185
"1088",1088,0.232715
"1089",1089,0.233223333333333
"1090",1090,0.233885
"1091",1091,0.234395
"1092",1092,0.234978333333333
"1093",1093,0.235633333333333
"1094",1094,0.236155
"1095",1095,0.236701666666667
"1096",1096,0.237216666666667
"1097",1097,0.23775
"1098",1098,0.238283333333333
"1099",1099,0.238853333333333
"1100",1100,0.23946
"1101",1101,0.240018333333333
"1102",1102,0.240556666666667
"1103",1103,0.241015
"1104",1104,0.241413333333333
"1105",1105,0.241928333333333
"1106",1106,0.242466666666667
"1107",1107,0.243018333333333
"1108",1108,0.243658333333333
"1109",1109,0.24415
"1110",1110,0.244661666666667
"1111",1111,0.245198333333333
"1112",1112,0.245653333333333
"1113",1113,0.246038333333333
"1114",1114,0.2465
"1115",1115,0.246948333333333
"1116",1116,0.247338333333333
"1117",1117,0.247903333333333
"1118",1118,0.248385
"1119",1119,0.248805
"1120",1120,0.24934
"1121",1121,0.249815
"1122",1122,0.250171666666667
"1123",1123,0.250576666666667
"1124",1124,0.251018333333333
"1125",1125,0.251466666666667
"1126",1126,0.251971666666667
"1127",1127,0.252405
"1128",1128,0.252836666666667
"1129",1129,0.253185
"1130",1130,0.253471666666667
"1131",1131,0.253696666666667
"1132",1132,0.253851666666667
"1133",1133,0.254118333333333
"1134",1134,0.2544
"1135",1135,0.254685
"1136",1136,0.255121666666667
"1137",1137,0.25552
"1138",1138,0.255721666666667
"1139",1139,0.255803333333333
"1140",1140,0.255845
"1141",1141,0.25589
"1142",1142,0.256026666666667
"1143",1143,0.256286666666667
"1144",1144,0.256528333333333
"1145",1145,0.256816666666667
"1146",1146,0.257056666666667
"1147",1147,0.25731
"1148",1148,0.257478333333333
"1149",1149,0.257566666666667
"1150",1150,0.257705
"1151",1151,0.257761666666667
"1152",1152,0.257811666666667
"1153",1153,0.257998333333333
"1154",1154,0.258066666666667
"1155",1155,0.258081666666667
"1156",1156,0.258265
"1157",1157,0.25843
"1158",1158,0.25859
"1159",1159,0.258771666666667
"1160",1160,0.25906
"1161",1161,0.259141666666667
"1162",1162,0.259136666666667
"1163",1163,0.259103333333333
"1164",1164,0.258793333333333
"1165",1165,0.258798333333333
"1166",1166,0.258873333333333
"1167",1167,0.258803333333333
"1168",1168,0.259131666666667
"1169",1169,0.259273333333333
"1170",1170,0.25921
"1171",1171,0.25933
"1172",1172,0.25939
"1173",1173,0.259426666666667
"1174",1174,0.259533333333333
"1175",1175,0.25967
"1176",1176,0.259801666666667
"1177",1177,0.259901666666667
"1178",1178,0.260036666666667
"1179",1179,0.260206666666667
"1180",1180,0.260415
"1181",1181,0.260615
"1182",1182,0.260685
"1183",1183,0.260811666666667
"1184",1184,0.260881666666667
"1185",1185,0.26089
"1186",1186,0.261156666666667
"1187",1187,0.261406666666667
"1188",1188,0.261618333333333
"1189",1189,0.261918333333333
"1190",1190,0.262096666666667
"1191",1191,0.262053333333333
"1192",1192,0.262156666666667
"1193",1193,0.26243
"1194",1194,0.262438333333333
"1195",1195,0.262511666666667
"1196",1196,0.262698333333333
"1197",1197,0.262803333333333
"1198",1198,0.262736666666667
"1199",1199,0.26289
"1200",1200,0.263181666666667
"1201",1201,0.263508333333333
"1202",1202,0.263788333333333
"1203",1203,0.26406
"1204",1204,0.264301666666667
"1205",1205,0.264335
"1206",1206,0.264436666666667
"1207",1207,0.264566666666667
"1208",1208,0.264601666666667
"1209",1209,0.264683333333333
"1210",1210,0.264643333333333
"1211",1211,0.264565
"1212",1212,0.264596666666667
"1213",1213,0.264716666666667
"1214",1214,0.264786666666667
"1215",1215,0.264916666666667
"1216",1216,0.264981666666667
"1217",1217,0.265048333333333
"1218",1218,0.264876666666667
"1219",1219,0.264825
"1220",1220,0.265093333333333
"1221",1221,0.264978333333333
"1222",1222,0.264975
"1223",1223,0.265106666666667
"1224",1224,0.264828333333333
"1225",1225,0.264835
"1226",1226,0.265073333333333
"1227",1227,0.264916666666667
"1228",1228,0.264848333333333
"1229",1229,0.264776666666667
"1230",1230,0.264336666666667
"1231",1231,0.264215
"1232",1232,0.264201666666667
"1233",1233,0.263905
"1234",1234,0.263686666666667
"1235",1235,0.263368333333333
"1236",1236,0.262751666666667
"1237",1237,0.262311666666667
"1238",1238,0.261875
"1239",1239,0.261661666666667
"1240",1240,0.261466666666667
"1241",1241,0.261128333333333
"1242",1242,0.260836666666667
"1243",1243,0.26032
"1244",1244,0.259598333333333
"1245",1245,0.25911
"1246",1246,0.2587
"1247",1247,0.258288333333333
"1248",1248,0.257853333333333
"1249",1249,0.257431666666667
"1250",1250,0.256918333333333
"1251",1251,0.256186666666667
"1252",1252,0.255551666666667
"1253",1253,0.254878333333333
"1254",1254,0.254038333333333
"1255",1255,0.253396666666667
"1256",1256,0.25277
"1257",1257,0.25214
"1258",1258,0.251515
"1259",1259,0.251021666666667
"1260",1260,0.250495
"1261",1261,0.250001666666667
"1262",1262,0.249348333333333
"1263",1263,0.248716666666667
"1264",1264,0.247781666666667
"1265",1265,0.246826666666667
"1266",1266,0.246153333333333
"1267",1267,0.245398333333333
"1268",1268,0.244856666666667
"1269",1269,0.244328333333333
"1270",1270,0.243746666666667
"1271",1271,0.243328333333333
"1272",1272,0.242541666666667
"1273",1273,0.241706666666667
"1274",1274,0.240976666666667
"1275",1275,0.240283333333333
"1276",1276,0.239931666666667
"1277",1277,0.239533333333333
"1278",1278,0.239008333333333
"1279",1279,0.238458333333333
"1280",1280,0.237826666666667
"1281",1281,0.237306666666667
"1282",1282,0.236936666666667
"1283",1283,0.236453333333333
"1284",1284,0.235935
"1285",1285,0.235385
"1286",1286,0.234741666666667
"1287",1287,0.234135
"1288",1288,0.23351
"1289",1289,0.233025
"1290",1290,0.23268
"1291",1291,0.232178333333333
"1292",1292,0.23159
"1293",1293,0.23117
"1294",1294,0.23057
"1295",1295,0.22985
"1296",1296,0.229506666666667
"1297",1297,0.229143333333333
"1298",1298,0.228475
"1299",1299,0.228011666666667
"1300",1300,0.227255
"1301",1301,0.22621
"1302",1302,0.225698333333333
"1303",1303,0.225135
"1304",1304,0.224585
"1305",1305,0.22414
"1306",1306,0.223288333333333
"1307",1307,0.222503333333333
"1308",1308,0.221891666666667
"1309",1309,0.22138
"1310",1310,0.22094
"1311",1311,0.2207
"1312",1312,0.220415
"1313",1313,0.220116666666667
"1314",1314,0.219931666666667
"1315",1315,0.219925
"1316",1316,0.219775
"1317",1317,0.219638333333333
"1318",1318,0.219443333333333
"1319",1319,0.219186666666667
"1320",1320,0.218941666666667
"1321",1321,0.218686666666667
"1322",1322,0.218463333333333
"1323",1323,0.218043333333333
"1324",1324,0.217568333333333
"1325",1325,0.21742
"1326",1326,0.217201666666667
"1327",1327,0.216808333333333
"1328",1328,0.21668
"1329",1329,0.2163
"1330",1330,0.215568333333333
"1331",1331,0.215198333333333
"1332",1332,0.214723333333333
"1333",1333,0.21425
"1334",1334,0.214016666666667
"1335",1335,0.213518333333333
"1336",1336,0.213021666666667
"1337",1337,0.212473333333333
"1338",1338,0.21176
"1339",1339,0.211273333333333
"1340",1340,0.210828333333333
"1341",1341,0.210191666666667
"1342",1342,0.20956
"1343",1343,0.208938333333333
"1344",1344,0.208301666666667
"1345",1345,0.207725
"1346",1346,0.207288333333333
"1347",1347,0.206743333333333
"1348",1348,0.206073333333333
"1349",1349,0.205556666666667
"1350",1350,0.205151666666667
"1351",1351,0.204656666666667
"1352",1352,0.204215
"1353",1353,0.203816666666667
"1354",1354,0.203268333333333
"1355",1355,0.202851666666667
"1356",1356,0.202821666666667
"1357",1357,0.202438333333333
"1358",1358,0.201773333333333
"1359",1359,0.20127
"1360",1360,0.200426666666667
"1361",1361,0.199913333333333
"1362",1362,0.200165
"1363",1363,0.199871666666667
"1364",1364,0.199236666666667
"1365",1365,0.198775
"1366",1366,0.198338333333333
"1367",1367,0.197203333333333
"1368",1368,0.196371666666667
"1369",1369,0.196365
"1370",1370,0.196021666666667
"1371",1371,0.195366666666667
"1372",1372,0.195366666666667
"1373",1373,0.195256666666667
"1374",1374,0.194585
"1375",1375,0.194236666666667
"1376",1376,0.193493333333333
"1377",1377,0.191998333333333
"1378",1378,0.191095
"1379",1379,0.190671666666667
"1380",1380,0.19025
"1381",1381,0.190258333333333
"1382",1382,0.190045
"1383",1383,0.189135
"1384",1384,0.188076666666667
"1385",1385,0.187075
"1386",1386,0.186385
"1387",1387,0.185958333333333
"1388",1388,0.185541666666667
"1389",1389,0.185253333333333
"1390",1390,0.18463
"1391",1391,0.183896666666667
"1392",1392,0.183233333333333
"1393",1393,0.182661666666667
"1394",1394,0.181785
"1395",1395,0.180618333333333
"1396",1396,0.179875
"1397",1397,0.17917
"1398",1398,0.178461666666667
"1399",1399,0.178103333333333
"1400",1400,0.177586666666667
"1401",1401,0.176813333333333
"1402",1402,0.176118333333333
"1403",1403,0.175548333333333
"1404",1404,0.174928333333333
"1405",1405,0.174333333333333
"1406",1406,0.173673333333333
"1407",1407,0.172991666666667
"1408",1408,0.172246666666667
"1409",1409,0.171228333333333
"1410",1410,0.170423333333333
"1411",1411,0.1701
"1412",1412,0.169135
"1413",1413,0.167763333333333
"1414",1414,0.16674
"1415",1415,0.164995
"1416",1416,0.164318333333333
"1417",1417,0.164995
"1418",1418,0.164495
"1419",1419,0.164061666666667
"1420",1420,0.163338333333333
"1421",1421,0.16136
"1422",1422,0.160518333333333
"1423",1423,0.160443333333333
"1424",1424,0.15995
"1425",1425,0.159733333333333
"1426",1426,0.159333333333333
"1427",1427,0.158721666666667
"1428",1428,0.157973333333333
"1429",1429,0.157316666666667
"1430",1430,0.156383333333333
"1431",1431,0.154925
"1432",1432,0.153821666666667
"1433",1433,0.152291666666667
"1434",1434,0.15173
"1435",1435,0.152471666666667
"1436",1436,0.151976666666667
"1437",1437,0.15169
"1438",1438,0.150913333333333
"1439",1439,0.147986666666667
"1440",1440,0.147143333333333
"1441",1441,0.1485
"1442",1442,0.14783
"1443",1443,0.146968333333333
"1444",1444,0.146118333333333
"1445",1445,0.142776666666667
"1446",1446,0.141866666666667
"1447",1447,0.144016666666667
"1448",1448,0.143703333333333
"1449",1449,0.142826666666667
"1450",1450,0.142168333333333
"1451",1451,0.139841666666667
"1452",1452,0.138551666666667
"1453",1453,0.138763333333333
"1454",1454,0.138026666666667
"1455",1455,0.136476666666667
"1456",1456,0.135595
"1457",1457,0.134795
"1458",1458,0.134156666666667
"1459",1459,0.133955
"1460",1460,0.133748333333333
"1461",1461,0.134106666666667
"1462",1462,0.133495
"1463",1463,0.132463333333333
"1464",1464,0.131408333333333
"1465",1465,0.1289955
"1466",1466,0.127847666666667
"1467",1467,0.127386666666667
"1468",1468,0.12719
"1469",1469,0.12872
"1470",1470,0.128151666666667
"1471",1471,0.126671666666667
"1472",1472,0.125121666666667
"1473",1473,0.1209555
"1474",1474,0.119607
"1475",1475,0.12046
"1476",1476,0.120161666666667
"1477",1477,0.12079
"1478",1478,0.12089
"1479",1479,0.120213166666667
"1480",1480,0.119488666666667
"1481",1481,0.118955666666667
"1482",1482,0.118269333333333
"1483",1483,0.116957166666667
"1484",1484,0.115681666666667
"1485",1485,0.114347333333333
"1486",1486,0.11337
"1487",1487,0.112018333333333
"1488",1488,0.1116605
"1489",1489,0.112684333333333
"1490",1490,0.112861833333333
"1491",1491,0.113235666666667
"1492",1492,0.112743333333333
"1493",1493,0.110911333333333
"1494",1494,0.110472666666667
"1495",1495,0.1108835
"1496",1496,0.110084
"1497",1497,0.109205666666667
"1498",1498,0.108909166666667
"1499",1499,0.107446
"1500",1500,0.107342
"1501",1501,0.110153333333333
"1502",1502,0.0506393333333333
"1503",1503,0.0429033333333333
"1504",1504,0.0435998333333333
"1505",1505,0.0453343333333333
"1506",1506,0.0347833333333333
"1507",1507,0.0324451666666667
"1508",1508,0.0464788333333333
"1509",1509,0.0453853333333333
"1510",1510,0.0419041666666667
"1511",1511,0.0408996666666667
"1512",1512,0.037252
"1513",1513,0.0374296666666667
"1514",1514,0.0439428333333333
"1515",1515,0.0571826666666667
"1516",1516,0.0498945
"1517",1517,0.0366051666666667
"1518",1518,0.0394365
"1519",1519,0.0430158333333333
"1520",1520,0.0425501666666667
"1521",1521,0.0381666666666667
"1522",1522,0.041891
"1523",1523,0.0434901666666667
"1524",1524,0.0405753333333333
"1525",1525,0.0415503333333333
"1526",1526,0.040567
"1527",1527,0.0380033333333333
"1528",1528,0.0373688333333333
"1529",1529,0.0384108333333333
"1530",1530,0.041419
"1531",1531,0.0452065
"1532",1532,0.0379401666666667
"1533",1533,0.0345403333333333
"1534",1534,0.0426691666666667
"1535",1535,0.0434663333333333
"1536",1536,0.0432501666666667
"1537",1537,0.0445583333333333
"1538",1538,0.0459363333333333
"1539",1539,0.0437193333333333
"1540",1540,0.0399531666666667
"1541",1541,0.0396775
"1542",1542,0.0425073333333333
"1543",1543,0.0439991666666667
"1544",1544,0.0410126666666667
"1545",1545,0.0429026666666667
"1546",1546,0.0459295
"1547",1547,0.046626
"1548",1548,0.0441686666666667
"1549",1549,0.0419305
"1550",1550,0.0409083333333333
"1551",1551,0.0395411666666667
"1552",1552,0.0408585
"1553",1553,0.042856
"1554",1554,0.0415981666666667
"1555",1555,0.0404156666666667
"1556",1556,0.0415768333333333
"1557",1557,0.0453125
"1558",1558,0.0434976666666667
"1559",1559,0.0420483333333333
"1560",1560,0.0436813333333333
"1561",1561,0.042941
"1562",1562,0.0415103333333333
"1563",1563,0.0408733333333333
"1564",1564,0.0428141666666667
"1565",1565,0.043882
"1566",1566,0.0437111666666667
"1567",1567,0.0431046666666667
"1568",1568,0.0426298333333333
"1569",1569,0.0423336666666667
"1570",1570,0.042249
"1571",1571,0.0431215
"1572",1572,0.0432631666666667
"1573",1573,0.0423191666666667
"1574",1574,0.0424075
"1575",1575,0.0430388333333333
"1576",1576,0.0436066666666667
"1577",1577,0.0432416666666667
"1578",1578,0.0433811666666667
"1579",1579,0.043729
"1580",1580,0.04356
"1581",1581,0.043645
"1582",1582,0.0433863333333333
"1583",1583,0.0425448333333333
"1584",1584,0.0427183333333333
"1585",1585,0.0430563333333333
"1586",1586,0.043082
"1587",1587,0.0428573333333333
"1588",1588,0.0430265
"1589",1589,0.043337
"1590",1590,0.0429445
"1591",1591,0.0427465
"1592",1592,0.0430458333333333
"1593",1593,0.0438036666666667
"1594",1594,0.0438171666666667
"1595",1595,0.0432858333333333
"1596",1596,0.0427028333333333
"1597",1597,0.0429125
"1598",1598,0.0434365
"1599",1599,0.0438801666666667
"1600",1600,0.0438811666666667
"1601",1601,0.0436803333333333
"1602",1602,0.043611
"1603",1603,0.0440728333333333
"1604",1604,0.0446366666666667
"1605",1605,0.0447133333333333
"1606",1606,0.0440445
"1607",1607,0.0443663333333333
"1608",1608,0.0448315
"1609",1609,0.0447871666666667
"1610",1610,0.0444268333333333
"1611",1611,0.0441258333333333
"1612",1612,0.0441231666666667
"1613",1613,0.044581
"1614",1614,0.0449356666666667
"1615",1615,0.044964
"1616",1616,0.0446443333333333
"1617",1617,0.044753
"1618",1618,0.0448611666666667
"1619",1619,0.044568
"1620",1620,0.0445203333333333
"1621",1621,0.044467
"1622",1622,0.044367
"1623",1623,0.0447018333333333
"1624",1624,0.0447525
"1625",1625,0.0446145
"1626",1626,0.044953
"1627",1627,0.0450541666666667
"1628",1628,0.0447673333333333
"1629",1629,0.0442225
"1630",1630,0.0443451666666667
"1631",1631,0.0446906666666667
"1632",1632,0.0448303333333333
"1633",1633,0.044892
"1634",1634,0.0448326666666667
"1635",1635,0.0446816666666667
"1636",1636,0.0444996666666667
"1637",1637,0.0451018333333333
"1638",1638,0.0459006666666667
"1639",1639,0.0456606666666667
"1640",1640,0.0454906666666667
"1641",1641,0.0455848333333333
"1642",1642,0.0458901666666667
"1643",1643,0.0461571666666667
"1644",1644,0.0461458333333333
"1645",1645,0.0459826666666667
"1646",1646,0.0466438333333333
"1647",1647,0.0470081666666667
"1648",1648,0.0470088333333333
"1649",1649,0.0474165
"1650",1650,0.0478686666666667
"1651",1651,0.0482371666666667
"1652",1652,0.0484925
"1653",1653,0.0489333333333333
"1654",1654,0.0496158333333333
"1655",1655,0.050487
"1656",1656,0.0513388333333333
"1657",1657,0.0519335
"1658",1658,0.0523665
"1659",1659,0.0532211666666667
"1660",1660,0.0541283333333333
"1661",1661,0.055129
"1662",1662,0.0564308333333333
"1663",1663,0.0577741666666667
"1664",1664,0.0591466666666667
"1665",1665,0.0606038333333333
"1666",1666,0.0622581666666667
"1667",1667,0.0639523333333333
"1668",1668,0.0656771666666667
"1669",1669,0.0678048333333333
"1670",1670,0.0699166666666667
"1671",1671,0.0719856666666667
"1672",1672,0.0743116666666667
"1673",1673,0.07671
"1674",1674,0.0789731666666667
"1675",1675,0.0809856666666667
"1676",1676,0.083639
"1677",1677,0.0862175
"1678",1678,0.0882196666666667
"1679",1679,0.0904575
"1680",1680,0.092584
"1681",1681,0.0944686666666667
"1682",1682,0.096248
"1683",1683,0.0981043333333333
"1684",1684,0.0998218333333333
"1685",1685,0.101019166666667
"1686",1686,0.1023965
"1687",1687,0.1036395
"1688",1688,0.104415333333333
"1689",1689,0.1053295
"1690",1690,0.1061235
"1691",1691,0.106713333333333
"1692",1692,0.1074045
"1693",1693,0.107932333333333
"1694",1694,0.108312666666667
"1695",1695,0.1087535
"1696",1696,0.109229
"1697",1697,0.1096425
"1698",1698,0.1099015
"1699",1699,0.110245666666667
"1700",1700,0.110570833333333
"1701",1701,0.110833666666667
"1702",1702,0.111303833333333
"1703",1703,0.1114965
"1704",1704,0.111386833333333
"1705",1705,0.111494333333333
"1706",1706,0.1114175
"1707",1707,0.111183333333333
"1708",1708,0.110938666666667
"1709",1709,0.110297333333333
"1710",1710,0.1095475
"1711",1711,0.108926833333333
"1712",1712,0.108028166666667
"1713",1713,0.107027833333333
"1714",1714,0.105977666666667
"1715",1715,0.104704166666667
"1716",1716,0.103434833333333
"1717",1717,0.1021175
"1718",1718,0.100569333333333
"1719",1719,0.0990015
"1720",1720,0.097418
"1721",1721,0.095786
"1722",1722,0.0941955
"1723",1723,0.0925231666666667
"1724",1724,0.0907633333333333
"1725",1725,0.0891708333333333
"1726",1726,0.0876396666666667
"1727",1727,0.0861713333333333
"1728",1728,0.0848316666666667
"1729",1729,0.0834876666666667
"1730",1730,0.0822256666666667
"1731",1731,0.081156
"1732",1732,0.0800625
"1733",1733,0.0790446666666667
"1734",1734,0.0781676666666667
"1735",1735,0.0773238333333333
"1736",1736,0.0764996666666667
"1737",1737,0.0756965
"1738",1738,0.0749273333333333
"1739",1739,0.0742291666666667
"1740",1740,0.0736163333333333
"1741",1741,0.0730778333333333
"1742",1742,0.0724783333333333
"1743",1743,0.0719206666666667
"1744",1744,0.071496
"1745",1745,0.07112
"1746",1746,0.0707743333333333
"1747",1747,0.0704371666666667
"1748",1748,0.0700678333333333
"1749",1749,0.069764
"1750",1750,0.0694983333333333
"1751",1751,0.069186
"1752",1752,0.068919
"1753",1753,0.068634
"1754",1754,0.0682883333333333
"1755",1755,0.0680821666666667
"1756",1756,0.0677803333333333
"1757",1757,0.0673165
"1758",1758,0.0669293333333333
"1759",1759,0.0665006666666667
"1760",1760,0.0660316666666667
"1761",1761,0.0655826666666667
"1762",1762,0.0650686666666667
"1763",1763,0.0645555
"1764",1764,0.0641
"1765",1765,0.0635458333333333
"1766",1766,0.0630201666666667
"1767",1767,0.0625626666666667
"1768",1768,0.0620186666666667
"1769",1769,0.0614995
"1770",1770,0.0610298333333333
"1771",1771,0.0605846666666667
"1772",1772,0.0601041666666667
"1773",1773,0.059646
"1774",1774,0.059283
"1775",1775,0.0589946666666667
"1776",1776,0.0587368333333333
"1777",1777,0.0584888333333333
"1778",1778,0.058285
"1779",1779,0.058066
"1780",1780,0.0578503333333333
"1781",1781,0.0577158333333333
"1782",1782,0.0575433333333333
"1783",1783,0.0573765
"1784",1784,0.0572728333333333
"1785",1785,0.0571446666666667
"1786",1786,0.0569556666666667
"1787",1787,0.0566868333333333
"1788",1788,0.056338
"1789",1789,0.0559633333333333
"1790",1790,0.0555695
"1791",1791,0.055121
"1792",1792,0.0546061666666667
"1793",1793,0.0540451666666667
"1794",1794,0.053475
"1795",1795,0.052881
"1796",1796,0.0523536666666667
"1797",1797,0.0519193333333333
"1798",1798,0.0514411666666667
"1799",1799,0.0508903333333333
"1800",1800,0.050368
"1801",1801,0.0501071666666667
"1802",1802,0.0497996666666667
"1803",1803,0.0494963333333333
"1804",1804,0.0493373333333333
"1805",1805,0.0491983333333333
"1806",1806,0.0490126666666667
"1807",1807,0.048789
"1808",1808,0.0487273333333333
"1809",1809,0.048596
"1810",1810,0.0483496666666667
"1811",1811,0.0481068333333333
"1812",1812,0.0478615
"1813",1813,0.0476233333333333
"1814",1814,0.047406
"1815",1815,0.0472405
"1816",1816,0.047112
"1817",1817,0.0470181666666667
"1818",1818,0.0470115
"1819",1819,0.0470468333333333
"1820",1820,0.0471245
"1821",1821,0.0472855
"1822",1822,0.047436
"1823",1823,0.047648
"1824",1824,0.0480086666666667
"1825",1825,0.0483235
"1826",1826,0.0486898333333333
"1827",1827,0.0491706666666667
"1828",1828,0.0496803333333333
"1829",1829,0.0502023333333333
"1830",1830,0.0507856666666667
"1831",1831,0.0515411666666667
"1832",1832,0.05219
"1833",1833,0.0528705
"1834",1834,0.0537731666666667
"1835",1835,0.0545538333333333
"1836",1836,0.0554061666666667
"1837",1837,0.0564185
"1838",1838,0.0573185
"1839",1839,0.0583776666666667
"1840",1840,0.0596633333333333
"1841",1841,0.0611033333333333
"1842",1842,0.0628313333333333
"1843",1843,0.065013
"1844",1844,0.0677828333333333
"1845",1845,0.0710211666666667
"1846",1846,0.0749105
"1847",1847,0.0795393333333333
"1848",1848,0.0847868333333333
"1849",1849,0.0906981666666667
"1850",1850,0.0972698333333333
"1851",1851,0.104466166666667
"1852",1852,0.112181333333333
"1853",1853,0.120391666666667
"1854",1854,0.12905
"1855",1855,0.137968333333333
"1856",1856,0.147145
"1857",1857,0.156558333333333
"1858",1858,0.16613
"1859",1859,0.17583
"1860",1860,0.185616666666667
"1861",1861,0.195481666666667
"1862",1862,0.205411666666667
"1863",1863,0.215391666666667
"1864",1864,0.2254
"1865",1865,0.23548
"1866",1866,0.245495
"1867",1867,0.255425
"1868",1868,0.265401666666667
"1869",1869,0.27526
"1870",1870,0.284983333333333
"1871",1871,0.294621666666667
"1872",1872,0.30412
"1873",1873,0.313416666666667
"1874",1874,0.322473333333333
"1875",1875,0.331286666666667
"1876",1876,0.339863333333333
"1877",1877,0.348178333333333
"1878",1878,0.35617
"1879",1879,0.363871666666667
"1880",1880,0.371251666666667
"1881",1881,0.378306666666667
"1882",1882,0.384981666666667
"1883",1883,0.391313333333333
"1884",1884,0.397325
"1885",1885,0.403041666666667
"1886",1886,0.408373333333333
"1887",1887,0.413338333333333
"1888",1888,0.418066666666667
"1889",1889,0.422476666666667
"1890",1890,0.426556666666667
"1891",1891,0.430318333333333
"1892",1892,0.433795
"1893",1893,0.437003333333333
"1894",1894,0.439946666666667
"1895",1895,0.442663333333333
"1896",1896,0.44511
"1897",1897,0.447298333333333
"1898",1898,0.449286666666667
"1899",1899,0.451073333333333
"1900",1900,0.452671666666667
"1901",1901,0.454096666666667
"1902",1902,0.455346666666667
"1903",1903,0.456458333333333
"1904",1904,0.457453333333333
"1905",1905,0.45831
"1906",1906,0.459063333333333
"1907",1907,0.459718333333333
"1908",1908,0.460268333333333
"1909",1909,0.460791666666667
"1910",1910,0.461228333333333
"1911",1911,0.461561666666667
"1912",1912,0.461903333333333
"1913",1913,0.4622
"1914",1914,0.462426666666667
"1915",1915,0.46257
"1916",1916,0.462695
"1917",1917,0.46279
"1918",1918,0.462838333333333
"1919",1919,0.462908333333333
"1920",1920,0.462948333333333
"1921",1921,0.46294
"1922",1922,0.462915
"1923",1923,0.462915
"1924",1924,0.462918333333333
"1925",1925,0.46287
"1926",1926,0.462843333333333
"1927",1927,0.462808333333333
"1928",1928,0.462735
"1929",1929,0.462735
"1930",1930,0.46274
"1931",1931,0.462721666666667
"1932",1932,0.46271
"1933",1933,0.462695
"1934",1934,0.462683333333333
"1935",1935,0.462706666666667
"1936",1936,0.462733333333333
"1937",1937,0.462748333333333
"1938",1938,0.462753333333333
"1939",1939,0.462766666666667
"1940",1940,0.462776666666667
"1941",1941,0.462786666666667
"1942",1942,0.462795
"1943",1943,0.462808333333333
"1944",1944,0.462808333333333
"1945",1945,0.46279
"1946",1946,0.462823333333333
"1947",1947,0.462863333333333
"1948",1948,0.462896666666667
"1949",1949,0.46296
"1950",1950,0.463006666666667
"1951",1951,0.463038333333333
"1952",1952,0.463065
"1953",1953,0.463093333333333
"1954",1954,0.463133333333333
"1955",1955,0.463185
"1956",1956,0.463243333333333
"1957",1957,0.463293333333333
"1958",1958,0.463321666666667
"1959",1959,0.46333
"1960",1960,0.463403333333333
"1961",1961,0.463456666666667
"1962",1962,0.463421666666667
"1963",1963,0.463511666666667
"1964",1964,0.463568333333333
"1965",1965,0.463538333333333
"1966",1966,0.463563333333333
"1967",1967,0.463633333333333
"1968",1968,0.463696666666667
"1969",1969,0.46369
"1970",1970,0.46372
"1971",1971,0.463768333333333
"1972",1972,0.46381
"1973",1973,0.463885
"1974",1974,0.463926666666667
"1975",1975,0.463948333333333
"1976",1976,0.464015
"1977",1977,0.464045
"1978",1978,0.464041666666667
"1979",1979,0.464043333333333
"1980",1980,0.464138333333333
"1981",1981,0.464221666666667
"1982",1982,0.464246666666667
"1983",1983,0.464251666666667
"1984",1984,0.464256666666667
"1985",1985,0.464295
"1986",1986,0.464375
"1987",1987,0.464361666666667
"1988",1988,0.464351666666667
"1989",1989,0.464396666666667
"1990",1990,0.464458333333333
"1991",1991,0.464491666666667
"1992",1992,0.4645
"1993",1993,0.46451
"1994",1994,0.464526666666667
"1995",1995,0.46457
"1996",1996,0.464631666666667
"1997",1997,0.464625
"1998",1998,0.46464
"1999",1999,0.464685
"2000",2000,0.46468
"2001",2001,0.464701666666667
"2002",2002,0.46473
"2003",2003,0.464728333333333
"2004",2004,0.464776666666667
"2005",2005,0.464813333333333
"2006",2006,0.464806666666667
"2007",2007,0.464763333333333
"2008",2008,0.464808333333333
"2009",2009,0.464855
"2010",2010,0.464778333333333
"2011",2011,0.464785
"2012",2012,0.464816666666667
"2013",2013,0.464828333333333
"2014",2014,0.464858333333333
"2015",2015,0.464855
"2016",2016,0.46484
"2017",2017,0.464853333333333
"2018",2018,0.464846666666667
"2019",2019,0.464851666666667
"2020",2020,0.464888333333333
"2021",2021,0.464833333333333
"2022",2022,0.464793333333333
"2023",2023,0.464793333333333
"2024",2024,0.464785
"2025",2025,0.464806666666667
"2026",2026,0.464846666666667
"2027",2027,0.464865
"2028",2028,0.46479
"2029",2029,0.464778333333333
"2030",2030,0.464856666666667
"2031",2031,0.46487
"2032",2032,0.464813333333333
"2033",2033,0.464771666666667
"2034",2034,0.464843333333333
"2035",2035,0.464815
"2036",2036,0.464761666666667
"2037",2037,0.464741666666667
"2038",2038,0.464765
"2039",2039,0.464741666666667
"2040",2040,0.464705
"2041",2041,0.464743333333333
"2042",2042,0.464726666666667
"2043",2043,0.464688333333333
"2044",2044,0.464663333333333
"2045",2045,0.464698333333333
"2046",2046,0.464676666666667
"2047",2047,0.464611666666667
"2048",2048,0.464606666666667
"2049",2049,0.46461
"2050",2050,0.464585
"2051",2051,0.46454
"2052",2052,0.46462
"2053",2053,0.464578333333333
"2054",2054,0.464446666666667
"2055",2055,0.464508333333333
"2056",2056,0.464515
"2057",2057,0.464473333333333
"2058",2058,0.464451666666667
"2059",2059,0.46449
"2060",2060,0.464508333333333
"2061",2061,0.46448
"2062",2062,0.464433333333333
"2063",2063,0.464421666666667
"2064",2064,0.464416666666667
"2065",2065,0.464395
"2066",2066,0.464398333333333
"2067",2067,0.464395
"2068",2068,0.464355
"2069",2069,0.464253333333333
"2070",2070,0.464226666666667
"2071",2071,0.46424
"2072",2072,0.464188333333333
"2073",2073,0.46412
"2074",2074,0.464096666666667
"2075",2075,0.464108333333333
"2076",2076,0.464031666666667
"2077",2077,0.46397
"2078",2078,0.463953333333333
"2079",2079,0.463973333333333
"2080",2080,0.463976666666667
"2081",2081,0.463983333333333
"2082",2082,0.463965
"2083",2083,0.463811666666667
"2084",2084,0.463646666666667
"2085",2085,0.463531666666667
"2086",2086,0.463481666666667
"2087",2087,0.463318333333333
"2088",2088,0.463178333333333
"2089",2089,0.463148333333333
"2090",2090,0.463085
"2091",2091,0.463003333333333
"2092",2092,0.462928333333333
"2093",2093,0.462886666666667
"2094",2094,0.462808333333333
"2095",2095,0.46263
"2096",2096,0.462386666666667
"2097",2097,0.462441666666667
"2098",2098,0.46234
"2099",2099,0.462083333333333
"2100",2100,0.46197
"2101",2101,0.461765
"2102",2102,0.461661666666667
"2103",2103,0.461706666666667
"2104",2104,0.461281666666667
"2105",2105,0.461066666666667
"2106",2106,0.461095
"2107",2107,0.46088
"2108",2108,0.460621666666667
"2109",2109,0.460456666666667
"2110",2110,0.460403333333333
"2111",2111,0.46005
"2112",2112,0.459933333333333
"2113",2113,0.460008333333333
"2114",2114,0.459765
"2115",2115,0.459656666666667
"2116",2116,0.459608333333333
"2117",2117,0.459473333333333
"2118",2118,0.45926
"2119",2119,0.4591
"2120",2120,0.459106666666667
"2121",2121,0.459386666666667
"2122",2122,0.45922
"2123",2123,0.45898
"2124",2124,0.459056666666667
"2125",2125,0.45904
"2126",2126,0.458908333333333
"2127",2127,0.458803333333333
"2128",2128,0.45902
"2129",2129,0.458991666666667
"2130",2130,0.458871666666667
"2131",2131,0.458866666666667
"2132",2132,0.458713333333333
"2133",2133,0.458645
"2134",2134,0.458703333333333
"2135",2135,0.458773333333333
"2136",2136,0.458721666666667
"2137",2137,0.458703333333333
"2138",2138,0.458843333333333
"2139",2139,0.459001666666667
"2140",2140,0.458998333333333
"2141",2141,0.458865
"2142",2142,0.458803333333333
"2143",2143,0.459021666666667
"2144",2144,0.459058333333333
"2145",2145,0.458706666666667
"2146",2146,0.458996666666667
"2147",2147,0.459043333333333
"2148",2148,0.458913333333333
"2149",2149,0.459275
"2150",2150,0.459141666666667
"2151",2151,0.458995
