"","wavelength","ash_mean_reflectance"
"1",1,0.72358
"2",2,0.72342
"3",3,0.72366
"4",4,0.72376
"5",5,0.72343
"6",6,0.72358
"7",7,0.72413
"8",8,0.72434
"9",9,0.72459
"10",10,0.72477
"11",11,0.72474
"12",12,0.72475
"13",13,0.72509
"14",14,0.72524
"15",15,0.72543
"16",16,0.72569
"17",17,0.72591
"18",18,0.7261
"19",19,0.72631
"20",20,0.72646
"21",21,0.72662
"22",22,0.72685
"23",23,0.72704
"24",24,0.72706
"25",25,0.72708
"26",26,0.72686
"27",27,0.7268
"28",28,0.7271
"29",29,0.72726
"30",30,0.7275
"31",31,0.72797
"32",32,0.72825
"33",33,0.72849
"34",34,0.7286
"35",35,0.72855
"36",36,0.72858
"37",37,0.72875
"38",38,0.72887
"39",39,0.72921
"40",40,0.72956
"41",41,0.72955
"42",42,0.72968
"43",43,0.72995
"44",44,0.73
"45",45,0.73019
"46",46,0.73037
"47",47,0.73053
"48",48,0.73064
"49",49,0.73086
"50",50,0.73091
"51",51,0.7311
"52",52,0.73142
"53",53,0.73151
"54",54,0.73173
"55",55,0.73204
"56",56,0.73216
"57",57,0.73234
"58",58,0.73249
"59",59,0.73246
"60",60,0.73254
"61",61,0.7326
"62",62,0.73264
"63",63,0.73275
"64",64,0.73304
"65",65,0.73327
"66",66,0.73355
"67",67,0.73377
"68",68,0.73382
"69",69,0.73386
"70",70,0.73392
"71",71,0.73402
"72",72,0.73411
"73",73,0.73418
"74",74,0.73434
"75",75,0.73456
"76",76,0.73467
"77",77,0.73471
"78",78,0.73485
"79",79,0.735
"80",80,0.73505
"81",81,0.73517
"82",82,0.73555
"83",83,0.73565
"84",84,0.73579
"85",85,0.73602
"86",86,0.73593
"87",87,0.73598
"88",88,0.73611
"89",89,0.73619
"90",90,0.73631
"91",91,0.73645
"92",92,0.7366
"93",93,0.73663
"94",94,0.7366
"95",95,0.73665
"96",96,0.73664
"97",97,0.73659
"98",98,0.73662
"99",99,0.73667
"100",100,0.73669
"101",101,0.73679
"102",102,0.73704
"103",103,0.73717
"104",104,0.73724
"105",105,0.7373
"106",106,0.7373
"107",107,0.73717
"108",108,0.73714
"109",109,0.73711
"110",110,0.7371
"111",111,0.73714
"112",112,0.73719
"113",113,0.73719
"114",114,0.73719
"115",115,0.7372
"116",116,0.73712
"117",117,0.73705
"118",118,0.73702
"119",119,0.73691
"120",120,0.73671
"121",121,0.73656
"122",122,0.73632
"123",123,0.7362
"124",124,0.73626
"125",125,0.73616
"126",126,0.73609
"127",127,0.73594
"128",128,0.73573
"129",129,0.73536
"130",130,0.73498
"131",131,0.73464
"132",132,0.73436
"133",133,0.73409
"134",134,0.73369
"135",135,0.73331
"136",136,0.73282
"137",137,0.73212
"138",138,0.73153
"139",139,0.73091
"140",140,0.73038
"141",141,0.72995
"142",142,0.72942
"143",143,0.72893
"144",144,0.72837
"145",145,0.72771
"146",146,0.72701
"147",147,0.72646
"148",148,0.72595
"149",149,0.72532
"150",150,0.7247
"151",151,0.72406
"152",152,0.72331
"153",153,0.72266
"154",154,0.7221
"155",155,0.72149
"156",156,0.7208
"157",157,0.72024
"158",158,0.71977
"159",159,0.71923
"160",160,0.71872
"161",161,0.71821
"162",162,0.71757
"163",163,0.71707
"164",164,0.71665
"165",165,0.71634
"166",166,0.71594
"167",167,0.71556
"168",168,0.71521
"169",169,0.71485
"170",170,0.71451
"171",171,0.71424
"172",172,0.71393
"173",173,0.71353
"174",174,0.71322
"175",175,0.71299
"176",176,0.7127
"177",177,0.71244
"178",178,0.71215
"179",179,0.71177
"180",180,0.71147
"181",181,0.7112
"182",182,0.71098
"183",183,0.7107
"184",184,0.71043
"185",185,0.71017
"186",186,0.70986
"187",187,0.70962
"188",188,0.70941
"189",189,0.70924
"190",190,0.70909
"191",191,0.70897
"192",192,0.70891
"193",193,0.70886
"194",194,0.70885
"195",195,0.70884
"196",196,0.70885
"197",197,0.70886
"198",198,0.70884
"199",199,0.70885
"200",200,0.70892
"201",201,0.70901
"202",202,0.70914
"203",203,0.70935
"204",204,0.70949
"205",205,0.70963
"206",206,0.70979
"207",207,0.70991
"208",208,0.71011
"209",209,0.71039
"210",210,0.71063
"211",211,0.71086
"212",212,0.71114
"213",213,0.71142
"214",214,0.7117
"215",215,0.71198
"216",216,0.71228
"217",217,0.71265
"218",218,0.71298
"219",219,0.71337
"220",220,0.71389
"221",221,0.7143
"222",222,0.71468
"223",223,0.71507
"224",224,0.71541
"225",225,0.71581
"226",226,0.71627
"227",227,0.71666
"228",228,0.71705
"229",229,0.71744
"230",230,0.71779
"231",231,0.71817
"232",232,0.71861
"233",233,0.719
"234",234,0.71934
"235",235,0.71962
"236",236,0.71987
"237",237,0.72011
"238",238,0.72039
"239",239,0.72069
"240",240,0.72097
"241",241,0.72124
"242",242,0.72151
"243",243,0.72178
"244",244,0.72204
"245",245,0.72233
"246",246,0.72258
"247",247,0.7228
"248",248,0.72303
"249",249,0.72326
"250",250,0.72347
"251",251,0.72368
"252",252,0.7239
"253",253,0.72414
"254",254,0.72436
"255",255,0.72455
"256",256,0.72472
"257",257,0.72488
"258",258,0.72501
"259",259,0.72518
"260",260,0.72539
"261",261,0.72554
"262",262,0.72568
"263",263,0.7258
"264",264,0.72588
"265",265,0.72599
"266",266,0.72609
"267",267,0.72622
"268",268,0.72638
"269",269,0.7265
"270",270,0.72661
"271",271,0.72674
"272",272,0.72686
"273",273,0.72699
"274",274,0.72712
"275",275,0.7272
"276",276,0.72727
"277",277,0.72737
"278",278,0.7275
"279",279,0.72765
"280",280,0.72775
"281",281,0.72783
"282",282,0.7279
"283",283,0.72792
"284",284,0.72799
"285",285,0.72808
"286",286,0.72815
"287",287,0.72824
"288",288,0.72829
"289",289,0.7283
"290",290,0.72833
"291",291,0.72837
"292",292,0.72841
"293",293,0.72843
"294",294,0.72845
"295",295,0.72846
"296",296,0.72844
"297",297,0.72841
"298",298,0.72841
"299",299,0.72837
"300",300,0.72828
"301",301,0.72819
"302",302,0.72807
"303",303,0.72795
"304",304,0.72782
"305",305,0.72769
"306",306,0.72758
"307",307,0.72741
"308",308,0.72724
"309",309,0.72703
"310",310,0.72679
"311",311,0.72651
"312",312,0.7262
"313",313,0.72584
"314",314,0.72542
"315",315,0.72505
"316",316,0.7247
"317",317,0.72432
"318",318,0.72394
"319",319,0.72348
"320",320,0.72297
"321",321,0.72248
"322",322,0.72196
"323",323,0.72143
"324",324,0.72087
"325",325,0.72027
"326",326,0.71967
"327",327,0.71906
"328",328,0.71839
"329",329,0.71772
"330",330,0.71702
"331",331,0.71623
"332",332,0.71547
"333",333,0.71472
"334",334,0.71391
"335",335,0.71306
"336",336,0.71225
"337",337,0.71138
"338",338,0.7105
"339",339,0.70963
"340",340,0.70877
"341",341,0.70791
"342",342,0.70701
"343",343,0.7061
"344",344,0.7051
"345",345,0.70414
"346",346,0.70321
"347",347,0.70219
"348",348,0.70122
"349",349,0.70026
"350",350,0.69925
"351",351,0.6983
"352",352,0.69742
"353",353,0.69651
"354",354,0.69559
"355",355,0.69467
"356",356,0.69376
"357",357,0.69285
"358",358,0.69194
"359",359,0.691
"360",360,0.69009
"361",361,0.68913
"362",362,0.68813
"363",363,0.68719
"364",364,0.68627
"365",365,0.68531
"366",366,0.6843
"367",367,0.68329
"368",368,0.68226
"369",369,0.68121
"370",370,0.68017
"371",371,0.6791
"372",372,0.67792
"373",373,0.67667
"374",374,0.67533
"375",375,0.6739
"376",376,0.67239
"377",377,0.67082
"378",378,0.66913
"379",379,0.66737
"380",380,0.66542
"381",381,0.66334
"382",382,0.66109
"383",383,0.65868
"384",384,0.65612
"385",385,0.65344
"386",386,0.65059
"387",387,0.64755
"388",388,0.64439
"389",389,0.64102
"390",390,0.63748
"391",391,0.63381
"392",392,0.62994
"393",393,0.62595
"394",394,0.62181
"395",395,0.61747
"396",396,0.61303
"397",397,0.60853
"398",398,0.60398
"399",399,0.5994
"400",400,0.59471
"401",401,0.58994
"402",402,0.58513
"403",403,0.58031
"404",404,0.57543
"405",405,0.57061
"406",406,0.56578
"407",407,0.56101
"408",408,0.55624
"409",409,0.55156
"410",410,0.54693
"411",411,0.54242
"412",412,0.53796
"413",413,0.53368
"414",414,0.52951
"415",415,0.52547
"416",416,0.52159
"417",417,0.51783
"418",418,0.51423
"419",419,0.51075
"420",420,0.5074
"421",421,0.50424
"422",422,0.50122
"423",423,0.49839
"424",424,0.49572
"425",425,0.49315
"426",426,0.49073
"427",427,0.48844
"428",428,0.48626
"429",429,0.48425
"430",430,0.48237
"431",431,0.48061
"432",432,0.479
"433",433,0.47751
"434",434,0.47614
"435",435,0.47488
"436",436,0.47375
"437",437,0.47273
"438",438,0.47182
"439",439,0.47103
"440",440,0.47031
"441",441,0.46972
"442",442,0.46915
"443",443,0.46866
"444",444,0.46823
"445",445,0.46785
"446",446,0.46755
"447",447,0.46731
"448",448,0.46716
"449",449,0.46705
"450",450,0.46698
"451",451,0.46696
"452",452,0.46696
"453",453,0.46699
"454",454,0.46704
"455",455,0.4671
"456",456,0.46717
"457",457,0.46724
"458",458,0.46738
"459",459,0.46756
"460",460,0.46777
"461",461,0.46801
"462",462,0.4683
"463",463,0.46859
"464",464,0.46891
"465",465,0.46932
"466",466,0.46979
"467",467,0.47029
"468",468,0.47083
"469",469,0.47144
"470",470,0.47211
"471",471,0.4728
"472",472,0.47356
"473",473,0.47436
"474",474,0.47515
"475",475,0.47604
"476",476,0.47704
"477",477,0.47801
"478",478,0.47903
"479",479,0.48006
"480",480,0.48106
"481",481,0.48213
"482",482,0.48325
"483",483,0.48436
"484",484,0.48552
"485",485,0.48665
"486",486,0.48777
"487",487,0.48892
"488",488,0.49008
"489",489,0.4912
"490",490,0.49233
"491",491,0.49348
"492",492,0.49462
"493",493,0.49577
"494",494,0.49695
"495",495,0.49812
"496",496,0.49927
"497",497,0.50041
"498",498,0.50156
"499",499,0.5027
"500",500,0.50383
"501",501,0.50497
"502",502,0.50611
"503",503,0.50722
"504",504,0.50836
"505",505,0.5095
"506",506,0.5106
"507",507,0.51171
"508",508,0.51283
"509",509,0.51393
"510",510,0.51504
"511",511,0.51617
"512",512,0.51725
"513",513,0.51833
"514",514,0.51939
"515",515,0.52042
"516",516,0.52148
"517",517,0.52255
"518",518,0.52357
"519",519,0.52459
"520",520,0.52559
"521",521,0.52656
"522",522,0.52752
"523",523,0.52847
"524",524,0.52941
"525",525,0.53035
"526",526,0.53125
"527",527,0.53216
"528",528,0.53304
"529",529,0.53388
"530",530,0.53469
"531",531,0.53548
"532",532,0.53628
"533",533,0.53705
"534",534,0.53782
"535",535,0.53861
"536",536,0.53936
"537",537,0.54009
"538",538,0.54081
"539",539,0.54153
"540",540,0.54222
"541",541,0.54291
"542",542,0.54359
"543",543,0.54426
"544",544,0.54492
"545",545,0.54556
"546",546,0.54618
"547",547,0.54677
"548",548,0.54737
"549",549,0.54802
"550",550,0.54865
"551",551,0.54926
"552",552,0.54989
"553",553,0.5505
"554",554,0.55106
"555",555,0.55166
"556",556,0.55222
"557",557,0.55272
"558",558,0.55326
"559",559,0.55379
"560",560,0.55429
"561",561,0.55484
"562",562,0.55537
"563",563,0.55586
"564",564,0.55637
"565",565,0.55685
"566",566,0.55732
"567",567,0.55783
"568",568,0.55836
"569",569,0.55888
"570",570,0.55942
"571",571,0.55995
"572",572,0.56047
"573",573,0.56099
"574",574,0.56151
"575",575,0.56205
"576",576,0.56258
"577",577,0.56311
"578",578,0.56367
"579",579,0.56423
"580",580,0.56477
"581",581,0.56533
"582",582,0.56593
"583",583,0.56649
"584",584,0.56703
"585",585,0.56758
"586",586,0.56812
"587",587,0.5687
"588",588,0.56932
"589",589,0.56991
"590",590,0.57053
"591",591,0.57111
"592",592,0.57166
"593",593,0.57225
"594",594,0.57288
"595",595,0.57349
"596",596,0.57411
"597",597,0.57473
"598",598,0.57533
"599",599,0.57595
"600",600,0.5766
"601",601,0.57722
"602",602,0.57784
"603",603,0.57844
"604",604,0.57902
"605",605,0.5796
"606",606,0.58014
"607",607,0.58071
"608",608,0.58129
"609",609,0.58187
"610",610,0.58248
"611",611,0.58306
"612",612,0.58363
"613",613,0.58418
"614",614,0.58473
"615",615,0.58526
"616",616,0.58579
"617",617,0.58629
"618",618,0.58674
"619",619,0.58722
"620",620,0.58769
"621",621,0.58816
"622",622,0.58869
"623",623,0.58915
"624",624,0.58956
"625",625,0.58999
"626",626,0.59039
"627",627,0.59082
"628",628,0.59128
"629",629,0.59172
"630",630,0.59217
"631",631,0.5926
"632",632,0.593
"633",633,0.59342
"634",634,0.59385
"635",635,0.59424
"636",636,0.59463
"637",637,0.59501
"638",638,0.59536
"639",639,0.59571
"640",640,0.59606
"641",641,0.59641
"642",642,0.59677
"643",643,0.59707
"644",644,0.59734
"645",645,0.59758
"646",646,0.59774
"647",647,0.59789
"648",648,0.59802
"649",649,0.59811
"650",650,0.59817
"651",651,0.59817
"652",652,0.5981
"653",653,0.59803
"654",654,0.5979
"655",655,0.59776
"656",656,0.59764
"657",657,0.59744
"658",658,0.59717
"659",659,0.5969
"660",660,0.5966
"661",661,0.59626
"662",662,0.5959
"663",663,0.59552
"664",664,0.59509
"665",665,0.59466
"666",666,0.59424
"667",667,0.59379
"668",668,0.59332
"669",669,0.59284
"670",670,0.59235
"671",671,0.59183
"672",672,0.59132
"673",673,0.59075
"674",674,0.59014
"675",675,0.5895
"676",676,0.58881
"677",677,0.5881
"678",678,0.58738
"679",679,0.58661
"680",680,0.58578
"681",681,0.58496
"682",682,0.58412
"683",683,0.58327
"684",684,0.58242
"685",685,0.58154
"686",686,0.58061
"687",687,0.57969
"688",688,0.57875
"689",689,0.57783
"690",690,0.57694
"691",691,0.57604
"692",692,0.57516
"693",693,0.57427
"694",694,0.5734
"695",695,0.57253
"696",696,0.57166
"697",697,0.5708
"698",698,0.56994
"699",699,0.56913
"700",700,0.56836
"701",701,0.56757
"702",702,0.5668
"703",703,0.56603
"704",704,0.56525
"705",705,0.56452
"706",706,0.56385
"707",707,0.56315
"708",708,0.56248
"709",709,0.5618
"710",710,0.56111
"711",711,0.56047
"712",712,0.55986
"713",713,0.55927
"714",714,0.55871
"715",715,0.55815
"716",716,0.5576
"717",717,0.55709
"718",718,0.55661
"719",719,0.55611
"720",720,0.55562
"721",721,0.55514
"722",722,0.55469
"723",723,0.55428
"724",724,0.55391
"725",725,0.55357
"726",726,0.55323
"727",727,0.55294
"728",728,0.55266
"729",729,0.55242
"730",730,0.55224
"731",731,0.55211
"732",732,0.55202
"733",733,0.55198
"734",734,0.55194
"735",735,0.55196
"736",736,0.55197
"737",737,0.55203
"738",738,0.55204
"739",739,0.55202
"740",740,0.55198
"741",741,0.55191
"742",742,0.55181
"743",743,0.55166
"744",744,0.55152
"745",745,0.55135
"746",746,0.55116
"747",747,0.55095
"748",748,0.55078
"749",749,0.55062
"750",750,0.55044
"751",751,0.55025
"752",752,0.55011
"753",753,0.54996
"754",754,0.54982
"755",755,0.54972
"756",756,0.54961
"757",757,0.54947
"758",758,0.5494
"759",759,0.54939
"760",760,0.54936
"761",761,0.54932
"762",762,0.54931
"763",763,0.5493
"764",764,0.54935
"765",765,0.54947
"766",766,0.54957
"767",767,0.5497
"768",768,0.54982
"769",769,0.5499
"770",770,0.55007
"771",771,0.55029
"772",772,0.5505
"773",773,0.55072
"774",774,0.55096
"775",775,0.55115
"776",776,0.5513
"777",777,0.55148
"778",778,0.55163
"779",779,0.55177
"780",780,0.55199
"781",781,0.5522
"782",782,0.55237
"783",783,0.55255
"784",784,0.55269
"785",785,0.55284
"786",786,0.55307
"787",787,0.55328
"788",788,0.55354
"789",789,0.55377
"790",790,0.55398
"791",791,0.55418
"792",792,0.55436
"793",793,0.55457
"794",794,0.55476
"795",795,0.55497
"796",796,0.55523
"797",797,0.55546
"798",798,0.55568
"799",799,0.55594
"800",800,0.55623
"801",801,0.55651
"802",802,0.55681
"803",803,0.55708
"804",804,0.55732
"805",805,0.55758
"806",806,0.55785
"807",807,0.5582
"808",808,0.55853
"809",809,0.55891
"810",810,0.55923
"811",811,0.55952
"812",812,0.55987
"813",813,0.56019
"814",814,0.56055
"815",815,0.56091
"816",816,0.56123
"817",817,0.56153
"818",818,0.56183
"819",819,0.56217
"820",820,0.56251
"821",821,0.5629
"822",822,0.56326
"823",823,0.56358
"824",824,0.56389
"825",825,0.5642
"826",826,0.56449
"827",827,0.56479
"828",828,0.56507
"829",829,0.56534
"830",830,0.5656
"831",831,0.56581
"832",832,0.5656
"833",833,0.56581
"834",834,0.566
"835",835,0.56639
"836",836,0.56629
"837",837,0.5662
"838",838,0.56624
"839",839,0.5663
"840",840,0.56633
"841",841,0.56653
"842",842,0.56646
"843",843,0.56625
"844",844,0.56601
"845",845,0.56556
"846",846,0.56521
"847",847,0.56488
"848",848,0.56465
"849",849,0.56412
"850",850,0.56357
"851",851,0.56288
"852",852,0.56199
"853",853,0.56092
"854",854,0.55995
"855",855,0.55897
"856",856,0.5578
"857",857,0.55656
"858",858,0.55516
"859",859,0.55355
"860",860,0.55193
"861",861,0.55032
"862",862,0.54858
"863",863,0.54629
"864",864,0.54376
"865",865,0.54107
"866",866,0.53812
"867",867,0.53523
"868",868,0.53279
"869",869,0.52952
"870",870,0.52591
"871",871,0.52203
"872",872,0.51779
"873",873,0.51308
"874",874,0.50851
"875",875,0.50349
"876",876,0.49832
"877",877,0.49301
"878",878,0.48743
"879",879,0.48159
"880",880,0.47549
"881",881,0.46922
"882",882,0.46246
"883",883,0.45532
"884",884,0.44809
"885",885,0.4408
"886",886,0.43333
"887",887,0.42559
"888",888,0.41773
"889",889,0.40964
"890",890,0.40088
"891",891,0.3925
"892",892,0.38409
"893",893,0.37578
"894",894,0.36771
"895",895,0.35987
"896",896,0.35199
"897",897,0.34412
"898",898,0.3365
"899",899,0.32891
"900",900,0.32165
"901",901,0.31459
"902",902,0.30796
"903",903,0.3017
"904",904,0.29557
"905",905,0.28992
"906",906,0.28468
"907",907,0.27981
"908",908,0.27545
"909",909,0.27117
"910",910,0.26713
"911",911,0.26347
"912",912,0.26013
"913",913,0.25682
"914",914,0.25402
"915",915,0.25184
"916",916,0.24944
"917",917,0.24704
"918",918,0.24508
"919",919,0.24332
"920",920,0.24174
"921",921,0.24066
"922",922,0.2395
"923",923,0.23841
"924",924,0.23733
"925",925,0.23654
"926",926,0.2359
"927",927,0.23547
"928",928,0.23539
"929",929,0.23517
"930",930,0.23484
"931",931,0.2349
"932",932,0.23517
"933",933,0.23545
"934",934,0.23587
"935",935,0.23667
"936",936,0.23721
"937",937,0.23756
"938",938,0.2382
"939",939,0.23895
"940",940,0.23976
"941",941,0.24072
"942",942,0.24169
"943",943,0.24271
"944",944,0.24379
"945",945,0.24492
"946",946,0.24607
"947",947,0.24736
"948",948,0.24879
"949",949,0.25014
"950",950,0.25161
"951",951,0.25296
"952",952,0.2541
"953",953,0.25548
"954",954,0.25701
"955",955,0.25845
"956",956,0.25989
"957",957,0.26142
"958",958,0.26292
"959",959,0.2643
"960",960,0.26581
"961",961,0.26749
"962",962,0.26908
"963",963,0.27065
"964",964,0.27223
"965",965,0.27371
"966",966,0.27533
"967",967,0.27701
"968",968,0.27877
"969",969,0.28046
"970",970,0.28227
"971",971,0.2839
"972",972,0.28536
"973",973,0.28696
"974",974,0.28856
"975",975,0.29021
"976",976,0.29194
"977",977,0.29364
"978",978,0.29527
"979",979,0.29704
"980",980,0.29882
"981",981,0.30064
"982",982,0.30242
"983",983,0.30427
"984",984,0.30602
"985",985,0.3077
"986",986,0.30941
"987",987,0.31101
"988",988,0.31274
"989",989,0.3146
"990",990,0.3165
"991",991,0.31819
"992",992,0.31993
"993",993,0.32153
"994",994,0.3229
"995",995,0.32435
"996",996,0.32585
"997",997,0.32729
"998",998,0.32851
"999",999,0.32995
"1000",1000,0.33157
"1001",1001,0.33313
"1002",1002,0.3345
"1003",1003,0.33603
"1004",1004,0.33737
"1005",1005,0.33841
"1006",1006,0.33966
"1007",1007,0.34104
"1008",1008,0.34222
"1009",1009,0.34342
"1010",1010,0.34444
"1011",1011,0.34518
"1012",1012,0.34605
"1013",1013,0.34693
"1014",1014,0.34789
"1015",1015,0.34882
"1016",1016,0.34999
"1017",1017,0.35075
"1018",1018,0.35121
"1019",1019,0.35181
"1020",1020,0.35232
"1021",1021,0.35283
"1022",1022,0.35352
"1023",1023,0.354
"1024",1024,0.35434
"1025",1025,0.35454
"1026",1026,0.35453
"1027",1027,0.35471
"1028",1028,0.35487
"1029",1029,0.35497
"1030",1030,0.35512
"1031",1031,0.35544
"1032",1032,0.35548
"1033",1033,0.35541
"1034",1034,0.35532
"1035",1035,0.35502
"1036",1036,0.35483
"1037",1037,0.35474
"1038",1038,0.35443
"1039",1039,0.35415
"1040",1040,0.35389
"1041",1041,0.35354
"1042",1042,0.35308
"1043",1043,0.35272
"1044",1044,0.35235
"1045",1045,0.35196
"1046",1046,0.35168
"1047",1047,0.35126
"1048",1048,0.3507
"1049",1049,0.35024
"1050",1050,0.34976
"1051",1051,0.34929
"1052",1052,0.34897
"1053",1053,0.34871
"1054",1054,0.3485
"1055",1055,0.34837
"1056",1056,0.34821
"1057",1057,0.34806
"1058",1058,0.34806
"1059",1059,0.34818
"1060",1060,0.34832
"1061",1061,0.34866
"1062",1062,0.34884
"1063",1063,0.34895
"1064",1064,0.34885
"1065",1065,0.34879
"1066",1066,0.34881
"1067",1067,0.34886
"1068",1068,0.34897
"1069",1069,0.34914
"1070",1070,0.3493
"1071",1071,0.34953
"1072",1072,0.34989
"1073",1073,0.35018
"1074",1074,0.35047
"1075",1075,0.35096
"1076",1076,0.35114
"1077",1077,0.3512
"1078",1078,0.35139
"1079",1079,0.35135
"1080",1080,0.35141
"1081",1081,0.35165
"1082",1082,0.35182
"1083",1083,0.35195
"1084",1084,0.35206
"1085",1085,0.35218
"1086",1086,0.3523
"1087",1087,0.35239
"1088",1088,0.35244
"1089",1089,0.35261
"1090",1090,0.35278
"1091",1091,0.35298
"1092",1092,0.35337
"1093",1093,0.35382
"1094",1094,0.3541
"1095",1095,0.3543
"1096",1096,0.35445
"1097",1097,0.35452
"1098",1098,0.35428
"1099",1099,0.3544
"1100",1100,0.35459
"1101",1101,0.35497
"1102",1102,0.35538
"1103",1103,0.35595
"1104",1104,0.3564
"1105",1105,0.35637
"1106",1106,0.35648
"1107",1107,0.35673
"1108",1108,0.35687
"1109",1109,0.35697
"1110",1110,0.35709
"1111",1111,0.35713
"1112",1112,0.35739
"1113",1113,0.35769
"1114",1114,0.35811
"1115",1115,0.35887
"1116",1116,0.35926
"1117",1117,0.35952
"1118",1118,0.35977
"1119",1119,0.3598
"1120",1120,0.36017
"1121",1121,0.3607
"1122",1122,0.36122
"1123",1123,0.36199
"1124",1124,0.36237
"1125",1125,0.36268
"1126",1126,0.36281
"1127",1127,0.36312
"1128",1128,0.36345
"1129",1129,0.36369
"1130",1130,0.36399
"1131",1131,0.36412
"1132",1132,0.36414
"1133",1133,0.36406
"1134",1134,0.36409
"1135",1135,0.36425
"1136",1136,0.3645
"1137",1137,0.36471
"1138",1138,0.36504
"1139",1139,0.36532
"1140",1140,0.36542
"1141",1141,0.36577
"1142",1142,0.3661
"1143",1143,0.36653
"1144",1144,0.36672
"1145",1145,0.36686
"1146",1146,0.36697
"1147",1147,0.36695
"1148",1148,0.36712
"1149",1149,0.36788
"1150",1150,0.36832
"1151",1151,0.36848
"1152",1152,0.36878
"1153",1153,0.36863
"1154",1154,0.36851
"1155",1155,0.36882
"1156",1156,0.36896
"1157",1157,0.36928
"1158",1158,0.36993
"1159",1159,0.37037
"1160",1160,0.37087
"1161",1161,0.3712
"1162",1162,0.37139
"1163",1163,0.37143
"1164",1164,0.37165
"1165",1165,0.37175
"1166",1166,0.37222
"1167",1167,0.37277
"1168",1168,0.37315
"1169",1169,0.37371
"1170",1170,0.37399
"1171",1171,0.37412
"1172",1172,0.37426
"1173",1173,0.3746
"1174",1174,0.37537
"1175",1175,0.37618
"1176",1176,0.37682
"1177",1177,0.37756
"1178",1178,0.37817
"1179",1179,0.3786
"1180",1180,0.3788
"1181",1181,0.37934
"1182",1182,0.37978
"1183",1183,0.3799
"1184",1184,0.38071
"1185",1185,0.38173
"1186",1186,0.38248
"1187",1187,0.3836
"1188",1188,0.38471
"1189",1189,0.38519
"1190",1190,0.38569
"1191",1191,0.3864
"1192",1192,0.38683
"1193",1193,0.38757
"1194",1194,0.38834
"1195",1195,0.38877
"1196",1196,0.38866
"1197",1197,0.38908
"1198",1198,0.38937
"1199",1199,0.39015
"1200",1200,0.3914
"1201",1201,0.39213
"1202",1202,0.39269
"1203",1203,0.39301
"1204",1204,0.39295
"1205",1205,0.39341
"1206",1206,0.39435
"1207",1207,0.39523
"1208",1208,0.39633
"1209",1209,0.3971
"1210",1210,0.3971
"1211",1211,0.39701
"1212",1212,0.39694
"1213",1213,0.39705
"1214",1214,0.39739
"1215",1215,0.39833
"1216",1216,0.39878
"1217",1217,0.39915
"1218",1218,0.39934
"1219",1219,0.3995
"1220",1220,0.39947
"1221",1221,0.3996
"1222",1222,0.39991
"1223",1223,0.3997
"1224",1224,0.39965
"1225",1225,0.39988
"1226",1226,0.39989
"1227",1227,0.40048
"1228",1228,0.40094
"1229",1229,0.40047
"1230",1230,0.3999
"1231",1231,0.39918
"1232",1232,0.3985
"1233",1233,0.39799
"1234",1234,0.39725
"1235",1235,0.39645
"1236",1236,0.39531
"1237",1237,0.39423
"1238",1238,0.3931
"1239",1239,0.39225
"1240",1240,0.3909
"1241",1241,0.38935
"1242",1242,0.38774
"1243",1243,0.38593
"1244",1244,0.38435
"1245",1245,0.38313
"1246",1246,0.38182
"1247",1247,0.38045
"1248",1248,0.379
"1249",1249,0.37724
"1250",1250,0.37576
"1251",1251,0.37387
"1252",1252,0.37222
"1253",1253,0.37123
"1254",1254,0.36912
"1255",1255,0.36754
"1256",1256,0.36576
"1257",1257,0.36311
"1258",1258,0.36113
"1259",1259,0.35975
"1260",1260,0.35803
"1261",1261,0.35652
"1262",1262,0.35504
"1263",1263,0.35364
"1264",1264,0.35167
"1265",1265,0.34974
"1266",1266,0.34812
"1267",1267,0.34637
"1268",1268,0.34508
"1269",1269,0.34436
"1270",1270,0.34343
"1271",1271,0.34217
"1272",1272,0.34075
"1273",1273,0.33962
"1274",1274,0.33848
"1275",1275,0.33746
"1276",1276,0.33701
"1277",1277,0.33612
"1278",1278,0.33502
"1279",1279,0.33399
"1280",1280,0.33263
"1281",1281,0.33163
"1282",1282,0.33063
"1283",1283,0.3298
"1284",1284,0.32948
"1285",1285,0.32897
"1286",1286,0.32858
"1287",1287,0.32799
"1288",1288,0.32703
"1289",1289,0.32631
"1290",1290,0.32579
"1291",1291,0.32467
"1292",1292,0.32372
"1293",1293,0.32343
"1294",1294,0.32226
"1295",1295,0.32142
"1296",1296,0.32137
"1297",1297,0.32068
"1298",1298,0.32019
"1299",1299,0.31982
"1300",1300,0.31879
"1301",1301,0.31727
"1302",1302,0.31572
"1303",1303,0.31475
"1304",1304,0.31399
"1305",1305,0.31365
"1306",1306,0.31357
"1307",1307,0.31295
"1308",1308,0.31229
"1309",1309,0.31213
"1310",1310,0.31206
"1311",1311,0.31262
"1312",1312,0.31239
"1313",1313,0.31154
"1314",1314,0.31122
"1315",1315,0.31039
"1316",1316,0.31052
"1317",1317,0.31206
"1318",1318,0.31315
"1319",1319,0.31456
"1320",1320,0.31512
"1321",1321,0.31559
"1322",1322,0.31494
"1323",1323,0.31365
"1324",1324,0.31373
"1325",1325,0.31433
"1326",1326,0.31462
"1327",1327,0.3157
"1328",1328,0.31622
"1329",1329,0.31527
"1330",1330,0.31436
"1331",1331,0.31289
"1332",1332,0.31161
"1333",1333,0.31166
"1334",1334,0.31173
"1335",1335,0.31198
"1336",1336,0.31162
"1337",1337,0.31063
"1338",1338,0.31059
"1339",1339,0.31025
"1340",1340,0.30998
"1341",1341,0.30983
"1342",1342,0.30837
"1343",1343,0.30742
"1344",1344,0.30713
"1345",1345,0.3067
"1346",1346,0.30696
"1347",1347,0.30669
"1348",1348,0.30578
"1349",1349,0.30518
"1350",1350,0.30433
"1351",1351,0.30399
"1352",1352,0.30423
"1353",1353,0.30451
"1354",1354,0.30538
"1355",1355,0.30563
"1356",1356,0.30564
"1357",1357,0.30549
"1358",1358,0.30469
"1359",1359,0.30438
"1360",1360,0.3044
"1361",1361,0.30411
"1362",1362,0.30385
"1363",1363,0.30359
"1364",1364,0.30303
"1365",1365,0.30269
"1366",1366,0.30229
"1367",1367,0.30247
"1368",1368,0.30342
"1369",1369,0.30292
"1370",1370,0.30197
"1371",1371,0.30157
"1372",1372,0.30023
"1373",1373,0.29997
"1374",1374,0.30176
"1375",1375,0.30247
"1376",1376,0.30164
"1377",1377,0.30082
"1378",1378,0.29934
"1379",1379,0.29768
"1380",1380,0.29783
"1381",1381,0.29936
"1382",1382,0.29999
"1383",1383,0.29972
"1384",1384,0.29905
"1385",1385,0.29703
"1386",1386,0.29542
"1387",1387,0.29585
"1388",1388,0.29672
"1389",1389,0.29748
"1390",1390,0.2972
"1391",1391,0.2951
"1392",1392,0.29473
"1393",1393,0.29447
"1394",1394,0.29385
"1395",1395,0.29481
"1396",1396,0.29381
"1397",1397,0.29014
"1398",1398,0.28851
"1399",1399,0.28727
"1400",1400,0.28655
"1401",1401,0.28675
"1402",1402,0.28717
"1403",1403,0.28843
"1404",1404,0.28822
"1405",1405,0.28794
"1406",1406,0.28715
"1407",1407,0.28497
"1408",1408,0.28379
"1409",1409,0.28312
"1410",1410,0.28158
"1411",1411,0.27918
"1412",1412,0.27783
"1413",1413,0.27703
"1414",1414,0.27606
"1415",1415,0.2755
"1416",1416,0.27493
"1417",1417,0.274
"1418",1418,0.2728
"1419",1419,0.272
"1420",1420,0.27151
"1421",1421,0.26998
"1422",1422,0.26995
"1423",1423,0.27202
"1424",1424,0.272
"1425",1425,0.27295
"1426",1426,0.27117
"1427",1427,0.2647
"1428",1428,0.26278
"1429",1429,0.2616
"1430",1430,0.26066
"1431",1431,0.26373
"1432",1432,0.26376
"1433",1433,0.26101
"1434",1434,0.25997
"1435",1435,0.25961
"1436",1436,0.25842
"1437",1437,0.25769
"1438",1438,0.25567
"1439",1439,0.2513
"1440",1440,0.24893
"1441",1441,0.24704
"1442",1442,0.24573
"1443",1443,0.24635
"1444",1444,0.24532
"1445",1445,0.24441
"1446",1446,0.24185
"1447",1447,0.23608
"1448",1448,0.23362
"1449",1449,0.23185
"1450",1450,0.23028
"1451",1451,0.2321
"1452",1452,0.23136
"1453",1453,0.22784
"1454",1454,0.22641
"1455",1455,0.22597
"1456",1456,0.22455
"1457",1457,0.22348
"1458",1458,0.22245
"1459",1459,0.21901
"1460",1460,0.21881
"1461",1461,0.22368
"1462",1462,0.2234
"1463",1463,0.22204
"1464",1464,0.21999
"1465",1465,0.21187
"1466",1466,0.20893
"1467",1467,0.20913
"1468",1468,0.20922
"1469",1469,0.2121
"1470",1470,0.21348
"1471",1471,0.21602
"1472",1472,0.21547
"1473",1473,0.21279
"1474",1474,0.20999
"1475",1475,0.20275
"1476",1476,0.20018
"1477",1477,0.20094
"1478",1478,0.19912
"1479",1479,0.19796
"1480",1480,0.19768
"1481",1481,0.19766
"1482",1482,0.19529
"1483",1483,0.19153
"1484",1484,0.19008
"1485",1485,0.18586
"1486",1486,0.1851
"1487",1487,0.19158
"1488",1488,0.19276
"1489",1489,0.1921
"1490",1490,0.191
"1491",1491,0.18869
"1492",1492,0.18386
"1493",1493,0.1728
"1494",1494,0.17098
"1495",1495,0.17088
"1496",1496,0.17452
"1497",1497,0.19197
"1498",1498,0.19528
"1499",1499,0.19022
"1500",1500,0.19024
"1501",1501,0.18484
"1502",1502,0.061383
"1503",1503,0.073333
"1504",1504,0.082689
"1505",1505,0.064571
"1506",1506,0.055508
"1507",1507,0.055232
"1508",1508,0.058126
"1509",1509,0.057337
"1510",1510,0.055776
"1511",1511,0.053439
"1512",1512,0.044196
"1513",1513,0.045783
"1514",1514,0.053337
"1515",1515,0.049997
"1516",1516,0.043781
"1517",1517,0.039106
"1518",1518,0.03929
"1519",1519,0.043716
"1520",1520,0.047808
"1521",1521,0.049634
"1522",1522,0.05671
"1523",1523,0.055063
"1524",1524,0.045824
"1525",1525,0.053121
"1526",1526,0.053464
"1527",1527,0.04903
"1528",1528,0.054644
"1529",1529,0.053412
"1530",1530,0.050182
"1531",1531,0.0526
"1532",1532,0.048343
"1533",1533,0.046147
"1534",1534,0.050673
"1535",1535,0.049875
"1536",1536,0.049679
"1537",1537,0.051255
"1538",1538,0.049932
"1539",1539,0.047511
"1540",1540,0.045266
"1541",1541,0.044483
"1542",1542,0.043912
"1543",1543,0.044169
"1544",1544,0.045609
"1545",1545,0.045227
"1546",1546,0.041892
"1547",1547,0.037956
"1548",1548,0.045544
"1549",1549,0.047605
"1550",1550,0.042561
"1551",1551,0.045366
"1552",1552,0.047317
"1553",1553,0.046566
"1554",1554,0.043792
"1555",1555,0.042449
"1556",1556,0.043078
"1557",1557,0.044729
"1558",1558,0.042674
"1559",1559,0.041617
"1560",1560,0.043786
"1561",1561,0.045601
"1562",1562,0.04696
"1563",1563,0.04716
"1564",1564,0.044717
"1565",1565,0.043956
"1566",1566,0.044538
"1567",1567,0.044521
"1568",1568,0.045808
"1569",1569,0.046295
"1570",1570,0.044536
"1571",1571,0.043953
"1572",1572,0.044147
"1573",1573,0.044449
"1574",1574,0.044028
"1575",1575,0.043064
"1576",1576,0.042456
"1577",1577,0.043824
"1578",1578,0.045213
"1579",1579,0.045392
"1580",1580,0.043771
"1581",1581,0.04377
"1582",1582,0.044375
"1583",1583,0.044483
"1584",1584,0.045122
"1585",1585,0.045132
"1586",1586,0.044376
"1587",1587,0.044406
"1588",1588,0.044486
"1589",1589,0.044569
"1590",1590,0.044952
"1591",1591,0.044802
"1592",1592,0.044391
"1593",1593,0.044191
"1594",1594,0.043432
"1595",1595,0.043374
"1596",1596,0.044501
"1597",1597,0.044529
"1598",1598,0.044118
"1599",1599,0.043797
"1600",1600,0.04402
"1601",1601,0.044426
"1602",1602,0.0447
"1603",1603,0.044563
"1604",1604,0.045601
"1605",1605,0.046272
"1606",1606,0.045098
"1607",1607,0.045098
"1608",1608,0.045672
"1609",1609,0.04604
"1610",1610,0.045564
"1611",1611,0.045362
"1612",1612,0.045607
"1613",1613,0.045534
"1614",1614,0.046065
"1615",1615,0.046473
"1616",1616,0.04559
"1617",1617,0.045834
"1618",1618,0.046246
"1619",1619,0.045836
"1620",1620,0.046099
"1621",1621,0.046041
"1622",1622,0.045357
"1623",1623,0.045124
"1624",1624,0.04511
"1625",1625,0.045157
"1626",1626,0.045085
"1627",1627,0.045458
"1628",1628,0.045822
"1629",1629,0.045601
"1630",1630,0.045792
"1631",1631,0.045958
"1632",1632,0.045836
"1633",1633,0.046223
"1634",1634,0.046546
"1635",1635,0.046469
"1636",1636,0.045797
"1637",1637,0.046
"1638",1638,0.046583
"1639",1639,0.046163
"1640",1640,0.046652
"1641",1641,0.047312
"1642",1642,0.047219
"1643",1643,0.047251
"1644",1644,0.047341
"1645",1645,0.047517
"1646",1646,0.048218
"1647",1647,0.048689
"1648",1648,0.048741
"1649",1649,0.048595
"1650",1650,0.049131
"1651",1651,0.049971
"1652",1652,0.050403
"1653",1653,0.051192
"1654",1654,0.051685
"1655",1655,0.051634
"1656",1656,0.05274
"1657",1657,0.053548
"1658",1658,0.053772
"1659",1659,0.054817
"1660",1660,0.055936
"1661",1661,0.056938
"1662",1662,0.057856
"1663",1663,0.059079
"1664",1664,0.060303
"1665",1665,0.061273
"1666",1666,0.062763
"1667",1667,0.064544
"1668",1668,0.066362
"1669",1669,0.068035
"1670",1670,0.069835
"1671",1671,0.071719
"1672",1672,0.073373
"1673",1673,0.075614
"1674",1674,0.077887
"1675",1675,0.079383
"1676",1676,0.081444
"1677",1677,0.083596
"1678",1678,0.085434
"1679",1679,0.087573
"1680",1680,0.089384
"1681",1681,0.090787
"1682",1682,0.092431
"1683",1683,0.09414
"1684",1684,0.095709
"1685",1685,0.096899
"1686",1686,0.098145
"1687",1687,0.099216
"1688",1688,0.09991
"1689",1689,0.10083
"1690",1690,0.10157
"1691",1691,0.10203
"1692",1692,0.10291
"1693",1693,0.10342
"1694",1694,0.10361
"1695",1695,0.10413
"1696",1696,0.10474
"1697",1697,0.10522
"1698",1698,0.10539
"1699",1699,0.10565
"1700",1700,0.10602
"1701",1701,0.10642
"1702",1702,0.10669
"1703",1703,0.10698
"1704",1704,0.10724
"1705",1705,0.10722
"1706",1706,0.10724
"1707",1707,0.10727
"1708",1708,0.10718
"1709",1709,0.10679
"1710",1710,0.10629
"1711",1711,0.10583
"1712",1712,0.10524
"1713",1713,0.10459
"1714",1714,0.10383
"1715",1715,0.10259
"1716",1716,0.10149
"1717",1717,0.10049
"1718",1718,0.099187
"1719",1719,0.09802
"1720",1720,0.096797
"1721",1721,0.09531
"1722",1722,0.093993
"1723",1723,0.092578
"1724",1724,0.091031
"1725",1725,0.089963
"1726",1726,0.0887
"1727",1727,0.087276
"1728",1728,0.086269
"1729",1729,0.085348
"1730",1730,0.084393
"1731",1731,0.083362
"1732",1732,0.082382
"1733",1733,0.081552
"1734",1734,0.080866
"1735",1735,0.080042
"1736",1736,0.079396
"1737",1737,0.078904
"1738",1738,0.078147
"1739",1739,0.077569
"1740",1740,0.077075
"1741",1741,0.076415
"1742",1742,0.076011
"1743",1743,0.07566
"1744",1744,0.075204
"1745",1745,0.074977
"1746",1746,0.074745
"1747",1747,0.074428
"1748",1748,0.074175
"1749",1749,0.073863
"1750",1750,0.073515
"1751",1751,0.073225
"1752",1752,0.073112
"1753",1753,0.072957
"1754",1754,0.072613
"1755",1755,0.072591
"1756",1756,0.072418
"1757",1757,0.071961
"1758",1758,0.071753
"1759",1759,0.071236
"1760",1760,0.070594
"1761",1761,0.070407
"1762",1762,0.069985
"1763",1763,0.069484
"1764",1764,0.069146
"1765",1765,0.068672
"1766",1766,0.068226
"1767",1767,0.06786
"1768",1768,0.067352
"1769",1769,0.066885
"1770",1770,0.066489
"1771",1771,0.066108
"1772",1772,0.065692
"1773",1773,0.065335
"1774",1774,0.065119
"1775",1775,0.064809
"1776",1776,0.064526
"1777",1777,0.064325
"1778",1778,0.064075
"1779",1779,0.063883
"1780",1780,0.063728
"1781",1781,0.063494
"1782",1782,0.063329
"1783",1783,0.06325
"1784",1784,0.063218
"1785",1785,0.063125
"1786",1786,0.062903
"1787",1787,0.062573
"1788",1788,0.062367
"1789",1789,0.062044
"1790",1790,0.061581
"1791",1791,0.061125
"1792",1792,0.060541
"1793",1793,0.059943
"1794",1794,0.059465
"1795",1795,0.058789
"1796",1796,0.058012
"1797",1797,0.057276
"1798",1798,0.056758
"1799",1799,0.056257
"1800",1800,0.05573
"1801",1801,0.05527
"1802",1802,0.054924
"1803",1803,0.054694
"1804",1804,0.054546
"1805",1805,0.054403
"1806",1806,0.054208
"1807",1807,0.053953
"1808",1808,0.053722
"1809",1809,0.053592
"1810",1810,0.053463
"1811",1811,0.053058
"1812",1812,0.052765
"1813",1813,0.052577
"1814",1814,0.052359
"1815",1815,0.051998
"1816",1816,0.051682
"1817",1817,0.051548
"1818",1818,0.051572
"1819",1819,0.051466
"1820",1820,0.051275
"1821",1821,0.05135
"1822",1822,0.051358
"1823",1823,0.051437
"1824",1824,0.051787
"1825",1825,0.052014
"1826",1826,0.052263
"1827",1827,0.052642
"1828",1828,0.05305
"1829",1829,0.05353
"1830",1830,0.054082
"1831",1831,0.054673
"1832",1832,0.055281
"1833",1833,0.055955
"1834",1834,0.056748
"1835",1835,0.057546
"1836",1836,0.058445
"1837",1837,0.059478
"1838",1838,0.060483
"1839",1839,0.061707
"1840",1840,0.063206
"1841",1841,0.064895
"1842",1842,0.066946
"1843",1843,0.069404
"1844",1844,0.072312
"1845",1845,0.075837
"1846",1846,0.079902
"1847",1847,0.084518
"1848",1848,0.089919
"1849",1849,0.09592
"1850",1850,0.10252
"1851",1851,0.10981
"1852",1852,0.11773
"1853",1853,0.12617
"1854",1854,0.135
"1855",1855,0.14408
"1856",1856,0.15356
"1857",1857,0.16343
"1858",1858,0.17352
"1859",1859,0.18386
"1860",1860,0.19443
"1861",1861,0.20521
"1862",1862,0.21625
"1863",1863,0.22753
"1864",1864,0.23903
"1865",1865,0.2508
"1866",1866,0.26287
"1867",1867,0.2752
"1868",1868,0.28774
"1869",1869,0.30044
"1870",1870,0.3133
"1871",1871,0.32631
"1872",1872,0.33947
"1873",1873,0.35273
"1874",1874,0.36605
"1875",1875,0.37937
"1876",1876,0.39262
"1877",1877,0.40576
"1878",1878,0.41876
"1879",1879,0.43161
"1880",1880,0.44422
"1881",1881,0.45651
"1882",1882,0.46856
"1883",1883,0.48029
"1884",1884,0.49159
"1885",1885,0.50252
"1886",1886,0.51307
"1887",1887,0.52321
"1888",1888,0.53286
"1889",1889,0.54205
"1890",1890,0.55078
"1891",1891,0.55905
"1892",1892,0.56694
"1893",1893,0.5744
"1894",1894,0.58138
"1895",1895,0.5879
"1896",1896,0.59404
"1897",1897,0.59978
"1898",1898,0.60507
"1899",1899,0.60999
"1900",1900,0.61458
"1901",1901,0.61886
"1902",1902,0.62273
"1903",1903,0.62628
"1904",1904,0.62955
"1905",1905,0.63254
"1906",1906,0.63533
"1907",1907,0.63788
"1908",1908,0.64011
"1909",1909,0.64227
"1910",1910,0.64425
"1911",1911,0.64595
"1912",1912,0.64764
"1913",1913,0.64916
"1914",1914,0.65049
"1915",1915,0.65175
"1916",1916,0.65288
"1917",1917,0.65392
"1918",1918,0.65488
"1919",1919,0.65576
"1920",1920,0.65655
"1921",1921,0.65727
"1922",1922,0.65794
"1923",1923,0.65856
"1924",1924,0.65916
"1925",1925,0.65981
"1926",1926,0.66039
"1927",1927,0.66091
"1928",1928,0.66142
"1929",1929,0.66193
"1930",1930,0.66241
"1931",1931,0.66286
"1932",1932,0.66339
"1933",1933,0.6638
"1934",1934,0.66417
"1935",1935,0.66466
"1936",1936,0.66501
"1937",1937,0.66538
"1938",1938,0.66585
"1939",1939,0.66623
"1940",1940,0.66665
"1941",1941,0.66708
"1942",1942,0.66745
"1943",1943,0.66786
"1944",1944,0.66825
"1945",1945,0.66857
"1946",1946,0.669
"1947",1947,0.66936
"1948",1948,0.66961
"1949",1949,0.67003
"1950",1950,0.67042
"1951",1951,0.67076
"1952",1952,0.67112
"1953",1953,0.67145
"1954",1954,0.67179
"1955",1955,0.67214
"1956",1956,0.67254
"1957",1957,0.67292
"1958",1958,0.67327
"1959",1959,0.67365
"1960",1960,0.67401
"1961",1961,0.6744
"1962",1962,0.67483
"1963",1963,0.67522
"1964",1964,0.6756
"1965",1965,0.67597
"1966",1966,0.67633
"1967",1967,0.67671
"1968",1968,0.67711
"1969",1969,0.67754
"1970",1970,0.67798
"1971",1971,0.67843
"1972",1972,0.6789
"1973",1973,0.67947
"1974",1974,0.67993
"1975",1975,0.68031
"1976",1976,0.68083
"1977",1977,0.68134
"1978",1978,0.68188
"1979",1979,0.68245
"1980",1980,0.68289
"1981",1981,0.68337
"1982",1982,0.68392
"1983",1983,0.68446
"1984",1984,0.68509
"1985",1985,0.68571
"1986",1986,0.68616
"1987",1987,0.68661
"1988",1988,0.68718
"1989",1989,0.68785
"1990",1990,0.68824
"1991",1991,0.68873
"1992",1992,0.68933
"1993",1993,0.6899
"1994",1994,0.69048
"1995",1995,0.69101
"1996",1996,0.69148
"1997",1997,0.69196
"1998",1998,0.6925
"1999",1999,0.69305
"2000",2000,0.69342
"2001",2001,0.69396
"2002",2002,0.69454
"2003",2003,0.69495
"2004",2004,0.69536
"2005",2005,0.69579
"2006",2006,0.69626
"2007",2007,0.69676
"2008",2008,0.69714
"2009",2009,0.69746
"2010",2010,0.6979
"2011",2011,0.69835
"2012",2012,0.69883
"2013",2013,0.69932
"2014",2014,0.69964
"2015",2015,0.69998
"2016",2016,0.70036
"2017",2017,0.70068
"2018",2018,0.70104
"2019",2019,0.70144
"2020",2020,0.70185
"2021",2021,0.70233
"2022",2022,0.7027
"2023",2023,0.70297
"2024",2024,0.70327
"2025",2025,0.7036
"2026",2026,0.70395
"2027",2027,0.70433
"2028",2028,0.70467
"2029",2029,0.70502
"2030",2030,0.70537
"2031",2031,0.70569
"2032",2032,0.70603
"2033",2033,0.70638
"2034",2034,0.70671
"2035",2035,0.70704
"2036",2036,0.70733
"2037",2037,0.70758
"2038",2038,0.7078
"2039",2039,0.70813
"2040",2040,0.7085
"2041",2041,0.70877
"2042",2042,0.70908
"2043",2043,0.70937
"2044",2044,0.70959
"2045",2045,0.70978
"2046",2046,0.71011
"2047",2047,0.71049
"2048",2048,0.71062
"2049",2049,0.71095
"2050",2050,0.71128
"2051",2051,0.71142
"2052",2052,0.71178
"2053",2053,0.71198
"2054",2054,0.71211
"2055",2055,0.71262
"2056",2056,0.71281
"2057",2057,0.71289
"2058",2058,0.71318
"2059",2059,0.7136
"2060",2060,0.71387
"2061",2061,0.71398
"2062",2062,0.71428
"2063",2063,0.71451
"2064",2064,0.71473
"2065",2065,0.71501
"2066",2066,0.71526
"2067",2067,0.71555
"2068",2068,0.71586
"2069",2069,0.71598
"2070",2070,0.71619
"2071",2071,0.71647
"2072",2072,0.71667
"2073",2073,0.71691
"2074",2074,0.71714
"2075",2075,0.71731
"2076",2076,0.71736
"2077",2077,0.71763
"2078",2078,0.71808
"2079",2079,0.71851
"2080",2080,0.71896
"2081",2081,0.71941
"2082",2082,0.71976
"2083",2083,0.71968
"2084",2084,0.71963
"2085",2085,0.71968
"2086",2086,0.7197
"2087",2087,0.71968
"2088",2088,0.71976
"2089",2089,0.71998
"2090",2090,0.72023
"2091",2091,0.72044
"2092",2092,0.72053
"2093",2093,0.72039
"2094",2094,0.72051
"2095",2095,0.72078
"2096",2096,0.72101
"2097",2097,0.72102
"2098",2098,0.72102
"2099",2099,0.72107
"2100",2100,0.72112
"2101",2101,0.72116
"2102",2102,0.72128
"2103",2103,0.7215
"2104",2104,0.72147
"2105",2105,0.72134
"2106",2106,0.72129
"2107",2107,0.72146
"2108",2108,0.72151
"2109",2109,0.72138
"2110",2110,0.72117
"2111",2111,0.72129
"2112",2112,0.72135
"2113",2113,0.72131
"2114",2114,0.72142
"2115",2115,0.7212
"2116",2116,0.72101
"2117",2117,0.72118
"2118",2118,0.72114
"2119",2119,0.7211
"2120",2120,0.72117
"2121",2121,0.72137
"2122",2122,0.72134
"2123",2123,0.72122
"2124",2124,0.72117
"2125",2125,0.72103
"2126",2126,0.72105
"2127",2127,0.72116
"2128",2128,0.72108
"2129",2129,0.72106
"2130",2130,0.7211
"2131",2131,0.7211
"2132",2132,0.72099
"2133",2133,0.72118
"2134",2134,0.72149
"2135",2135,0.72123
"2136",2136,0.72141
"2137",2137,0.72153
"2138",2138,0.72123
"2139",2139,0.72168
"2140",2140,0.72207
"2141",2141,0.72216
"2142",2142,0.7222
"2143",2143,0.72235
"2144",2144,0.72245
"2145",2145,0.72242
"2146",2146,0.72266
"2147",2147,0.72286
"2148",2148,0.72302
"2149",2149,0.72332
"2150",2150,0.72344
"2151",2151,0.7235
