"","wavelength","birch_mean_reflectance"
"1",1,0.507343333333333
"2",2,0.507298333333333
"3",3,0.507449166666667
"4",4,0.507583333333333
"5",5,0.507775833333333
"6",6,0.507896666666667
"7",7,0.507884166666667
"8",8,0.508003333333333
"9",9,0.508176666666667
"10",10,0.508373333333333
"11",11,0.5085825
"12",12,0.508759166666667
"13",13,0.508905833333333
"14",14,0.508996666666667
"15",15,0.509113333333333
"16",16,0.509211666666667
"17",17,0.509359166666667
"18",18,0.509561666666667
"19",19,0.509708333333333
"20",20,0.5098675
"21",21,0.510005
"22",22,0.510136666666667
"23",23,0.510153333333333
"24",24,0.5102775
"25",25,0.510449166666667
"26",26,0.510576666666667
"27",27,0.510736666666667
"28",28,0.51082
"29",29,0.510901666666667
"30",30,0.511030833333333
"31",31,0.511204166666667
"32",32,0.511325833333333
"33",33,0.511468333333333
"34",34,0.511549166666667
"35",35,0.511560833333333
"36",36,0.511596666666667
"37",37,0.511714166666667
"38",38,0.511839166666667
"39",39,0.511943333333333
"40",40,0.5120675
"41",41,0.512141666666667
"42",42,0.512270833333333
"43",43,0.512455833333333
"44",44,0.512545
"45",45,0.5125775
"46",46,0.5126125
"47",47,0.512671666666667
"48",48,0.512708333333333
"49",49,0.512808333333333
"50",50,0.51292
"51",51,0.5129325
"52",52,0.512916666666667
"53",53,0.512935
"54",54,0.513025833333333
"55",55,0.5131925
"56",56,0.513278333333333
"57",57,0.513295833333333
"58",58,0.5132825
"59",59,0.513245
"60",60,0.513290833333333
"61",61,0.513354166666667
"62",62,0.5134875
"63",63,0.513556666666667
"64",64,0.5135875
"65",65,0.513618333333333
"66",66,0.513624166666667
"67",67,0.5136525
"68",68,0.5137075
"69",69,0.5137675
"70",70,0.513794166666667
"71",71,0.513786666666667
"72",72,0.513756666666667
"73",73,0.513704166666667
"74",74,0.513664166666667
"75",75,0.513650833333333
"76",76,0.51364
"77",77,0.513676666666667
"78",78,0.513659166666667
"79",79,0.513604166666667
"80",80,0.5135675
"81",81,0.513576666666667
"82",82,0.513568333333333
"83",83,0.513595833333333
"84",84,0.513619166666667
"85",85,0.513549166666667
"86",86,0.513504166666667
"87",87,0.51349
"88",88,0.513444166666667
"89",89,0.513405
"90",90,0.513386666666667
"91",91,0.513336666666667
"92",92,0.513253333333333
"93",93,0.513195833333333
"94",94,0.513144166666667
"95",95,0.513074166666667
"96",96,0.513013333333333
"97",97,0.5129475
"98",98,0.512873333333333
"99",99,0.512800833333333
"100",100,0.51274
"101",101,0.5126925
"102",102,0.512605833333333
"103",103,0.5125225
"104",104,0.512450833333333
"105",105,0.5123675
"106",106,0.5122775
"107",107,0.512229166666667
"108",108,0.512131666666667
"109",109,0.511979166666667
"110",110,0.511859166666667
"111",111,0.511734166666667
"112",112,0.51162
"113",113,0.51152
"114",114,0.511394166666667
"115",115,0.511263333333333
"116",116,0.511125833333333
"117",117,0.510984166666667
"118",118,0.510878333333333
"119",119,0.510725833333333
"120",120,0.510548333333333
"121",121,0.510364166666667
"122",122,0.510174166666667
"123",123,0.509945833333333
"124",124,0.509706666666667
"125",125,0.5094425
"126",126,0.509150833333333
"127",127,0.50882
"128",128,0.508474166666667
"129",129,0.508094166666667
"130",130,0.5076675
"131",131,0.507194166666667
"132",132,0.506678333333333
"133",133,0.506130833333333
"134",134,0.505544166666667
"135",135,0.504924166666667
"136",136,0.504245
"137",137,0.5035125
"138",138,0.502763333333333
"139",139,0.50197
"140",140,0.501154166666667
"141",141,0.500325833333333
"142",142,0.499473333333333
"143",143,0.498545833333333
"144",144,0.49767
"145",145,0.4968025
"146",146,0.495939166666667
"147",147,0.495076666666667
"148",148,0.494221666666667
"149",149,0.493379166666667
"150",150,0.492500833333333
"151",151,0.491721666666667
"152",152,0.490978333333333
"153",153,0.49029
"154",154,0.48968
"155",155,0.489066666666667
"156",156,0.48846
"157",157,0.487928333333333
"158",158,0.487423333333333
"159",159,0.486976666666667
"160",160,0.486590833333333
"161",161,0.4862475
"162",162,0.48598
"163",163,0.4856975
"164",164,0.48543
"165",165,0.485201666666667
"166",166,0.484981666666667
"167",167,0.484748333333333
"168",168,0.484565833333333
"169",169,0.484431666666667
"170",170,0.484294166666667
"171",171,0.484183333333333
"172",172,0.484065833333333
"173",173,0.4839725
"174",174,0.483858333333333
"175",175,0.4837275
"176",176,0.4836125
"177",177,0.483495
"178",178,0.483384166666667
"179",179,0.483289166666667
"180",180,0.483191666666667
"181",181,0.4830975
"182",182,0.4830175
"183",183,0.4829025
"184",184,0.482774166666667
"185",185,0.4826625
"186",186,0.482528333333333
"187",187,0.482428333333333
"188",188,0.482349166666667
"189",189,0.4822675
"190",190,0.482178333333333
"191",191,0.482115833333333
"192",192,0.4820725
"193",193,0.482030833333333
"194",194,0.481994166666667
"195",195,0.4819725
"196",196,0.4819475
"197",197,0.481941666666667
"198",198,0.481968333333333
"199",199,0.481985833333333
"200",200,0.482014166666667
"201",201,0.482039166666667
"202",202,0.482095
"203",203,0.482163333333333
"204",204,0.482240833333333
"205",205,0.482335833333333
"206",206,0.48243
"207",207,0.482521666666667
"208",208,0.482624166666667
"209",209,0.482735833333333
"210",210,0.482855833333333
"211",211,0.482971666666667
"212",212,0.483111666666667
"213",213,0.483271666666667
"214",214,0.483429166666667
"215",215,0.483596666666667
"216",216,0.483765
"217",217,0.483931666666667
"218",218,0.484106666666667
"219",219,0.4843
"220",220,0.484515833333333
"221",221,0.484715833333333
"222",222,0.4849225
"223",223,0.485123333333333
"224",224,0.485308333333333
"225",225,0.485513333333333
"226",226,0.485728333333333
"227",227,0.485930833333333
"228",228,0.4861425
"229",229,0.486340833333333
"230",230,0.4865375
"231",231,0.486720833333333
"232",232,0.486891666666667
"233",233,0.487064166666667
"234",234,0.487224166666667
"235",235,0.487370833333333
"236",236,0.487516666666667
"237",237,0.487669166666667
"238",238,0.487824166666667
"239",239,0.487989166666667
"240",240,0.488135
"241",241,0.488294166666667
"242",242,0.4884225
"243",243,0.4885125
"244",244,0.48863
"245",245,0.4887525
"246",246,0.488866666666667
"247",247,0.488999166666667
"248",248,0.48911
"249",249,0.489194166666667
"250",250,0.489295
"251",251,0.4894
"252",252,0.489494166666667
"253",253,0.489593333333333
"254",254,0.489690833333333
"255",255,0.489753333333333
"256",256,0.4898175
"257",257,0.489883333333333
"258",258,0.489931666666667
"259",259,0.48998
"260",260,0.490035
"261",261,0.4900725
"262",262,0.490104166666667
"263",263,0.4901275
"264",264,0.4901475
"265",265,0.490155833333333
"266",266,0.4901475
"267",267,0.490145
"268",268,0.4901425
"269",269,0.490134166666667
"270",270,0.490128333333333
"271",271,0.490110833333333
"272",272,0.4900875
"273",273,0.4900425
"274",274,0.489988333333333
"275",275,0.489938333333333
"276",276,0.489879166666667
"277",277,0.489799166666667
"278",278,0.489716666666667
"279",279,0.489638333333333
"280",280,0.489545833333333
"281",281,0.4894425
"282",282,0.4893375
"283",283,0.489228333333333
"284",284,0.489100833333333
"285",285,0.4889675
"286",286,0.488821666666667
"287",287,0.488659166666667
"288",288,0.488489166666667
"289",289,0.488310833333333
"290",290,0.488118333333333
"291",291,0.487914166666667
"292",292,0.487704166666667
"293",293,0.487485833333333
"294",294,0.4872475
"295",295,0.486993333333333
"296",296,0.486731666666667
"297",297,0.486448333333333
"298",298,0.486150833333333
"299",299,0.4858525
"300",300,0.485531666666667
"301",301,0.485185833333333
"302",302,0.48482
"303",303,0.484438333333333
"304",304,0.484029166666667
"305",305,0.483611666666667
"306",306,0.4831825
"307",307,0.482728333333333
"308",308,0.482254166666667
"309",309,0.481753333333333
"310",310,0.481220833333333
"311",311,0.480679166666667
"312",312,0.480116666666667
"313",313,0.479528333333333
"314",314,0.478913333333333
"315",315,0.478279166666667
"316",316,0.4776075
"317",317,0.476916666666667
"318",318,0.4762075
"319",319,0.475484166666667
"320",320,0.474743333333333
"321",321,0.4739675
"322",322,0.473173333333333
"323",323,0.472355833333333
"324",324,0.4715075
"325",325,0.4706325
"326",326,0.469743333333333
"327",327,0.468821666666667
"328",328,0.467889166666667
"329",329,0.466935
"330",330,0.465975
"331",331,0.465000833333333
"332",332,0.464010833333333
"333",333,0.463011666666667
"334",334,0.4619925
"335",335,0.460954166666667
"336",336,0.459910833333333
"337",337,0.458868333333333
"338",338,0.4578275
"339",339,0.4567925
"340",340,0.455765833333333
"341",341,0.4547275
"342",342,0.453686666666667
"343",343,0.452650833333333
"344",344,0.451614166666667
"345",345,0.450590833333333
"346",346,0.4495825
"347",347,0.4485925
"348",348,0.447621666666667
"349",349,0.44665
"350",350,0.4456875
"351",351,0.444735
"352",352,0.443779166666667
"353",353,0.44284
"354",354,0.441936666666667
"355",355,0.4409975
"356",356,0.44004
"357",357,0.439090833333333
"358",358,0.438136666666667
"359",359,0.437160833333333
"360",360,0.436196666666667
"361",361,0.435189166666667
"362",362,0.434128333333333
"363",363,0.4330425
"364",364,0.431884166666667
"365",365,0.43068
"366",366,0.42943
"367",367,0.428065
"368",368,0.426619166666667
"369",369,0.425106666666667
"370",370,0.4234825
"371",371,0.421765833333333
"372",372,0.419918333333333
"373",373,0.417944166666667
"374",374,0.4158175
"375",375,0.413556666666667
"376",376,0.4110925
"377",377,0.4085
"378",378,0.405650833333333
"379",379,0.402601666666667
"380",380,0.399315833333333
"381",381,0.395815833333333
"382",382,0.392069166666667
"383",383,0.388096666666667
"384",384,0.383874166666667
"385",385,0.379428333333333
"386",386,0.374763333333333
"387",387,0.369856666666667
"388",388,0.364831666666667
"389",389,0.359623333333333
"390",390,0.354254166666667
"391",391,0.348784166666667
"392",392,0.343146666666667
"393",393,0.337434166666667
"394",394,0.331664166666667
"395",395,0.3258325
"396",396,0.320060833333333
"397",397,0.31428
"398",398,0.308553333333333
"399",399,0.3029575
"400",400,0.2973775
"401",401,0.2919475
"402",402,0.286679166666667
"403",403,0.281571666666667
"404",404,0.276599166666667
"405",405,0.271854166666667
"406",406,0.267280833333333
"407",407,0.262926666666667
"408",408,0.258763333333333
"409",409,0.254805
"410",410,0.251046666666667
"411",411,0.247495
"412",412,0.244141666666667
"413",413,0.241005
"414",414,0.2380725
"415",415,0.235336666666667
"416",416,0.232786666666667
"417",417,0.230365833333333
"418",418,0.228120833333333
"419",419,0.226034166666667
"420",420,0.22409
"421",421,0.22232
"422",422,0.220669166666667
"423",423,0.219140833333333
"424",424,0.21774
"425",425,0.2164275
"426",426,0.215220833333333
"427",427,0.214120833333333
"428",428,0.213106666666667
"429",429,0.212189166666667
"430",430,0.211361666666667
"431",431,0.21061
"432",432,0.20992
"433",433,0.209298333333333
"434",434,0.2087475
"435",435,0.20827
"436",436,0.2078425
"437",437,0.207485
"438",438,0.207169166666667
"439",439,0.2069
"440",440,0.206679166666667
"441",441,0.206515
"442",442,0.206385
"443",443,0.206295
"444",444,0.2062375
"445",445,0.206221666666667
"446",446,0.206224166666667
"447",447,0.2062525
"448",448,0.2063075
"449",449,0.206388333333333
"450",450,0.20648
"451",451,0.2065975
"452",452,0.206750833333333
"453",453,0.2069125
"454",454,0.207095
"455",455,0.207311666666667
"456",456,0.20754
"457",457,0.207793333333333
"458",458,0.208099166666667
"459",459,0.208445833333333
"460",460,0.2088275
"461",461,0.209254166666667
"462",462,0.209721666666667
"463",463,0.210235
"464",464,0.210805833333333
"465",465,0.211424166666667
"466",466,0.212113333333333
"467",467,0.212861666666667
"468",468,0.213666666666667
"469",469,0.214521666666667
"470",470,0.215439166666667
"471",471,0.2163975
"472",472,0.2174025
"473",473,0.218453333333333
"474",474,0.219561666666667
"475",475,0.220698333333333
"476",476,0.221879166666667
"477",477,0.22308
"478",478,0.2243125
"479",479,0.225573333333333
"480",480,0.226870833333333
"481",481,0.228179166666667
"482",482,0.229520833333333
"483",483,0.230870833333333
"484",484,0.232225833333333
"485",485,0.2335975
"486",486,0.23499
"487",487,0.236380833333333
"488",488,0.237796666666667
"489",489,0.2392075
"490",490,0.240619166666667
"491",491,0.242059166666667
"492",492,0.243490833333333
"493",493,0.244923333333333
"494",494,0.246364166666667
"495",495,0.247795833333333
"496",496,0.249251666666667
"497",497,0.2506975
"498",498,0.252138333333333
"499",499,0.253595833333333
"500",500,0.2550375
"501",501,0.256484166666667
"502",502,0.257941666666667
"503",503,0.2593825
"504",504,0.26082
"505",505,0.2622575
"506",506,0.263685833333333
"507",507,0.265129166666667
"508",508,0.266560833333333
"509",509,0.2679825
"510",510,0.269399166666667
"511",511,0.270814166666667
"512",512,0.272216666666667
"513",513,0.273615
"514",514,0.275000833333333
"515",515,0.276385833333333
"516",516,0.277758333333333
"517",517,0.279118333333333
"518",518,0.280471666666667
"519",519,0.281811666666667
"520",520,0.2831475
"521",521,0.284474166666667
"522",522,0.285789166666667
"523",523,0.287098333333333
"524",524,0.288396666666667
"525",525,0.289684166666667
"526",526,0.290959166666667
"527",527,0.292225
"528",528,0.293476666666667
"529",529,0.294715
"530",530,0.29594
"531",531,0.297155
"532",532,0.29836
"533",533,0.2995475
"534",534,0.300731666666667
"535",535,0.301913333333333
"536",536,0.303079166666667
"537",537,0.3042475
"538",538,0.305388333333333
"539",539,0.306509166666667
"540",540,0.307625
"541",541,0.308724166666667
"542",542,0.309814166666667
"543",543,0.310901666666667
"544",544,0.311976666666667
"545",545,0.31305
"546",546,0.314106666666667
"547",547,0.315154166666667
"548",548,0.316205833333333
"549",549,0.3172425
"550",550,0.3182725
"551",551,0.319290833333333
"552",552,0.32028
"553",553,0.321264166666667
"554",554,0.322229166666667
"555",555,0.323176666666667
"556",556,0.324120833333333
"557",557,0.325045833333333
"558",558,0.325963333333333
"559",559,0.326884166666667
"560",560,0.32778
"561",561,0.328663333333333
"562",562,0.329530833333333
"563",563,0.330380833333333
"564",564,0.331231666666667
"565",565,0.332075833333333
"566",566,0.33292
"567",567,0.333745
"568",568,0.334555
"569",569,0.3353575
"570",570,0.336144166666667
"571",571,0.336924166666667
"572",572,0.337696666666667
"573",573,0.3384725
"574",574,0.339245
"575",575,0.340005833333333
"576",576,0.3407725
"577",577,0.341515833333333
"578",578,0.342236666666667
"579",579,0.342968333333333
"580",580,0.343691666666667
"581",581,0.344411666666667
"582",582,0.345135
"583",583,0.345845833333333
"584",584,0.346544166666667
"585",585,0.347240833333333
"586",586,0.347929166666667
"587",587,0.348611666666667
"588",588,0.34929
"589",589,0.349960833333333
"590",590,0.350626666666667
"591",591,0.351283333333333
"592",592,0.351933333333333
"593",593,0.35258
"594",594,0.353225
"595",595,0.353855
"596",596,0.354474166666667
"597",597,0.35509
"598",598,0.355699166666667
"599",599,0.356304166666667
"600",600,0.356915833333333
"601",601,0.357505833333333
"602",602,0.358083333333333
"603",603,0.358655833333333
"604",604,0.359215833333333
"605",605,0.3597725
"606",606,0.360331666666667
"607",607,0.360875
"608",608,0.361414166666667
"609",609,0.361939166666667
"610",610,0.362445
"611",611,0.362950833333333
"612",612,0.363455833333333
"613",613,0.363950833333333
"614",614,0.364444166666667
"615",615,0.3649225
"616",616,0.3653875
"617",617,0.365848333333333
"618",618,0.366295
"619",619,0.366739166666667
"620",620,0.367179166666667
"621",621,0.367608333333333
"622",622,0.368031666666667
"623",623,0.368444166666667
"624",624,0.36884
"625",625,0.369234166666667
"626",626,0.3696125
"627",627,0.369990833333333
"628",628,0.370366666666667
"629",629,0.370735833333333
"630",630,0.371096666666667
"631",631,0.3714575
"632",632,0.3718175
"633",633,0.372163333333333
"634",634,0.372510833333333
"635",635,0.37284
"636",636,0.373151666666667
"637",637,0.373450833333333
"638",638,0.373738333333333
"639",639,0.374015833333333
"640",640,0.374284166666667
"641",641,0.374533333333333
"642",642,0.37477
"643",643,0.3749925
"644",644,0.375193333333333
"645",645,0.3753775
"646",646,0.3755475
"647",647,0.3757025
"648",648,0.375840833333333
"649",649,0.375958333333333
"650",650,0.376059166666667
"651",651,0.376138333333333
"652",652,0.376194166666667
"653",653,0.376231666666667
"654",654,0.376251666666667
"655",655,0.376256666666667
"656",656,0.376233333333333
"657",657,0.3762075
"658",658,0.3761625
"659",659,0.37612
"660",660,0.376068333333333
"661",661,0.376020833333333
"662",662,0.375975
"663",663,0.375925833333333
"664",664,0.375878333333333
"665",665,0.375820833333333
"666",666,0.375750833333333
"667",667,0.3756975
"668",668,0.375651666666667
"669",669,0.3755975
"670",670,0.375555833333333
"671",671,0.375496666666667
"672",672,0.375420833333333
"673",673,0.3753375
"674",674,0.37525
"675",675,0.375146666666667
"676",676,0.375038333333333
"677",677,0.374910833333333
"678",678,0.374775
"679",679,0.3746225
"680",680,0.374461666666667
"681",681,0.374269166666667
"682",682,0.374060833333333
"683",683,0.373823333333333
"684",684,0.373565833333333
"685",685,0.373278333333333
"686",686,0.372958333333333
"687",687,0.372635833333333
"688",688,0.372284166666667
"689",689,0.3719375
"690",690,0.3715875
"691",691,0.371230833333333
"692",692,0.370864166666667
"693",693,0.370500833333333
"694",694,0.370141666666667
"695",695,0.3697675
"696",696,0.369385833333333
"697",697,0.368998333333333
"698",698,0.368595
"699",699,0.368199166666667
"700",700,0.367805
"701",701,0.367393333333333
"702",702,0.366976666666667
"703",703,0.366546666666667
"704",704,0.3660975
"705",705,0.365653333333333
"706",706,0.365201666666667
"707",707,0.364755833333333
"708",708,0.3643125
"709",709,0.363865
"710",710,0.363420833333333
"711",711,0.3629675
"712",712,0.362506666666667
"713",713,0.3620425
"714",714,0.361566666666667
"715",715,0.361090833333333
"716",716,0.360618333333333
"717",717,0.360128333333333
"718",718,0.35963
"719",719,0.359123333333333
"720",720,0.358606666666667
"721",721,0.358074166666667
"722",722,0.357524166666667
"723",723,0.356971666666667
"724",724,0.356413333333333
"725",725,0.355858333333333
"726",726,0.355321666666667
"727",727,0.354776666666667
"728",728,0.354236666666667
"729",729,0.353728333333333
"730",730,0.353228333333333
"731",731,0.352755
"732",732,0.352329166666667
"733",733,0.351941666666667
"734",734,0.351585
"735",735,0.351281666666667
"736",736,0.350965
"737",737,0.35067
"738",738,0.3503525
"739",739,0.350025833333333
"740",740,0.349681666666667
"741",741,0.3493275
"742",742,0.348939166666667
"743",743,0.348535
"744",744,0.348095
"745",745,0.347608333333333
"746",746,0.347111666666667
"747",747,0.346585
"748",748,0.346054166666667
"749",749,0.345510833333333
"750",750,0.344955833333333
"751",751,0.344376666666667
"752",752,0.3438
"753",753,0.343213333333333
"754",754,0.342619166666667
"755",755,0.3420175
"756",756,0.341414166666667
"757",757,0.34079
"758",758,0.340175833333333
"759",759,0.339550833333333
"760",760,0.338958333333333
"761",761,0.3383675
"762",762,0.337810833333333
"763",763,0.33728
"764",764,0.3367675
"765",765,0.336276666666667
"766",766,0.335811666666667
"767",767,0.335373333333333
"768",768,0.334955833333333
"769",769,0.3345625
"770",770,0.334186666666667
"771",771,0.3338325
"772",772,0.333498333333333
"773",773,0.333184166666667
"774",774,0.33286
"775",775,0.332549166666667
"776",776,0.332244166666667
"777",777,0.3319375
"778",778,0.331664166666667
"779",779,0.33141
"780",780,0.331150833333333
"781",781,0.330923333333333
"782",782,0.330715833333333
"783",783,0.330513333333333
"784",784,0.330323333333333
"785",785,0.330154166666667
"786",786,0.329989166666667
"787",787,0.3298475
"788",788,0.3297375
"789",789,0.329638333333333
"790",790,0.329556666666667
"791",791,0.32949
"792",792,0.329446666666667
"793",793,0.32941
"794",794,0.329391666666667
"795",795,0.3293825
"796",796,0.329381666666667
"797",797,0.329398333333333
"798",798,0.329435833333333
"799",799,0.3294725
"800",800,0.329523333333333
"801",801,0.329578333333333
"802",802,0.329630833333333
"803",803,0.329699166666667
"804",804,0.329776666666667
"805",805,0.329858333333333
"806",806,0.329941666666667
"807",807,0.330029166666667
"808",808,0.330128333333333
"809",809,0.3302325
"810",810,0.330325
"811",811,0.3303975
"812",812,0.330471666666667
"813",813,0.330526666666667
"814",814,0.33058
"815",815,0.330643333333333
"816",816,0.330695833333333
"817",817,0.3307325
"818",818,0.330769166666667
"819",819,0.33079
"820",820,0.3307925
"821",821,0.330795
"822",822,0.330785
"823",823,0.330778333333333
"824",824,0.330740833333333
"825",825,0.330680833333333
"826",826,0.3306125
"827",827,0.330529166666667
"828",828,0.330425833333333
"829",829,0.3303225
"830",830,0.330168333333333
"831",831,0.329968333333333
"832",832,0.330254166666667
"833",833,0.329883333333333
"834",834,0.32957
"835",835,0.329226666666667
"836",836,0.328871666666667
"837",837,0.328458333333333
"838",838,0.3279525
"839",839,0.32744
"840",840,0.326804166666667
"841",841,0.326060833333333
"842",842,0.325231666666667
"843",843,0.324376666666667
"844",844,0.323464166666667
"845",845,0.3225175
"846",846,0.321508333333333
"847",847,0.32039
"848",848,0.319269166666667
"849",849,0.317909166666667
"850",850,0.316401666666667
"851",851,0.314786666666667
"852",852,0.313008333333333
"853",853,0.311133333333333
"854",854,0.3092325
"855",855,0.3071125
"856",856,0.304825833333333
"857",857,0.302439166666667
"858",858,0.299846666666667
"859",859,0.29707
"860",860,0.2941375
"861",861,0.291106666666667
"862",862,0.287755
"863",863,0.284205833333333
"864",864,0.280465
"865",865,0.276485
"866",866,0.272336666666667
"867",867,0.267933333333333
"868",868,0.263334166666667
"869",869,0.258458333333333
"870",870,0.2532875
"871",871,0.2479575
"872",872,0.242430833333333
"873",873,0.236726666666667
"874",874,0.230798333333333
"875",875,0.224679166666667
"876",876,0.218475833333333
"877",877,0.212028333333333
"878",878,0.2056525
"879",879,0.199195833333333
"880",880,0.192741666666667
"881",881,0.186278333333333
"882",882,0.179621666666667
"883",883,0.172999166666667
"884",884,0.1663875
"885",885,0.159926666666667
"886",886,0.153459166666667
"887",887,0.147181666666667
"888",888,0.1409025
"889",889,0.134933916666667
"890",890,0.129038833333333
"891",891,0.123470583333333
"892",892,0.118194416666667
"893",893,0.113143666666667
"894",894,0.108385416666667
"895",895,0.103885333333333
"896",896,0.0996850833333333
"897",897,0.0957774166666667
"898",898,0.0921610833333333
"899",899,0.0888906666666667
"900",900,0.0858189166666667
"901",901,0.0831156666666667
"902",902,0.0805254166666667
"903",903,0.0780923333333333
"904",904,0.0759445
"905",905,0.0739653333333333
"906",906,0.0721855833333333
"907",907,0.07059625
"908",908,0.069292
"909",909,0.06803825
"910",910,0.0669709166666667
"911",911,0.06596925
"912",912,0.06507575
"913",913,0.0642668333333333
"914",914,0.06356075
"915",915,0.0630056666666667
"916",916,0.0624019166666667
"917",917,0.0618268333333333
"918",918,0.061356
"919",919,0.060888
"920",920,0.06054275
"921",921,0.06038025
"922",922,0.0601879166666667
"923",923,0.0600259166666667
"924",924,0.0599175
"925",925,0.0598246666666667
"926",926,0.0597549166666667
"927",927,0.0597194166666667
"928",928,0.0596933333333333
"929",929,0.0597430833333333
"930",930,0.0598626666666667
"931",931,0.0599815833333333
"932",932,0.0601591666666667
"933",933,0.06034175
"934",934,0.06053675
"935",935,0.0607036666666667
"936",936,0.0609755833333333
"937",937,0.0613293333333333
"938",938,0.06164325
"939",939,0.0619936666666667
"940",940,0.0623475
"941",941,0.0626385833333333
"942",942,0.0630354166666667
"943",943,0.06353975
"944",944,0.0640065833333333
"945",945,0.0644875833333333
"946",946,0.06501625
"947",947,0.06551625
"948",948,0.0659740833333333
"949",949,0.0664959166666667
"950",950,0.0670576666666667
"951",951,0.0676113333333333
"952",952,0.06817075
"953",953,0.0687580833333333
"954",954,0.0693593333333333
"955",955,0.0699723333333333
"956",956,0.0706044166666667
"957",957,0.07126075
"958",958,0.0719429166666667
"959",959,0.07266125
"960",960,0.0733491666666667
"961",961,0.0740278333333333
"962",962,0.0747571666666667
"963",963,0.07550075
"964",964,0.0762415
"965",965,0.0770294166666667
"966",966,0.0778190833333333
"967",967,0.0786085833333333
"968",968,0.0793658333333333
"969",969,0.0801673333333333
"970",970,0.0810175
"971",971,0.0818434166666667
"972",972,0.0826768333333333
"973",973,0.08349125
"974",974,0.0842684166666667
"975",975,0.0851025
"976",976,0.0859280833333333
"977",977,0.0867988333333333
"978",978,0.0877495833333333
"979",979,0.088685
"980",980,0.0896125833333333
"981",981,0.0905389166666667
"982",982,0.0914913333333333
"983",983,0.0924498333333333
"984",984,0.0934114166666667
"985",985,0.0944351666666667
"986",986,0.0953911666666667
"987",987,0.0962526666666667
"988",988,0.0972093333333333
"989",989,0.0982105
"990",990,0.0991695833333333
"991",991,0.100182916666667
"992",992,0.101320416666667
"993",993,0.10233525
"994",994,0.103288666666667
"995",995,0.104262083333333
"996",996,0.105174083333333
"997",997,0.106151166666667
"998",998,0.10717375
"999",999,0.108188166666667
"1000",1000,0.109250333333333
"1001",1001,0.110269666666667
"1002",1002,0.111260083333333
"1003",1003,0.112252
"1004",1004,0.11325025
"1005",1005,0.114247083333333
"1006",1006,0.11524375
"1007",1007,0.1162695
"1008",1008,0.117250833333333
"1009",1009,0.118204333333333
"1010",1010,0.11916825
"1011",1011,0.120140166666667
"1012",1012,0.121040583333333
"1013",1013,0.12198475
"1014",1014,0.122958583333333
"1015",1015,0.123905583333333
"1016",1016,0.124866083333333
"1017",1017,0.125770416666667
"1018",1018,0.1266055
"1019",1019,0.127498666666667
"1020",1020,0.128406416666667
"1021",1021,0.129298166666667
"1022",1022,0.130245083333333
"1023",1023,0.131134416666667
"1024",1024,0.132001833333333
"1025",1025,0.132758833333333
"1026",1026,0.133559083333333
"1027",1027,0.134483083333333
"1028",1028,0.1353225
"1029",1029,0.136201833333333
"1030",1030,0.136984083333333
"1031",1031,0.137649166666667
"1032",1032,0.138387666666667
"1033",1033,0.13912425
"1034",1034,0.1398545
"1035",1035,0.14062
"1036",1036,0.141394166666667
"1037",1037,0.142073333333333
"1038",1038,0.142751666666667
"1039",1039,0.143335833333333
"1040",1040,0.1439375
"1041",1041,0.1445875
"1042",1042,0.145210833333333
"1043",1043,0.145865
"1044",1044,0.146660833333333
"1045",1045,0.147304166666667
"1046",1046,0.147845
"1047",1047,0.14845
"1048",1048,0.149028333333333
"1049",1049,0.149593333333333
"1050",1050,0.150208333333333
"1051",1051,0.1508725
"1052",1052,0.151540833333333
"1053",1053,0.152155833333333
"1054",1054,0.152783333333333
"1055",1055,0.153411666666667
"1056",1056,0.154025
"1057",1057,0.154581666666667
"1058",1058,0.155225833333333
"1059",1059,0.155930833333333
"1060",1060,0.1566225
"1061",1061,0.157340833333333
"1062",1062,0.1580775
"1063",1063,0.1587925
"1064",1064,0.15947
"1065",1065,0.160189166666667
"1066",1066,0.160889166666667
"1067",1067,0.161584166666667
"1068",1068,0.162290833333333
"1069",1069,0.162958333333333
"1070",1070,0.163571666666667
"1071",1071,0.164251666666667
"1072",1072,0.164945
"1073",1073,0.165638333333333
"1074",1074,0.1663875
"1075",1075,0.1670775
"1076",1076,0.167711666666667
"1077",1077,0.168295
"1078",1078,0.1688825
"1079",1079,0.169623333333333
"1080",1080,0.170346666666667
"1081",1081,0.171035833333333
"1082",1082,0.171688333333333
"1083",1083,0.172255
"1084",1084,0.17285
"1085",1085,0.173403333333333
"1086",1086,0.174046666666667
"1087",1087,0.174730833333333
"1088",1088,0.175494166666667
"1089",1089,0.176189166666667
"1090",1090,0.176784166666667
"1091",1091,0.177314166666667
"1092",1092,0.177795
"1093",1093,0.178370833333333
"1094",1094,0.179035833333333
"1095",1095,0.1796325
"1096",1096,0.180278333333333
"1097",1097,0.180825
"1098",1098,0.1812275
"1099",1099,0.181775
"1100",1100,0.182365
"1101",1101,0.182940833333333
"1102",1102,0.183604166666667
"1103",1103,0.184123333333333
"1104",1104,0.184555
"1105",1105,0.185045833333333
"1106",1106,0.18553
"1107",1107,0.186155833333333
"1108",1108,0.186805
"1109",1109,0.18736
"1110",1110,0.187930833333333
"1111",1111,0.1884975
"1112",1112,0.18901
"1113",1113,0.189505833333333
"1114",1114,0.189978333333333
"1115",1115,0.190379166666667
"1116",1116,0.1908225
"1117",1117,0.191335833333333
"1118",1118,0.191884166666667
"1119",1119,0.192525
"1120",1120,0.193109166666667
"1121",1121,0.1935925
"1122",1122,0.194026666666667
"1123",1123,0.1944
"1124",1124,0.194788333333333
"1125",1125,0.195216666666667
"1126",1126,0.195698333333333
"1127",1127,0.196133333333333
"1128",1128,0.196594166666667
"1129",1129,0.197000833333333
"1130",1130,0.197349166666667
"1131",1131,0.197733333333333
"1132",1132,0.198125833333333
"1133",1133,0.198451666666667
"1134",1134,0.1987775
"1135",1135,0.199079166666667
"1136",1136,0.199349166666667
"1137",1137,0.199721666666667
"1138",1138,0.200135
"1139",1139,0.2004475
"1140",1140,0.200805833333333
"1141",1141,0.201113333333333
"1142",1142,0.201393333333333
"1143",1143,0.201634166666667
"1144",1144,0.201898333333333
"1145",1145,0.202125833333333
"1146",1146,0.202418333333333
"1147",1147,0.202674166666667
"1148",1148,0.202901666666667
"1149",1149,0.2032725
"1150",1150,0.203545
"1151",1151,0.2038225
"1152",1152,0.204201666666667
"1153",1153,0.204379166666667
"1154",1154,0.204590833333333
"1155",1155,0.204873333333333
"1156",1156,0.205043333333333
"1157",1157,0.205383333333333
"1158",1158,0.2057325
"1159",1159,0.205975833333333
"1160",1160,0.2061925
"1161",1161,0.2063975
"1162",1162,0.206535
"1163",1163,0.206590833333333
"1164",1164,0.206746666666667
"1165",1165,0.206930833333333
"1166",1166,0.207108333333333
"1167",1167,0.207398333333333
"1168",1168,0.207649166666667
"1169",1169,0.207819166666667
"1170",1170,0.208075
"1171",1171,0.208254166666667
"1172",1172,0.208359166666667
"1173",1173,0.208609166666667
"1174",1174,0.208854166666667
"1175",1175,0.209080833333333
"1176",1176,0.209335
"1177",1177,0.209685833333333
"1178",1178,0.2099275
"1179",1179,0.210116666666667
"1180",1180,0.2103125
"1181",1181,0.210505
"1182",1182,0.210811666666667
"1183",1183,0.21112
"1184",1184,0.211328333333333
"1185",1185,0.2116
"1186",1186,0.2117875
"1187",1187,0.211998333333333
"1188",1188,0.212409166666667
"1189",1189,0.212714166666667
"1190",1190,0.213069166666667
"1191",1191,0.21345
"1192",1192,0.213654166666667
"1193",1193,0.213961666666667
"1194",1194,0.214328333333333
"1195",1195,0.214605
"1196",1196,0.214825833333333
"1197",1197,0.215073333333333
"1198",1198,0.215329166666667
"1199",1199,0.215440833333333
"1200",1200,0.215595833333333
"1201",1201,0.215896666666667
"1202",1202,0.216105
"1203",1203,0.2163975
"1204",1204,0.216669166666667
"1205",1205,0.216856666666667
"1206",1206,0.217209166666667
"1207",1207,0.21744
"1208",1208,0.217621666666667
"1209",1209,0.217893333333333
"1210",1210,0.217853333333333
"1211",1211,0.217845833333333
"1212",1212,0.218123333333333
"1213",1213,0.218221666666667
"1214",1214,0.218381666666667
"1215",1215,0.218774166666667
"1216",1216,0.218939166666667
"1217",1217,0.218903333333333
"1218",1218,0.219015833333333
"1219",1219,0.219135833333333
"1220",1220,0.219111666666667
"1221",1221,0.2192475
"1222",1222,0.219265833333333
"1223",1223,0.219158333333333
"1224",1224,0.219189166666667
"1225",1225,0.219074166666667
"1226",1226,0.218956666666667
"1227",1227,0.21897
"1228",1228,0.2189075
"1229",1229,0.218838333333333
"1230",1230,0.218739166666667
"1231",1231,0.218540833333333
"1232",1232,0.21823
"1233",1233,0.217881666666667
"1234",1234,0.217616666666667
"1235",1235,0.217281666666667
"1236",1236,0.21692
"1237",1237,0.2165375
"1238",1238,0.216158333333333
"1239",1239,0.215616666666667
"1240",1240,0.215099166666667
"1241",1241,0.214754166666667
"1242",1242,0.214223333333333
"1243",1243,0.2137075
"1244",1244,0.213203333333333
"1245",1245,0.2124975
"1246",1246,0.211894166666667
"1247",1247,0.211236666666667
"1248",1248,0.210493333333333
"1249",1249,0.209778333333333
"1250",1250,0.2089725
"1251",1251,0.208246666666667
"1252",1252,0.2075325
"1253",1253,0.206855
"1254",1254,0.2062475
"1255",1255,0.205486666666667
"1256",1256,0.204725833333333
"1257",1257,0.2039175
"1258",1258,0.203100833333333
"1259",1259,0.202248333333333
"1260",1260,0.20143
"1261",1261,0.2006075
"1262",1262,0.199908333333333
"1263",1263,0.199291666666667
"1264",1264,0.1985075
"1265",1265,0.197988333333333
"1266",1266,0.197200833333333
"1267",1267,0.196201666666667
"1268",1268,0.1954025
"1269",1269,0.194511666666667
"1270",1270,0.19382
"1271",1271,0.193299166666667
"1272",1272,0.192759166666667
"1273",1273,0.192306666666667
"1274",1274,0.191583333333333
"1275",1275,0.190811666666667
"1276",1276,0.190125833333333
"1277",1277,0.1894925
"1278",1278,0.189030833333333
"1279",1279,0.1885325
"1280",1280,0.187936666666667
"1281",1281,0.187353333333333
"1282",1282,0.186660833333333
"1283",1283,0.1861075
"1284",1284,0.185624166666667
"1285",1285,0.185100833333333
"1286",1286,0.184585833333333
"1287",1287,0.1839875
"1288",1288,0.183381666666667
"1289",1289,0.182833333333333
"1290",1290,0.182290833333333
"1291",1291,0.181706666666667
"1292",1292,0.181153333333333
"1293",1293,0.180495833333333
"1294",1294,0.179824166666667
"1295",1295,0.179209166666667
"1296",1296,0.1784875
"1297",1297,0.177650833333333
"1298",1298,0.177014166666667
"1299",1299,0.176449166666667
"1300",1300,0.1756575
"1301",1301,0.1749275
"1302",1302,0.174109166666667
"1303",1303,0.1730225
"1304",1304,0.172259166666667
"1305",1305,0.171755
"1306",1306,0.171079166666667
"1307",1307,0.1704225
"1308",1308,0.169774166666667
"1309",1309,0.169029166666667
"1310",1310,0.168400833333333
"1311",1311,0.167833333333333
"1312",1312,0.1672975
"1313",1313,0.166788333333333
"1314",1314,0.166406666666667
"1315",1315,0.166073333333333
"1316",1316,0.165901666666667
"1317",1317,0.166015833333333
"1318",1318,0.165945833333333
"1319",1319,0.16591
"1320",1320,0.165735
"1321",1321,0.165430833333333
"1322",1322,0.165103333333333
"1323",1323,0.164790833333333
"1324",1324,0.16462
"1325",1325,0.164469166666667
"1326",1326,0.1641575
"1327",1327,0.1637
"1328",1328,0.163333333333333
"1329",1329,0.1629275
"1330",1330,0.162366666666667
"1331",1331,0.161865
"1332",1332,0.161415
"1333",1333,0.1608225
"1334",1334,0.160336666666667
"1335",1335,0.159795
"1336",1336,0.1590775
"1337",1337,0.158553333333333
"1338",1338,0.157933333333333
"1339",1339,0.157323333333333
"1340",1340,0.15671
"1341",1341,0.155801666666667
"1342",1342,0.1549975
"1343",1343,0.154239166666667
"1344",1344,0.1534275
"1345",1345,0.152815
"1346",1346,0.152358333333333
"1347",1347,0.151826666666667
"1348",1348,0.1515
"1349",1349,0.150989166666667
"1350",1350,0.1502975
"1351",1351,0.149765833333333
"1352",1352,0.149171666666667
"1353",1353,0.148670833333333
"1354",1354,0.148350833333333
"1355",1355,0.147939166666667
"1356",1356,0.14752
"1357",1357,0.147135833333333
"1358",1358,0.146755
"1359",1359,0.146308333333333
"1360",1360,0.145821666666667
"1361",1361,0.145375833333333
"1362",1362,0.144981666666667
"1363",1363,0.144560833333333
"1364",1364,0.144225
"1365",1365,0.143725833333333
"1366",1366,0.143185
"1367",1367,0.142260833333333
"1368",1368,0.1416025
"1369",1369,0.1412675
"1370",1370,0.1409425
"1371",1371,0.140764166666667
"1372",1372,0.1404375
"1373",1373,0.1398175
"1374",1374,0.139390833333333
"1375",1375,0.139053333333333
"1376",1376,0.138443333333333
"1377",1377,0.137800833333333
"1378",1378,0.13709
"1379",1379,0.136319916666667
"1380",1380,0.135740916666667
"1381",1381,0.135165
"1382",1382,0.134663
"1383",1383,0.134076666666667
"1384",1384,0.133317833333333
"1385",1385,0.13283375
"1386",1386,0.132102
"1387",1387,0.131074083333333
"1388",1388,0.130572166666667
"1389",1389,0.13014275
"1390",1390,0.129376083333333
"1391",1391,0.12899675
"1392",1392,0.12846825
"1393",1393,0.1275825
"1394",1394,0.127084583333333
"1395",1395,0.127025416666667
"1396",1396,0.126491416666667
"1397",1397,0.12583675
"1398",1398,0.125081666666667
"1399",1399,0.124067083333333
"1400",1400,0.1232855
"1401",1401,0.122570833333333
"1402",1402,0.1218165
"1403",1403,0.121023916666667
"1404",1404,0.120409166666667
"1405",1405,0.119945916666667
"1406",1406,0.119198833333333
"1407",1407,0.118436916666667
"1408",1408,0.117686833333333
"1409",1409,0.1166005
"1410",1410,0.116018666666667
"1411",1411,0.115966416666667
"1412",1412,0.1155125
"1413",1413,0.114992666666667
"1414",1414,0.114343583333333
"1415",1415,0.113451666666667
"1416",1416,0.112696166666667
"1417",1417,0.11208225
"1418",1418,0.111416666666667
"1419",1419,0.110633416666667
"1420",1420,0.109954833333333
"1421",1421,0.109224416666667
"1422",1422,0.108590333333333
"1423",1423,0.108161416666667
"1424",1424,0.107603416666667
"1425",1425,0.107152416666667
"1426",1426,0.1064275
"1427",1427,0.105560916666667
"1428",1428,0.104629416666667
"1429",1429,0.1031155
"1430",1430,0.102408583333333
"1431",1431,0.102196
"1432",1432,0.101684666666667
"1433",1433,0.101746833333333
"1434",1434,0.101316583333333
"1435",1435,0.100363166666667
"1436",1436,0.099499
"1437",1437,0.0985865833333333
"1438",1438,0.0975710833333333
"1439",1439,0.0962329166666667
"1440",1440,0.09525675
"1441",1441,0.0944409166666667
"1442",1442,0.09364325
"1443",1443,0.093151
"1444",1444,0.0923885
"1445",1445,0.0912079166666667
"1446",1446,0.0906221666666667
"1447",1447,0.090238
"1448",1448,0.0899941666666667
"1449",1449,0.090652
"1450",1450,0.090389
"1451",1451,0.0897685
"1452",1452,0.0888831666666667
"1453",1453,0.087167
"1454",1454,0.0859349166666667
"1455",1455,0.0840475
"1456",1456,0.0835511666666667
"1457",1457,0.0849014166666667
"1458",1458,0.0845619166666667
"1459",1459,0.0843755833333333
"1460",1460,0.0837086666666667
"1461",1461,0.0809255833333333
"1462",1462,0.0796978333333333
"1463",1463,0.0793806666666667
"1464",1464,0.0791108333333333
"1465",1465,0.0796003333333333
"1466",1466,0.0795814166666667
"1467",1467,0.0799888333333333
"1468",1468,0.0794831666666667
"1469",1469,0.0778604166666667
"1470",1470,0.0768938333333333
"1471",1471,0.0756273333333333
"1472",1472,0.0746528333333333
"1473",1473,0.07371075
"1474",1474,0.0737515833333333
"1475",1475,0.0749454166666667
"1476",1476,0.0749536666666667
"1477",1477,0.0755145
"1478",1478,0.0752158333333333
"1479",1479,0.0731639166666667
"1480",1480,0.0720598333333333
"1481",1481,0.0708035833333333
"1482",1482,0.0706639166666667
"1483",1483,0.0717600833333333
"1484",1484,0.0718383333333333
"1485",1485,0.0726589166666667
"1486",1486,0.07228575
"1487",1487,0.06977375
"1488",1488,0.0688539166666667
"1489",1489,0.0684308333333333
"1490",1490,0.06855225
"1491",1491,0.0704738333333333
"1492",1492,0.0701261666666667
"1493",1493,0.0683909166666667
"1494",1494,0.0675265
"1495",1495,0.0653939166666667
"1496",1496,0.06478675
"1497",1497,0.0662946666666667
"1498",1498,0.06606125
"1499",1499,0.065552
"1500",1500,0.0640555
"1501",1501,0.0603808333333333
"1502",1502,0.0539349166666667
"1503",1503,0.0564978333333333
"1504",1504,0.0577596666666667
"1505",1505,0.05036775
"1506",1506,0.0476709166666667
"1507",1507,0.0491009166666667
"1508",1508,0.0513135833333333
"1509",1509,0.0470238333333333
"1510",1510,0.0405841666666667
"1511",1511,0.0366895
"1512",1512,0.0424995833333333
"1513",1513,0.04435075
"1514",1514,0.04228675
"1515",1515,0.0429373333333333
"1516",1516,0.0427421666666667
"1517",1517,0.0425119166666667
"1518",1518,0.04352875
"1519",1519,0.0421613333333333
"1520",1520,0.0396035
"1521",1521,0.0375215833333333
"1522",1522,0.03621875
"1523",1523,0.0394609166666667
"1524",1524,0.045626
"1525",1525,0.0454400833333333
"1526",1526,0.0444864166666667
"1527",1527,0.044032
"1528",1528,0.0435874166666667
"1529",1529,0.0414209166666667
"1530",1530,0.0395379166666667
"1531",1531,0.0399883333333333
"1532",1532,0.0383145
"1533",1533,0.0384406666666667
"1534",1534,0.0416251666666667
"1535",1535,0.0395739166666667
"1536",1536,0.0388986666666667
"1537",1537,0.0412488333333333
"1538",1538,0.0426255833333333
"1539",1539,0.0397118333333333
"1540",1540,0.0362058333333333
"1541",1541,0.0394653333333333
"1542",1542,0.0403791666666667
"1543",1543,0.0386201666666667
"1544",1544,0.0363636666666667
"1545",1545,0.03877975
"1546",1546,0.0408455833333333
"1547",1547,0.0398199166666667
"1548",1548,0.0398221666666667
"1549",1549,0.03895575
"1550",1550,0.037707
"1551",1551,0.03948925
"1552",1552,0.0398856666666667
"1553",1553,0.0398101666666667
"1554",1554,0.0420543333333333
"1555",1555,0.0414583333333333
"1556",1556,0.0392255
"1557",1557,0.0378313333333333
"1558",1558,0.039624
"1559",1559,0.0413971666666667
"1560",1560,0.04136425
"1561",1561,0.0409285
"1562",1562,0.0400383333333333
"1563",1563,0.03921425
"1564",1564,0.03957575
"1565",1565,0.0399176666666667
"1566",1566,0.040039
"1567",1567,0.0400695
"1568",1568,0.0397575
"1569",1569,0.0395900833333333
"1570",1570,0.0399425833333333
"1571",1571,0.04036975
"1572",1572,0.0405573333333333
"1573",1573,0.0405981666666667
"1574",1574,0.041531
"1575",1575,0.0411658333333333
"1576",1576,0.0398538333333333
"1577",1577,0.039869
"1578",1578,0.0407513333333333
"1579",1579,0.0415729166666667
"1580",1580,0.0413535833333333
"1581",1581,0.0408643333333333
"1582",1582,0.0407139166666667
"1583",1583,0.0411790833333333
"1584",1584,0.0416435
"1585",1585,0.0419489166666667
"1586",1586,0.04204825
"1587",1587,0.0420108333333333
"1588",1588,0.0418843333333333
"1589",1589,0.0417830833333333
"1590",1590,0.041864
"1591",1591,0.0419748333333333
"1592",1592,0.042046
"1593",1593,0.0420810833333333
"1594",1594,0.0425210833333333
"1595",1595,0.0426104166666667
"1596",1596,0.042062
"1597",1597,0.0423129166666667
"1598",1598,0.0426435
"1599",1599,0.0427353333333333
"1600",1600,0.0427729166666667
"1601",1601,0.04255975
"1602",1602,0.0424154166666667
"1603",1603,0.0429029166666667
"1604",1604,0.0431175833333333
"1605",1605,0.0430905
"1606",1606,0.0430820833333333
"1607",1607,0.04335425
"1608",1608,0.0435488333333333
"1609",1609,0.0434741666666667
"1610",1610,0.0433986666666667
"1611",1611,0.0434749166666667
"1612",1612,0.0436420833333333
"1613",1613,0.0435955833333333
"1614",1614,0.04361375
"1615",1615,0.0437330833333333
"1616",1616,0.0438845
"1617",1617,0.04387775
"1618",1618,0.0437908333333333
"1619",1619,0.0437309166666667
"1620",1620,0.0436695833333333
"1621",1621,0.0437734166666667
"1622",1622,0.0439651666666667
"1623",1623,0.0436225833333333
"1624",1624,0.0435986666666667
"1625",1625,0.043896
"1626",1626,0.0439384166666667
"1627",1627,0.0439954166666667
"1628",1628,0.0440500833333333
"1629",1629,0.044028
"1630",1630,0.0439381666666667
"1631",1631,0.0439643333333333
"1632",1632,0.0441656666666667
"1633",1633,0.0441811666666667
"1634",1634,0.0442233333333333
"1635",1635,0.04431775
"1636",1636,0.0442145833333333
"1637",1637,0.0442935833333333
"1638",1638,0.0445014166666667
"1639",1639,0.0445816666666667
"1640",1640,0.04452175
"1641",1641,0.0445436666666667
"1642",1642,0.0448350833333333
"1643",1643,0.0452120833333333
"1644",1644,0.0453514166666667
"1645",1645,0.04524075
"1646",1646,0.04553925
"1647",1647,0.0457771666666667
"1648",1648,0.0458349166666667
"1649",1649,0.045836
"1650",1650,0.04603925
"1651",1651,0.0464595
"1652",1652,0.046978
"1653",1653,0.0471741666666667
"1654",1654,0.0474560833333333
"1655",1655,0.048068
"1656",1656,0.0483505
"1657",1657,0.0487313333333333
"1658",1658,0.04938025
"1659",1659,0.050125
"1660",1660,0.0508038333333333
"1661",1661,0.0515373333333333
"1662",1662,0.0525880833333333
"1663",1663,0.0535435
"1664",1664,0.0546006666666667
"1665",1665,0.0559579166666667
"1666",1666,0.0571165
"1667",1667,0.0583394166666667
"1668",1668,0.0598318333333333
"1669",1669,0.0616418333333333
"1670",1670,0.06333425
"1671",1671,0.064961
"1672",1672,0.0670039166666667
"1673",1673,0.0689671666666667
"1674",1674,0.0710003333333333
"1675",1675,0.0733755
"1676",1676,0.0755215833333333
"1677",1677,0.0775910833333333
"1678",1678,0.0797628333333333
"1679",1679,0.0820524166666667
"1680",1680,0.08407925
"1681",1681,0.085826
"1682",1682,0.087801
"1683",1683,0.0894494166666667
"1684",1684,0.09083375
"1685",1685,0.0922970833333333
"1686",1686,0.093783
"1687",1687,0.0950770833333333
"1688",1688,0.0960386666666667
"1689",1689,0.09707575
"1690",1690,0.09793775
"1691",1691,0.0985645
"1692",1692,0.0993555833333333
"1693",1693,0.09999025
"1694",1694,0.10047375
"1695",1695,0.101031
"1696",1696,0.101559916666667
"1697",1697,0.102094333333333
"1698",1698,0.102672166666667
"1699",1699,0.10305175
"1700",1700,0.10337775
"1701",1701,0.10376975
"1702",1702,0.104189083333333
"1703",1703,0.104527083333333
"1704",1704,0.104732666666667
"1705",1705,0.104826333333333
"1706",1706,0.104785833333333
"1707",1707,0.104641333333333
"1708",1708,0.1044205
"1709",1709,0.103953333333333
"1710",1710,0.103321666666667
"1711",1711,0.102613
"1712",1712,0.101758083333333
"1713",1713,0.100800416666667
"1714",1714,0.0997695833333333
"1715",1715,0.0986601666666667
"1716",1716,0.0975340833333333
"1717",1717,0.0963129166666667
"1718",1718,0.0948488333333333
"1719",1719,0.0935008333333333
"1720",1720,0.0921329166666667
"1721",1721,0.090563
"1722",1722,0.08902425
"1723",1723,0.0874636666666667
"1724",1724,0.0858801666666667
"1725",1725,0.08443025
"1726",1726,0.0830020833333333
"1727",1727,0.0815915833333333
"1728",1728,0.0802748333333333
"1729",1729,0.07897225
"1730",1730,0.0777825833333333
"1731",1731,0.0768166666666667
"1732",1732,0.07587575
"1733",1733,0.0749033333333333
"1734",1734,0.073928
"1735",1735,0.0731621666666667
"1736",1736,0.0724790833333333
"1737",1737,0.0718159166666667
"1738",1738,0.0711681666666667
"1739",1739,0.0705408333333333
"1740",1740,0.0699594166666667
"1741",1741,0.0694529166666667
"1742",1742,0.0689956666666667
"1743",1743,0.0685196666666667
"1744",1744,0.0680151666666667
"1745",1745,0.0676910833333333
"1746",1746,0.06742825
"1747",1747,0.06717125
"1748",1748,0.0669549166666667
"1749",1749,0.0667235833333333
"1750",1750,0.0665013333333333
"1751",1751,0.066349
"1752",1752,0.0661958333333333
"1753",1753,0.0659464166666667
"1754",1754,0.0655735
"1755",1755,0.0653674166666667
"1756",1756,0.0650623333333333
"1757",1757,0.0645983333333333
"1758",1758,0.0643135
"1759",1759,0.063891
"1760",1760,0.0633720833333333
"1761",1761,0.0629886666666667
"1762",1762,0.0625285
"1763",1763,0.062002
"1764",1764,0.0614644166666667
"1765",1765,0.06093425
"1766",1766,0.0604558333333333
"1767",1767,0.0600233333333333
"1768",1768,0.0595331666666667
"1769",1769,0.0590456666666667
"1770",1770,0.0586029166666667
"1771",1771,0.0582409166666667
"1772",1772,0.0578566666666667
"1773",1773,0.0574355
"1774",1774,0.0570151666666667
"1775",1775,0.0568025833333333
"1776",1776,0.056582
"1777",1777,0.056268
"1778",1778,0.05611225
"1779",1779,0.05596975
"1780",1780,0.0558278333333333
"1781",1781,0.0557610833333333
"1782",1782,0.0556090833333333
"1783",1783,0.0554385833333333
"1784",1784,0.05534725
"1785",1785,0.0552414166666667
"1786",1786,0.055082
"1787",1787,0.0548715
"1788",1788,0.0547096666666667
"1789",1789,0.0544689166666667
"1790",1790,0.05415825
"1791",1791,0.053901
"1792",1792,0.0535028333333333
"1793",1793,0.05310275
"1794",1794,0.0528739166666667
"1795",1795,0.0524113333333333
"1796",1796,0.051948
"1797",1797,0.05163525
"1798",1798,0.0512661666666667
"1799",1799,0.0508920833333333
"1800",1800,0.0505458333333333
"1801",1801,0.0502538333333333
"1802",1802,0.049974
"1803",1803,0.04974025
"1804",1804,0.04958925
"1805",1805,0.0493799166666667
"1806",1806,0.04918775
"1807",1807,0.04904475
"1808",1808,0.0487978333333333
"1809",1809,0.0485994166666667
"1810",1810,0.0484636666666667
"1811",1811,0.0482803333333333
"1812",1812,0.0480819166666667
"1813",1813,0.04787475
"1814",1814,0.0476690833333333
"1815",1815,0.0475193333333333
"1816",1816,0.04742575
"1817",1817,0.0473793333333333
"1818",1818,0.047367
"1819",1819,0.04736075
"1820",1820,0.04738325
"1821",1821,0.0475068333333333
"1822",1822,0.0476913333333333
"1823",1823,0.0479265
"1824",1824,0.0482039166666667
"1825",1825,0.0484855833333333
"1826",1826,0.0487884166666667
"1827",1827,0.0491381666666667
"1828",1828,0.0495774166666667
"1829",1829,0.0500345
"1830",1830,0.0505205
"1831",1831,0.051116
"1832",1832,0.051645
"1833",1833,0.0521729166666667
"1834",1834,0.0528065
"1835",1835,0.0534228333333333
"1836",1836,0.0540591666666667
"1837",1837,0.0547461666666667
"1838",1838,0.0554630833333333
"1839",1839,0.05627525
"1840",1840,0.0572023333333333
"1841",1841,0.0582328333333333
"1842",1842,0.0595845833333333
"1843",1843,0.0612821666666667
"1844",1844,0.0633508333333333
"1845",1845,0.0660864166666667
"1846",1846,0.0694465
"1847",1847,0.0734083333333333
"1848",1848,0.0780376666666667
"1849",1849,0.0834036666666667
"1850",1850,0.0894989166666667
"1851",1851,0.0962594166666667
"1852",1852,0.103803083333333
"1853",1853,0.111949083333333
"1854",1854,0.120517166666667
"1855",1855,0.129609333333333
"1856",1856,0.13909
"1857",1857,0.148861666666667
"1858",1858,0.1589325
"1859",1859,0.169271666666667
"1860",1860,0.1798125
"1861",1861,0.190471666666667
"1862",1862,0.2012925
"1863",1863,0.212295
"1864",1864,0.223441666666667
"1865",1865,0.2346325
"1866",1866,0.245883333333333
"1867",1867,0.25718
"1868",1868,0.268468333333333
"1869",1869,0.279721666666667
"1870",1870,0.290925
"1871",1871,0.3020675
"1872",1872,0.313081666666667
"1873",1873,0.323905833333333
"1874",1874,0.334505833333333
"1875",1875,0.344955
"1876",1876,0.355119166666667
"1877",1877,0.3649375
"1878",1878,0.374415
"1879",1879,0.3835925
"1880",1880,0.392416666666667
"1881",1881,0.4008225
"1882",1882,0.40885
"1883",1883,0.41651
"1884",1884,0.423778333333333
"1885",1885,0.430565833333333
"1886",1886,0.436989166666667
"1887",1887,0.443068333333333
"1888",1888,0.448749166666667
"1889",1889,0.454050833333333
"1890",1890,0.458995833333333
"1891",1891,0.463591666666667
"1892",1892,0.467859166666667
"1893",1893,0.471814166666667
"1894",1894,0.475474166666667
"1895",1895,0.478820833333333
"1896",1896,0.4818875
"1897",1897,0.484675833333333
"1898",1898,0.487186666666667
"1899",1899,0.489479166666667
"1900",1900,0.491565
"1901",1901,0.493443333333333
"1902",1902,0.495153333333333
"1903",1903,0.496691666666667
"1904",1904,0.498066666666667
"1905",1905,0.4992725
"1906",1906,0.500351666666667
"1907",1907,0.501328333333333
"1908",1908,0.50221
"1909",1909,0.502965
"1910",1910,0.503633333333333
"1911",1911,0.504253333333333
"1912",1912,0.504831666666667
"1913",1913,0.505328333333333
"1914",1914,0.505733333333333
"1915",1915,0.506094166666667
"1916",1916,0.506403333333333
"1917",1917,0.506681666666667
"1918",1918,0.506945
"1919",1919,0.507099166666667
"1920",1920,0.5072525
"1921",1921,0.507435833333333
"1922",1922,0.507519166666667
"1923",1923,0.5076525
"1924",1924,0.507814166666667
"1925",1925,0.507888333333333
"1926",1926,0.507981666666667
"1927",1927,0.508064166666667
"1928",1928,0.508116666666667
"1929",1929,0.508196666666667
"1930",1930,0.508279166666667
"1931",1931,0.508355
"1932",1932,0.50845
"1933",1933,0.508533333333333
"1934",1934,0.508604166666667
"1935",1935,0.50866
"1936",1936,0.508748333333333
"1937",1937,0.508825
"1938",1938,0.508875833333333
"1939",1939,0.50896
"1940",1940,0.509036666666667
"1941",1941,0.509108333333333
"1942",1942,0.509200833333333
"1943",1943,0.509298333333333
"1944",1944,0.5093725
"1945",1945,0.509406666666667
"1946",1946,0.509476666666667
"1947",1947,0.5095725
"1948",1948,0.509671666666667
"1949",1949,0.509753333333333
"1950",1950,0.509855833333333
"1951",1951,0.509954166666667
"1952",1952,0.510019166666667
"1953",1953,0.510089166666667
"1954",1954,0.510156666666667
"1955",1955,0.5102075
"1956",1956,0.510273333333333
"1957",1957,0.510399166666667
"1958",1958,0.510539166666667
"1959",1959,0.510571666666667
"1960",1960,0.510674166666667
"1961",1961,0.5107875
"1962",1962,0.510830833333333
"1963",1963,0.510896666666667
"1964",1964,0.510990833333333
"1965",1965,0.511085833333333
"1966",1966,0.5111225
"1967",1967,0.5111925
"1968",1968,0.511295833333333
"1969",1969,0.511400833333333
"1970",1970,0.511455833333333
"1971",1971,0.511538333333333
"1972",1972,0.511678333333333
"1973",1973,0.511763333333333
"1974",1974,0.511849166666667
"1975",1975,0.511935833333333
"1976",1976,0.511980833333333
"1977",1977,0.512034166666667
"1978",1978,0.5120975
"1979",1979,0.5121675
"1980",1980,0.512261666666667
"1981",1981,0.512339166666667
"1982",1982,0.5123925
"1983",1983,0.512474166666667
"1984",1984,0.512535
"1985",1985,0.5126025
"1986",1986,0.512713333333333
"1987",1987,0.512758333333333
"1988",1988,0.512795
"1989",1989,0.5128625
"1990",1990,0.5129175
"1991",1991,0.5130275
"1992",1992,0.513146666666667
"1993",1993,0.513171666666667
"1994",1994,0.513240833333333
"1995",1995,0.513323333333333
"1996",1996,0.5133775
"1997",1997,0.513419166666667
"1998",1998,0.513510833333333
"1999",1999,0.513619166666667
"2000",2000,0.513605
"2001",2001,0.513669166666667
"2002",2002,0.51375
"2003",2003,0.513755833333333
"2004",2004,0.513791666666667
"2005",2005,0.51386
"2006",2006,0.5139475
"2007",2007,0.514025833333333
"2008",2008,0.5140675
"2009",2009,0.514114166666667
"2010",2010,0.5142225
"2011",2011,0.514230833333333
"2012",2012,0.514251666666667
"2013",2013,0.514346666666667
"2014",2014,0.51437
"2015",2015,0.514363333333333
"2016",2016,0.514365
"2017",2017,0.514410833333333
"2018",2018,0.514451666666667
"2019",2019,0.514508333333333
"2020",2020,0.5145825
"2021",2021,0.514598333333333
"2022",2022,0.514600833333333
"2023",2023,0.514625
"2024",2024,0.514675
"2025",2025,0.514691666666667
"2026",2026,0.514660833333333
"2027",2027,0.514615
"2028",2028,0.514665833333333
"2029",2029,0.514730833333333
"2030",2030,0.5147725
"2031",2031,0.514814166666667
"2032",2032,0.514853333333333
"2033",2033,0.514878333333333
"2034",2034,0.5148875
"2035",2035,0.5148775
"2036",2036,0.514879166666667
"2037",2037,0.514890833333333
"2038",2038,0.514875833333333
"2039",2039,0.5149075
"2040",2040,0.514968333333333
"2041",2041,0.5150025
"2042",2042,0.51497
"2043",2043,0.514959166666667
"2044",2044,0.515015833333333
"2045",2045,0.515031666666667
"2046",2046,0.5149725
"2047",2047,0.514885833333333
"2048",2048,0.514880833333333
"2049",2049,0.514894166666667
"2050",2050,0.5149175
"2051",2051,0.5149425
"2052",2052,0.51497
"2053",2053,0.514946666666667
"2054",2054,0.514909166666667
"2055",2055,0.514983333333333
"2056",2056,0.51496
"2057",2057,0.514896666666667
"2058",2058,0.514888333333333
"2059",2059,0.514850833333333
"2060",2060,0.514861666666667
"2061",2061,0.514914166666667
"2062",2062,0.5148975
"2063",2063,0.5149
"2064",2064,0.514905833333333
"2065",2065,0.514880833333333
"2066",2066,0.51486
"2067",2067,0.514841666666667
"2068",2068,0.5148275
"2069",2069,0.514796666666667
"2070",2070,0.514821666666667
"2071",2071,0.5148275
"2072",2072,0.514703333333333
"2073",2073,0.5146325
"2074",2074,0.514580833333333
"2075",2075,0.51453
"2076",2076,0.514560833333333
"2077",2077,0.5145125
"2078",2078,0.514394166666667
"2079",2079,0.5143
"2080",2080,0.5143075
"2081",2081,0.514374166666667
"2082",2082,0.514405
"2083",2083,0.514219166666667
"2084",2084,0.51402
"2085",2085,0.513848333333333
"2086",2086,0.513675833333333
"2087",2087,0.513595833333333
"2088",2088,0.5135175
"2089",2089,0.5133625
"2090",2090,0.51315
"2091",2091,0.513021666666667
"2092",2092,0.512929166666667
"2093",2093,0.512709166666667
"2094",2094,0.512475
"2095",2095,0.512266666666667
"2096",2096,0.512108333333333
"2097",2097,0.512031666666667
"2098",2098,0.511883333333333
"2099",2099,0.5116725
"2100",2100,0.5115
"2101",2101,0.511090833333333
"2102",2102,0.510715
"2103",2103,0.510545
"2104",2104,0.51007
"2105",2105,0.509718333333333
"2106",2106,0.509465833333333
"2107",2107,0.508953333333333
"2108",2108,0.50865
"2109",2109,0.5083625
"2110",2110,0.507931666666667
"2111",2111,0.507794166666667
"2112",2112,0.507638333333333
"2113",2113,0.507394166666667
"2114",2114,0.507188333333333
"2115",2115,0.506950833333333
"2116",2116,0.506725
"2117",2117,0.506551666666667
"2118",2118,0.506395
"2119",2119,0.506266666666667
"2120",2120,0.506218333333333
"2121",2121,0.50632
"2122",2122,0.506345833333333
"2123",2123,0.506261666666667
"2124",2124,0.506116666666667
"2125",2125,0.506023333333333
"2126",2126,0.505941666666667
"2127",2127,0.50587
"2128",2128,0.505845833333333
"2129",2129,0.50581
"2130",2130,0.5058175
"2131",2131,0.505894166666667
"2132",2132,0.505885
"2133",2133,0.505864166666667
"2134",2134,0.505869166666667
"2135",2135,0.505900833333333
"2136",2136,0.505915833333333
"2137",2137,0.505993333333333
"2138",2138,0.506170833333333
"2139",2139,0.506206666666667
"2140",2140,0.506263333333333
"2141",2141,0.506378333333333
"2142",2142,0.506494166666667
"2143",2143,0.506525833333333
"2144",2144,0.506580833333333
"2145",2145,0.506730833333333
"2146",2146,0.506851666666667
"2147",2147,0.506938333333333
"2148",2148,0.507004166666667
"2149",2149,0.507078333333333
"2150",2150,0.50728
"2151",2151,0.507406666666667
