"","wavelength","br_mean_reflectance"
"1",1,0.69047
"2",2,0.689987777777778
"3",3,0.690486111111111
"4",4,0.691062222222222
"5",5,0.691781666666667
"6",6,0.692365
"7",7,0.692873333333333
"8",8,0.693422222222222
"9",9,0.693959444444444
"10",10,0.694453333333333
"11",11,0.69499
"12",12,0.695613888888889
"13",13,0.696127222222222
"14",14,0.696634444444444
"15",15,0.697196666666667
"16",16,0.697809444444444
"17",17,0.698342777777778
"18",18,0.698855555555556
"19",19,0.699408333333333
"20",20,0.699937777777778
"21",21,0.700483333333333
"22",22,0.701058333333333
"23",23,0.701686111111111
"24",24,0.702207777777778
"25",25,0.702671666666667
"26",26,0.703193333333333
"27",27,0.703612222222222
"28",28,0.704049444444444
"29",29,0.704550555555556
"30",30,0.705031111111111
"31",31,0.705512777777778
"32",32,0.705992777777778
"33",33,0.706471111111111
"34",34,0.706938333333333
"35",35,0.707412777777778
"36",36,0.707812222222222
"37",37,0.708203888888889
"38",38,0.708612222222222
"39",39,0.709001111111111
"40",40,0.709411111111111
"41",41,0.709817222222222
"42",42,0.710198888888889
"43",43,0.710546666666667
"44",44,0.710905
"45",45,0.711300555555556
"46",46,0.711697222222222
"47",47,0.712057777777778
"48",48,0.712417777777778
"49",49,0.712711111111111
"50",50,0.712995555555556
"51",51,0.713278333333333
"52",52,0.713512222222222
"53",53,0.713796111111111
"54",54,0.71412
"55",55,0.714412222222222
"56",56,0.714706111111111
"57",57,0.714955555555556
"58",58,0.715176111111111
"59",59,0.715402222222222
"60",60,0.715578333333333
"61",61,0.715769444444444
"62",62,0.715979444444445
"63",63,0.716172222222222
"64",64,0.716351666666667
"65",65,0.716567222222222
"66",66,0.716737777777778
"67",67,0.716903333333333
"68",68,0.717059444444444
"69",69,0.717211111111111
"70",70,0.717403888888889
"71",71,0.717529444444444
"72",72,0.717592222222222
"73",73,0.717634444444444
"74",74,0.717625555555556
"75",75,0.717686666666667
"76",76,0.717751111111111
"77",77,0.717847222222222
"78",78,0.717893888888889
"79",79,0.717954444444444
"80",80,0.717962777777778
"81",81,0.717925555555556
"82",82,0.717893333333333
"83",83,0.717831111111111
"84",84,0.717766111111111
"85",85,0.717682222222222
"86",86,0.717598333333333
"87",87,0.717575555555556
"88",88,0.717494444444444
"89",89,0.717368333333333
"90",90,0.717236666666667
"91",91,0.717065555555556
"92",92,0.716777777777778
"93",93,0.716583888888889
"94",94,0.716426111111111
"95",95,0.716247222222222
"96",96,0.716084444444444
"97",97,0.715955555555556
"98",98,0.715791666666667
"99",99,0.715547777777778
"100",100,0.715272777777778
"101",101,0.714981666666667
"102",102,0.714658333333333
"103",103,0.714362222222222
"104",104,0.714078333333333
"105",105,0.713836666666667
"106",106,0.713539444444444
"107",107,0.713244444444444
"108",108,0.712913888888889
"109",109,0.712530555555556
"110",110,0.712172222222222
"111",111,0.711841666666667
"112",112,0.711444444444444
"113",113,0.711025
"114",114,0.710629444444444
"115",115,0.710156666666667
"116",116,0.709656111111111
"117",117,0.709194444444444
"118",118,0.708665
"119",119,0.708088888888889
"120",120,0.707515
"121",121,0.706827222222222
"122",122,0.706084444444444
"123",123,0.705242777777778
"124",124,0.704323888888889
"125",125,0.703324444444444
"126",126,0.702266111111111
"127",127,0.701085555555556
"128",128,0.699837222222222
"129",129,0.698487222222222
"130",130,0.696943888888889
"131",131,0.695302222222222
"132",132,0.693539444444444
"133",133,0.691617222222222
"134",134,0.689578888888889
"135",135,0.687446111111111
"136",136,0.685144444444444
"137",137,0.682670555555556
"138",138,0.680128888888889
"139",139,0.677444444444444
"140",140,0.674731666666667
"141",141,0.671917222222222
"142",142,0.669088333333333
"143",143,0.666143888888889
"144",144,0.663284444444444
"145",145,0.660411666666667
"146",146,0.657575555555556
"147",147,0.654786666666667
"148",148,0.652092222222222
"149",149,0.649499444444444
"150",150,0.646940555555556
"151",151,0.644558888888889
"152",152,0.642293888888889
"153",153,0.640172777777778
"154",154,0.63816
"155",155,0.636319444444444
"156",156,0.634625555555556
"157",157,0.633066111111111
"158",158,0.631659444444444
"159",159,0.630372222222222
"160",160,0.629235
"161",161,0.628187222222222
"162",162,0.627278333333333
"163",163,0.626435555555556
"164",164,0.625670555555556
"165",165,0.624992222222222
"166",166,0.624384444444444
"167",167,0.623868333333333
"168",168,0.623378888888889
"169",169,0.622972777777778
"170",170,0.622566666666667
"171",171,0.622191666666667
"172",172,0.621843333333333
"173",173,0.621548888888889
"174",174,0.621227777777778
"175",175,0.620923888888889
"176",176,0.620618333333333
"177",177,0.620302222222222
"178",178,0.619997222222222
"179",179,0.619719444444444
"180",180,0.619423888888889
"181",181,0.619120555555556
"182",182,0.61881
"183",183,0.618508333333333
"184",184,0.61818
"185",185,0.617911666666667
"186",186,0.61767
"187",187,0.617434444444445
"188",188,0.617208888888889
"189",189,0.617018333333333
"190",190,0.616825555555556
"191",191,0.616689444444444
"192",192,0.616600555555556
"193",193,0.616531111111111
"194",194,0.616466666666667
"195",195,0.616461666666667
"196",196,0.616502222222222
"197",197,0.616561111111111
"198",198,0.616651111111111
"199",199,0.616783333333333
"200",200,0.616926666666667
"201",201,0.617071666666667
"202",202,0.617271666666667
"203",203,0.617521111111111
"204",204,0.617765555555556
"205",205,0.618041666666667
"206",206,0.618321111111111
"207",207,0.618594444444444
"208",208,0.618904444444444
"209",209,0.619252222222222
"210",210,0.619595
"211",211,0.619950555555556
"212",212,0.620322222222222
"213",213,0.620700555555556
"214",214,0.621102222222222
"215",215,0.621528888888889
"216",216,0.62197
"217",217,0.622406666666667
"218",218,0.622873333333333
"219",219,0.623342777777778
"220",220,0.623826111111111
"221",221,0.624301111111111
"222",222,0.624784444444444
"223",223,0.625268333333333
"224",224,0.625756111111111
"225",225,0.626241666666667
"226",226,0.626743333333333
"227",227,0.627228888888889
"228",228,0.627711666666667
"229",229,0.628177777777778
"230",230,0.628633333333333
"231",231,0.629082777777778
"232",232,0.629510555555556
"233",233,0.629942222222222
"234",234,0.63037
"235",235,0.630808333333333
"236",236,0.631251111111111
"237",237,0.631670555555556
"238",238,0.632076111111111
"239",239,0.632468333333333
"240",240,0.632855
"241",241,0.633219444444444
"242",242,0.633594444444444
"243",243,0.633983888888889
"244",244,0.634346666666667
"245",245,0.634706666666667
"246",246,0.635047222222222
"247",247,0.635355555555556
"248",248,0.635681666666667
"249",249,0.636026111111111
"250",250,0.636331666666667
"251",251,0.636635
"252",252,0.636911111111111
"253",253,0.637160555555556
"254",254,0.637406111111111
"255",255,0.637636111111111
"256",256,0.637861666666667
"257",257,0.638065
"258",258,0.638240555555556
"259",259,0.638406111111111
"260",260,0.638569444444444
"261",261,0.638693888888889
"262",262,0.638790555555556
"263",263,0.638877222222222
"264",264,0.638937777777778
"265",265,0.638988888888889
"266",266,0.639036666666667
"267",267,0.639051666666667
"268",268,0.639040555555556
"269",269,0.639016666666667
"270",270,0.638973333333333
"271",271,0.638913333333333
"272",272,0.63882
"273",273,0.638717222222222
"274",274,0.638576111111111
"275",275,0.638398888888889
"276",276,0.638233333333333
"277",277,0.638042777777778
"278",278,0.637813888888889
"279",279,0.637584444444445
"280",280,0.637331666666667
"281",281,0.637057222222222
"282",282,0.636750555555556
"283",283,0.636426111111111
"284",284,0.636068333333333
"285",285,0.635667222222222
"286",286,0.635251666666667
"287",287,0.634832222222222
"288",288,0.634368333333333
"289",289,0.633873888888889
"290",290,0.633355
"291",291,0.632816111111111
"292",292,0.632220555555556
"293",293,0.631590555555556
"294",294,0.630926666666667
"295",295,0.630208333333333
"296",296,0.629461111111111
"297",297,0.628687777777778
"298",298,0.627859444444444
"299",299,0.626984444444444
"300",300,0.626061111111111
"301",301,0.625093333333333
"302",302,0.624065555555556
"303",303,0.623009444444444
"304",304,0.621923333333333
"305",305,0.620775555555556
"306",306,0.619582777777778
"307",307,0.61834
"308",308,0.617047222222222
"309",309,0.615687222222222
"310",310,0.614263333333333
"311",311,0.612791111111111
"312",312,0.611255555555556
"313",313,0.60967
"314",314,0.608022222222222
"315",315,0.606353333333333
"316",316,0.604633888888889
"317",317,0.602831111111111
"318",318,0.600992777777778
"319",319,0.599083888888889
"320",320,0.597102222222222
"321",321,0.595101111111111
"322",322,0.593034444444444
"323",323,0.590916111111111
"324",324,0.588758333333333
"325",325,0.586546666666667
"326",326,0.584291666666667
"327",327,0.581998333333333
"328",328,0.579671111111111
"329",329,0.577298333333333
"330",330,0.574906666666667
"331",331,0.572476111111111
"332",332,0.570043333333333
"333",333,0.567579444444444
"334",334,0.565113333333333
"335",335,0.562647777777778
"336",336,0.560169444444444
"337",337,0.557682777777778
"338",338,0.555218888888889
"339",339,0.552755
"340",340,0.550323888888889
"341",341,0.547928333333333
"342",342,0.545531111111111
"343",343,0.543179444444444
"344",344,0.540852777777778
"345",345,0.538543333333333
"346",346,0.536295
"347",347,0.534072777777778
"348",348,0.531890555555556
"349",349,0.529748888888889
"350",350,0.527647222222222
"351",351,0.525567222222222
"352",352,0.523524444444444
"353",353,0.52149
"354",354,0.519481111111111
"355",355,0.517479444444444
"356",356,0.515505
"357",357,0.513508333333333
"358",358,0.511523333333333
"359",359,0.509503888888889
"360",360,0.50745
"361",361,0.505367777777778
"362",362,0.503231666666667
"363",363,0.501033888888889
"364",364,0.498753333333333
"365",365,0.496382777777778
"366",366,0.493905
"367",367,0.491282222222222
"368",368,0.488542777777778
"369",369,0.485659444444444
"370",370,0.482601666666667
"371",371,0.479406111111111
"372",372,0.476008888888889
"373",373,0.472397777777778
"374",374,0.468542777777778
"375",375,0.464464444444444
"376",376,0.460085555555556
"377",377,0.455456111111111
"378",378,0.450505555555556
"379",379,0.445277777777778
"380",380,0.439721111111111
"381",381,0.433843333333333
"382",382,0.427681666666667
"383",383,0.421205555555556
"384",384,0.414456111111111
"385",385,0.407446666666667
"386",386,0.400188888888889
"387",387,0.392680555555556
"388",388,0.385087777777778
"389",389,0.377316666666667
"390",390,0.369462777777778
"391",391,0.361590555555556
"392",392,0.353571666666667
"393",393,0.345588888888889
"394",394,0.337635555555556
"395",395,0.329702777777778
"396",396,0.321972777777778
"397",397,0.314351666666667
"398",398,0.306907777777778
"399",399,0.299713888888889
"400",400,0.292649444444444
"401",401,0.285866111111111
"402",402,0.279352777777778
"403",403,0.273126111111111
"404",404,0.267167777777778
"405",405,0.261517777777778
"406",406,0.256155555555556
"407",407,0.251077222222222
"408",408,0.246266666666667
"409",409,0.241732222222222
"410",410,0.237492777777778
"411",411,0.233494444444444
"412",412,0.229766111111111
"413",413,0.226275555555556
"414",414,0.223027777777778
"415",415,0.220001111111111
"416",416,0.217199444444444
"417",417,0.214568888888889
"418",418,0.212142777777778
"419",419,0.209893888888889
"420",420,0.207804444444444
"421",421,0.205890555555556
"422",422,0.204109444444444
"423",423,0.202470555555556
"424",424,0.200967777777778
"425",425,0.199556666666667
"426",426,0.198277777777778
"427",427,0.197102777777778
"428",428,0.196016111111111
"429",429,0.195047777777778
"430",430,0.194155
"431",431,0.193326111111111
"432",432,0.192585
"433",433,0.191923888888889
"434",434,0.191325
"435",435,0.190801666666667
"436",436,0.190333888888889
"437",437,0.189926111111111
"438",438,0.189573888888889
"439",439,0.189291111111111
"440",440,0.189042222222222
"441",441,0.188840555555556
"442",442,0.188681666666667
"443",443,0.188566111111111
"444",444,0.188485555555556
"445",445,0.188456666666667
"446",446,0.188436666666667
"447",447,0.188445
"448",448,0.188472777777778
"449",449,0.188521111111111
"450",450,0.188608888888889
"451",451,0.188725
"452",452,0.188858333333333
"453",453,0.189011666666667
"454",454,0.189186111111111
"455",455,0.189387777777778
"456",456,0.189615
"457",457,0.189878333333333
"458",458,0.190176666666667
"459",459,0.190506111111111
"460",460,0.190887222222222
"461",461,0.191318888888889
"462",462,0.191793888888889
"463",463,0.192329444444444
"464",464,0.192907222222222
"465",465,0.193537222222222
"466",466,0.194240555555556
"467",467,0.194997777777778
"468",468,0.195817222222222
"469",469,0.196695
"470",470,0.19763
"471",471,0.198619444444444
"472",472,0.199673333333333
"473",473,0.200762777777778
"474",474,0.201906666666667
"475",475,0.203092222222222
"476",476,0.204323888888889
"477",477,0.205585555555556
"478",478,0.20689
"479",479,0.208217222222222
"480",480,0.209580555555556
"481",481,0.210961111111111
"482",482,0.212372222222222
"483",483,0.213802222222222
"484",484,0.215251111111111
"485",485,0.216717777777778
"486",486,0.218212222222222
"487",487,0.219707777777778
"488",488,0.221228333333333
"489",489,0.222764444444444
"490",490,0.224305555555556
"491",491,0.225875
"492",492,0.227444444444444
"493",493,0.229019444444444
"494",494,0.230613888888889
"495",495,0.232199444444444
"496",496,0.233798333333333
"497",497,0.235408888888889
"498",498,0.237018333333333
"499",499,0.238652222222222
"500",500,0.24028
"501",501,0.24192
"502",502,0.243572222222222
"503",503,0.245202222222222
"504",504,0.246851666666667
"505",505,0.248498333333333
"506",506,0.250128333333333
"507",507,0.251783333333333
"508",508,0.253432222222222
"509",509,0.255081111111111
"510",510,0.256735555555556
"511",511,0.258399444444444
"512",512,0.260050555555556
"513",513,0.261705555555556
"514",514,0.263347777777778
"515",515,0.264980555555556
"516",516,0.266615555555556
"517",517,0.268241666666667
"518",518,0.269867222222222
"519",519,0.271496111111111
"520",520,0.273110555555556
"521",521,0.274713888888889
"522",522,0.276311111111111
"523",523,0.277903888888889
"524",524,0.279489444444444
"525",525,0.281078333333333
"526",526,0.282652777777778
"527",527,0.28422
"528",528,0.285773888888889
"529",529,0.287310555555556
"530",530,0.288841666666667
"531",531,0.290362222222222
"532",532,0.29188
"533",533,0.293395555555556
"534",534,0.294897777777778
"535",535,0.296385555555556
"536",536,0.297867222222222
"537",537,0.299340555555556
"538",538,0.300801111111111
"539",539,0.302255555555556
"540",540,0.303702777777778
"541",541,0.305133333333333
"542",542,0.306557222222222
"543",543,0.307981666666667
"544",544,0.309386666666667
"545",545,0.31079
"546",546,0.312178888888889
"547",547,0.313553333333333
"548",548,0.314936111111111
"549",549,0.316298333333333
"550",550,0.317658333333333
"551",551,0.319012777777778
"552",552,0.320342222222222
"553",553,0.321667777777778
"554",554,0.322976666666667
"555",555,0.324261111111111
"556",556,0.325548333333333
"557",557,0.326810555555556
"558",558,0.328065
"559",559,0.329313333333333
"560",560,0.330533333333333
"561",561,0.331746666666667
"562",562,0.332943333333333
"563",563,0.334127222222222
"564",564,0.335307222222222
"565",565,0.336465555555556
"566",566,0.337617222222222
"567",567,0.338757777777778
"568",568,0.339884444444444
"569",569,0.341007222222222
"570",570,0.342116666666667
"571",571,0.343222222222222
"572",572,0.344321111111111
"573",573,0.345410555555556
"574",574,0.346491666666667
"575",575,0.347565
"576",576,0.348626111111111
"577",577,0.349681111111111
"578",578,0.350728333333333
"579",579,0.351772777777778
"580",580,0.352806666666667
"581",581,0.35384
"582",582,0.354874444444444
"583",583,0.355892222222222
"584",584,0.356897777777778
"585",585,0.357898888888889
"586",586,0.358881666666667
"587",587,0.359866666666667
"588",588,0.360849444444444
"589",589,0.361823888888889
"590",590,0.362793888888889
"591",591,0.363761111111111
"592",592,0.364723333333333
"593",593,0.365679444444444
"594",594,0.366641666666667
"595",595,0.367581666666667
"596",596,0.368506111111111
"597",597,0.369432777777778
"598",598,0.370349444444444
"599",599,0.371257777777778
"600",600,0.372166111111111
"601",601,0.373058333333333
"602",602,0.373933333333333
"603",603,0.374806666666667
"604",604,0.375684444444444
"605",605,0.376541111111111
"606",606,0.377397777777778
"607",607,0.378234444444444
"608",608,0.379055555555556
"609",609,0.379871111111111
"610",610,0.380681666666667
"611",611,0.381480555555556
"612",612,0.382275
"613",613,0.38305
"614",614,0.38381
"615",615,0.384565555555556
"616",616,0.385313333333333
"617",617,0.386038888888889
"618",618,0.386751666666667
"619",619,0.387447222222222
"620",620,0.388128333333333
"621",621,0.388794444444444
"622",622,0.389447777777778
"623",623,0.390094444444444
"624",624,0.390721111111111
"625",625,0.391345
"626",626,0.391959444444444
"627",627,0.392573333333333
"628",628,0.393189444444444
"629",629,0.393790555555556
"630",630,0.394387777777778
"631",631,0.394977777777778
"632",632,0.395550555555556
"633",633,0.396121111111111
"634",634,0.396701666666667
"635",635,0.397252222222222
"636",636,0.397792777777778
"637",637,0.398313888888889
"638",638,0.398812222222222
"639",639,0.399293888888889
"640",640,0.399762222222222
"641",641,0.400203333333333
"642",642,0.400624444444444
"643",643,0.401015
"644",644,0.401385
"645",645,0.401728333333333
"646",646,0.40204
"647",647,0.402329444444444
"648",648,0.402595555555556
"649",649,0.402828888888889
"650",650,0.403032222222222
"651",651,0.403203333333333
"652",652,0.403337777777778
"653",653,0.403452222222222
"654",654,0.403543888888889
"655",655,0.403609444444444
"656",656,0.403648888888889
"657",657,0.403671111111111
"658",658,0.403658888888889
"659",659,0.403643333333333
"660",660,0.403607222222222
"661",661,0.403564444444444
"662",662,0.403504444444444
"663",663,0.403447777777778
"664",664,0.403379444444444
"665",665,0.403316666666667
"666",666,0.403256111111111
"667",667,0.403196111111111
"668",668,0.403137222222222
"669",669,0.403072777777778
"670",670,0.403008888888889
"671",671,0.402936666666667
"672",672,0.402859444444444
"673",673,0.402773888888889
"674",674,0.402691111111111
"675",675,0.402574444444444
"676",676,0.402443333333333
"677",677,0.402293333333333
"678",678,0.402123333333333
"679",679,0.401928333333333
"680",680,0.401730555555556
"681",681,0.401486111111111
"682",682,0.401202222222222
"683",683,0.400905
"684",684,0.400571666666667
"685",685,0.400222222222222
"686",686,0.399855555555556
"687",687,0.399470555555556
"688",688,0.399055
"689",689,0.398640555555556
"690",690,0.398218888888889
"691",691,0.397781666666667
"692",692,0.397325
"693",693,0.396878333333333
"694",694,0.396416111111111
"695",695,0.39596
"696",696,0.395522222222222
"697",697,0.395057222222222
"698",698,0.394583888888889
"699",699,0.394105555555556
"700",700,0.393617777777778
"701",701,0.393119444444444
"702",702,0.392608888888889
"703",703,0.392102777777778
"704",704,0.391586666666667
"705",705,0.391066666666667
"706",706,0.390545
"707",707,0.390015
"708",708,0.389471111111111
"709",709,0.388928888888889
"710",710,0.388385555555556
"711",711,0.387837222222222
"712",712,0.387289444444444
"713",713,0.386720555555556
"714",714,0.38614
"715",715,0.385548333333333
"716",716,0.384941111111111
"717",717,0.384332777777778
"718",718,0.383728333333333
"719",719,0.3831
"720",720,0.382457222222222
"721",721,0.381807777777778
"722",722,0.381137777777778
"723",723,0.380476111111111
"724",724,0.379804444444444
"725",725,0.379106666666667
"726",726,0.378410555555556
"727",727,0.377697777777778
"728",728,0.376977222222222
"729",729,0.376282777777778
"730",730,0.375577222222222
"731",731,0.374892222222222
"732",732,0.374215555555556
"733",733,0.373538333333333
"734",734,0.372898333333333
"735",735,0.372275555555556
"736",736,0.371632222222222
"737",737,0.370993888888889
"738",738,0.370335555555556
"739",739,0.369654444444444
"740",740,0.368971111111111
"741",741,0.368288888888889
"742",742,0.367585555555556
"743",743,0.366873888888889
"744",744,0.366137222222222
"745",745,0.365365555555556
"746",746,0.364595
"747",747,0.363806111111111
"748",748,0.363017777777778
"749",749,0.362233888888889
"750",750,0.361430555555556
"751",751,0.360606111111111
"752",752,0.359781666666667
"753",753,0.358940555555556
"754",754,0.358107222222222
"755",755,0.357282222222222
"756",756,0.356445555555556
"757",757,0.355587777777778
"758",758,0.354764444444444
"759",759,0.353946111111111
"760",760,0.353135555555556
"761",761,0.352336666666667
"762",762,0.351551666666667
"763",763,0.350761666666667
"764",764,0.350014444444444
"765",765,0.349298888888889
"766",766,0.348604444444444
"767",767,0.347930555555556
"768",768,0.34728
"769",769,0.346647222222222
"770",770,0.346043333333333
"771",771,0.345458888888889
"772",772,0.344896666666667
"773",773,0.34437
"774",774,0.343870555555556
"775",775,0.343378888888889
"776",776,0.342908888888889
"777",777,0.342458333333333
"778",778,0.342026666666667
"779",779,0.341625555555556
"780",780,0.341252222222222
"781",781,0.340906111111111
"782",782,0.340574444444444
"783",783,0.340275
"784",784,0.339998888888889
"785",785,0.339740555555556
"786",786,0.339526111111111
"787",787,0.339329444444444
"788",788,0.339157777777778
"789",789,0.339012222222222
"790",790,0.338887777777778
"791",791,0.338790555555556
"792",792,0.338732222222222
"793",793,0.338687777777778
"794",794,0.338667222222222
"795",795,0.338671111111111
"796",796,0.338709444444444
"797",797,0.338745555555556
"798",798,0.338799444444444
"799",799,0.338863888888889
"800",800,0.338934444444444
"801",801,0.339023888888889
"802",802,0.339142777777778
"803",803,0.339250555555556
"804",804,0.339357777777778
"805",805,0.339471666666667
"806",806,0.339593333333333
"807",807,0.339721111111111
"808",808,0.339852222222222
"809",809,0.339975555555556
"810",810,0.34008
"811",811,0.340172222222222
"812",812,0.340259444444444
"813",813,0.340351111111111
"814",814,0.340426666666667
"815",815,0.340494444444444
"816",816,0.340559444444444
"817",817,0.340598333333333
"818",818,0.340628333333333
"819",819,0.340647777777778
"820",820,0.340647777777778
"821",821,0.340632777777778
"822",822,0.340606666666667
"823",823,0.340575
"824",824,0.340505555555556
"825",825,0.340413888888889
"826",826,0.340296666666667
"827",827,0.340141666666667
"828",828,0.339971111111111
"829",829,0.339788333333333
"830",830,0.339562777777778
"831",831,0.339301666666667
"832",832,0.339615
"833",833,0.339247777777778
"834",834,0.338768888888889
"835",835,0.338238333333333
"836",836,0.337703333333333
"837",837,0.337061111111111
"838",838,0.336343888888889
"839",839,0.335606111111111
"840",840,0.334732777777778
"841",841,0.333743888888889
"842",842,0.332681666666667
"843",843,0.331615555555556
"844",844,0.33043
"845",845,0.329098333333333
"846",846,0.327675555555556
"847",847,0.326141111111111
"848",848,0.324496666666667
"849",849,0.322671666666667
"850",850,0.320770555555556
"851",851,0.318668333333333
"852",852,0.31637
"853",853,0.313903333333333
"854",854,0.311287777777778
"855",855,0.308514444444444
"856",856,0.305626111111111
"857",857,0.302483888888889
"858",858,0.299174444444444
"859",859,0.295761666666667
"860",860,0.292077222222222
"861",861,0.288101666666667
"862",862,0.284008888888889
"863",863,0.279830555555556
"864",864,0.275323333333333
"865",865,0.270625555555556
"866",866,0.265681666666667
"867",867,0.260511111111111
"868",868,0.255040555555556
"869",869,0.249407777777778
"870",870,0.243587777777778
"871",871,0.237583333333333
"872",872,0.231392222222222
"873",873,0.224938333333333
"874",874,0.218480555555556
"875",875,0.211892222222222
"876",876,0.205271666666667
"877",877,0.198541111111111
"878",878,0.191868888888889
"879",879,0.185085555555556
"880",880,0.178418888888889
"881",881,0.171751666666667
"882",882,0.165086111111111
"883",883,0.158538333333333
"884",884,0.152026666666667
"885",885,0.145691111111111
"886",886,0.139406666666667
"887",887,0.133372055555556
"888",888,0.127381777777778
"889",889,0.121736111111111
"890",890,0.116278666666667
"891",891,0.111106833333333
"892",892,0.106188611111111
"893",893,0.101566
"894",894,0.0972380555555555
"895",895,0.0931988333333333
"896",896,0.0894382777777778
"897",897,0.0860276111111111
"898",898,0.0827905555555556
"899",899,0.0798223333333333
"900",900,0.0770738333333333
"901",901,0.0745821666666667
"902",902,0.0722958333333333
"903",903,0.0702621111111111
"904",904,0.0684687777777778
"905",905,0.0668057222222222
"906",906,0.0653738333333333
"907",907,0.0640351666666667
"908",908,0.0628918888888889
"909",909,0.0618066111111111
"910",910,0.0608600555555556
"911",911,0.059986
"912",912,0.05922
"913",913,0.0585126666666667
"914",914,0.0578665555555556
"915",915,0.0572882222222222
"916",916,0.0568060555555556
"917",917,0.0564216666666667
"918",918,0.0560501111111111
"919",919,0.0557912777777778
"920",920,0.0555112222222222
"921",921,0.0552089444444444
"922",922,0.0549786666666667
"923",923,0.0547760555555556
"924",924,0.0546526666666667
"925",925,0.0545531111111111
"926",926,0.0545053333333333
"927",927,0.0544799444444444
"928",928,0.0544923333333333
"929",929,0.0545322222222222
"930",930,0.0546268333333333
"931",931,0.0547102777777778
"932",932,0.0547955555555556
"933",933,0.0549229444444444
"934",934,0.0550728333333333
"935",935,0.0552250555555556
"936",936,0.0554268888888889
"937",937,0.0556824444444444
"938",938,0.0559367777777778
"939",939,0.0562033333333333
"940",940,0.0565022222222222
"941",941,0.0568527222222222
"942",942,0.0571766666666667
"943",943,0.0574816666666667
"944",944,0.0578376111111111
"945",945,0.0582135555555556
"946",946,0.0585787777777778
"947",947,0.0590016666666667
"948",948,0.0595052222222222
"949",949,0.0599616666666667
"950",950,0.0604263888888889
"951",951,0.0608836111111111
"952",952,0.0613017222222222
"953",953,0.0617757222222222
"954",954,0.0622753333333333
"955",955,0.062784
"956",956,0.0633131666666667
"957",957,0.0638762222222222
"958",958,0.0644473888888889
"959",959,0.0650372777777778
"960",960,0.0656159444444444
"961",961,0.0662249444444444
"962",962,0.0668104444444445
"963",963,0.0673316111111111
"964",964,0.0679350555555556
"965",965,0.0686024444444444
"966",966,0.0692369444444444
"967",967,0.0698793888888889
"968",968,0.0705583888888889
"969",969,0.0712292777777778
"970",970,0.0718625555555556
"971",971,0.0725555
"972",972,0.0733026666666667
"973",973,0.0740321666666667
"974",974,0.0747651111111111
"975",975,0.0755117222222222
"976",976,0.0762463888888889
"977",977,0.0770272222222222
"978",978,0.0778445
"979",979,0.0786764444444444
"980",980,0.0795081111111111
"981",981,0.0803934444444444
"982",982,0.0812039444444444
"983",983,0.0819768333333333
"984",984,0.0827673888888889
"985",985,0.0834916111111111
"986",986,0.0843011111111111
"987",987,0.0851779444444444
"988",988,0.0860214444444444
"989",989,0.0868842777777778
"990",990,0.0877677777777778
"991",991,0.0886257222222222
"992",992,0.0894327777777778
"993",993,0.0903223333333333
"994",994,0.0912705
"995",995,0.0921707222222222
"996",996,0.0930815555555556
"997",997,0.0939956666666667
"998",998,0.0948788888888889
"999",999,0.0957841666666667
"1000",1000,0.0967337222222222
"1001",1001,0.0976646111111111
"1002",1002,0.098592
"1003",1003,0.0994751666666667
"1004",1004,0.100363111111111
"1005",1005,0.101228
"1006",1006,0.102127888888889
"1007",1007,0.103044388888889
"1008",1008,0.103946944444444
"1009",1009,0.104864222222222
"1010",1010,0.105760166666667
"1011",1011,0.106640944444444
"1012",1012,0.107495111111111
"1013",1013,0.108355611111111
"1014",1014,0.109264888888889
"1015",1015,0.110133222222222
"1016",1016,0.110982777777778
"1017",1017,0.1118545
"1018",1018,0.112737277777778
"1019",1019,0.113586555555556
"1020",1020,0.114439166666667
"1021",1021,0.115267555555556
"1022",1022,0.116042888888889
"1023",1023,0.116854611111111
"1024",1024,0.117675722222222
"1025",1025,0.118495944444444
"1026",1026,0.119362222222222
"1027",1027,0.120105666666667
"1028",1028,0.1208685
"1029",1029,0.121604888888889
"1030",1030,0.122359444444444
"1031",1031,0.1231045
"1032",1032,0.123862944444444
"1033",1033,0.1246665
"1034",1034,0.125393222222222
"1035",1035,0.126089611111111
"1036",1036,0.126760555555556
"1037",1037,0.12741
"1038",1038,0.128056111111111
"1039",1039,0.128702222222222
"1040",1040,0.12935
"1041",1041,0.130008888888889
"1042",1042,0.130671111111111
"1043",1043,0.131308888888889
"1044",1044,0.131962777777778
"1045",1045,0.132581111111111
"1046",1046,0.133138888888889
"1047",1047,0.133738888888889
"1048",1048,0.134325555555556
"1049",1049,0.134956111111111
"1050",1050,0.135618888888889
"1051",1051,0.136259444444444
"1052",1052,0.136913888888889
"1053",1053,0.137566666666667
"1054",1054,0.138201666666667
"1055",1055,0.138808333333333
"1056",1056,0.13944
"1057",1057,0.140051666666667
"1058",1058,0.140704444444444
"1059",1059,0.141376666666667
"1060",1060,0.142085
"1061",1061,0.142836111111111
"1062",1062,0.143599444444444
"1063",1063,0.144334444444444
"1064",1064,0.145015
"1065",1065,0.145675
"1066",1066,0.146335555555556
"1067",1067,0.147032222222222
"1068",1068,0.147754444444444
"1069",1069,0.148493333333333
"1070",1070,0.149282222222222
"1071",1071,0.150009444444444
"1072",1072,0.150735
"1073",1073,0.151431111111111
"1074",1074,0.152073888888889
"1075",1075,0.152688888888889
"1076",1076,0.153415555555556
"1077",1077,0.154125555555556
"1078",1078,0.154864444444444
"1079",1079,0.155661111111111
"1080",1080,0.156307222222222
"1081",1081,0.156953333333333
"1082",1082,0.15764
"1083",1083,0.158318888888889
"1084",1084,0.158983888888889
"1085",1085,0.159705
"1086",1086,0.160381111111111
"1087",1087,0.161014444444444
"1088",1088,0.161651111111111
"1089",1089,0.162288888888889
"1090",1090,0.162962222222222
"1091",1091,0.163683333333333
"1092",1092,0.164366666666667
"1093",1093,0.164987222222222
"1094",1094,0.165561666666667
"1095",1095,0.166157222222222
"1096",1096,0.166675555555556
"1097",1097,0.167289444444444
"1098",1098,0.168023333333333
"1099",1099,0.168658888888889
"1100",1100,0.169286666666667
"1101",1101,0.169841111111111
"1102",1102,0.170412777777778
"1103",1103,0.170978333333333
"1104",1104,0.171559444444444
"1105",1105,0.172219444444444
"1106",1106,0.172881666666667
"1107",1107,0.173506666666667
"1108",1108,0.174143888888889
"1109",1109,0.174787222222222
"1110",1110,0.175386666666667
"1111",1111,0.175923888888889
"1112",1112,0.176498888888889
"1113",1113,0.177095555555556
"1114",1114,0.177641666666667
"1115",1115,0.178159444444444
"1116",1116,0.178711111111111
"1117",1117,0.179262222222222
"1118",1118,0.179771666666667
"1119",1119,0.180308333333333
"1120",1120,0.180867777777778
"1121",1121,0.181408888888889
"1122",1122,0.181981666666667
"1123",1123,0.182597777777778
"1124",1124,0.183162777777778
"1125",1125,0.183666666666667
"1126",1126,0.184102777777778
"1127",1127,0.18456
"1128",1128,0.184973333333333
"1129",1129,0.185401111111111
"1130",1130,0.185857222222222
"1131",1131,0.186252222222222
"1132",1132,0.186598333333333
"1133",1133,0.187006111111111
"1134",1134,0.187397222222222
"1135",1135,0.187812222222222
"1136",1136,0.188237222222222
"1137",1137,0.188576666666667
"1138",1138,0.188953333333333
"1139",1139,0.189331111111111
"1140",1140,0.18967
"1141",1141,0.190032777777778
"1142",1142,0.190367777777778
"1143",1143,0.190647777777778
"1144",1144,0.190955
"1145",1145,0.191270555555556
"1146",1146,0.191583888888889
"1147",1147,0.191902222222222
"1148",1148,0.192256666666667
"1149",1149,0.192643888888889
"1150",1150,0.193019444444444
"1151",1151,0.193371666666667
"1152",1152,0.193642222222222
"1153",1153,0.193889444444444
"1154",1154,0.194192222222222
"1155",1155,0.194496666666667
"1156",1156,0.194797222222222
"1157",1157,0.195055
"1158",1158,0.195283333333333
"1159",1159,0.195523333333333
"1160",1160,0.195752222222222
"1161",1161,0.195982777777778
"1162",1162,0.19623
"1163",1163,0.196472777777778
"1164",1164,0.196672222222222
"1165",1165,0.196871111111111
"1166",1166,0.197135
"1167",1167,0.197348333333333
"1168",1168,0.197524444444444
"1169",1169,0.197806666666667
"1170",1170,0.198105
"1171",1171,0.198359444444444
"1172",1172,0.198632777777778
"1173",1173,0.198875
"1174",1174,0.199067222222222
"1175",1175,0.199290555555556
"1176",1176,0.199536111111111
"1177",1177,0.199841666666667
"1178",1178,0.200103888888889
"1179",1179,0.200342777777778
"1180",1180,0.200607222222222
"1181",1181,0.200955
"1182",1182,0.201241111111111
"1183",1183,0.201568333333333
"1184",1184,0.201853888888889
"1185",1185,0.20199
"1186",1186,0.202243333333333
"1187",1187,0.202616111111111
"1188",1188,0.203033333333333
"1189",1189,0.203427222222222
"1190",1190,0.203726111111111
"1191",1191,0.203962777777778
"1192",1192,0.204198888888889
"1193",1193,0.204484444444444
"1194",1194,0.204834444444444
"1195",1195,0.205153333333333
"1196",1196,0.20544
"1197",1197,0.205727777777778
"1198",1198,0.206033333333333
"1199",1199,0.206292222222222
"1200",1200,0.206519444444444
"1201",1201,0.206820555555556
"1202",1202,0.207050555555556
"1203",1203,0.207276111111111
"1204",1204,0.207505555555556
"1205",1205,0.20773
"1206",1206,0.207976666666667
"1207",1207,0.208216666666667
"1208",1208,0.208469444444444
"1209",1209,0.208593333333333
"1210",1210,0.208662777777778
"1211",1211,0.208816666666667
"1212",1212,0.208979444444444
"1213",1213,0.209197222222222
"1214",1214,0.209368888888889
"1215",1215,0.209552222222222
"1216",1216,0.209662777777778
"1217",1217,0.209721111111111
"1218",1218,0.209766666666667
"1219",1219,0.209804444444444
"1220",1220,0.209832222222222
"1221",1221,0.209862777777778
"1222",1222,0.209856666666667
"1223",1223,0.209815555555556
"1224",1224,0.20983
"1225",1225,0.209826666666667
"1226",1226,0.209798888888889
"1227",1227,0.209745555555556
"1228",1228,0.209589444444444
"1229",1229,0.209375555555556
"1230",1230,0.209138333333333
"1231",1231,0.208857777777778
"1232",1232,0.208653333333333
"1233",1233,0.2084
"1234",1234,0.207945555555556
"1235",1235,0.207559444444444
"1236",1236,0.207161666666667
"1237",1237,0.206744444444444
"1238",1238,0.206282222222222
"1239",1239,0.205951111111111
"1240",1240,0.205527777777778
"1241",1241,0.204854444444444
"1242",1242,0.204181111111111
"1243",1243,0.203500555555556
"1244",1244,0.202818888888889
"1245",1245,0.202203888888889
"1246",1246,0.201508888888889
"1247",1247,0.200856111111111
"1248",1248,0.20018
"1249",1249,0.199442777777778
"1250",1250,0.198834444444444
"1251",1251,0.198186666666667
"1252",1252,0.197463333333333
"1253",1253,0.196785555555556
"1254",1254,0.196033333333333
"1255",1255,0.195243888888889
"1256",1256,0.194464444444444
"1257",1257,0.193648888888889
"1258",1258,0.192817222222222
"1259",1259,0.19198
"1260",1260,0.191168333333333
"1261",1261,0.190372222222222
"1262",1262,0.189618888888889
"1263",1263,0.188896666666667
"1264",1264,0.188162222222222
"1265",1265,0.187358888888889
"1266",1266,0.186411111111111
"1267",1267,0.185645555555556
"1268",1268,0.184876111111111
"1269",1269,0.184119444444444
"1270",1270,0.183585
"1271",1271,0.182886666666667
"1272",1272,0.182088888888889
"1273",1273,0.181508333333333
"1274",1274,0.180741111111111
"1275",1275,0.180033333333333
"1276",1276,0.179574444444444
"1277",1277,0.178966111111111
"1278",1278,0.178549444444444
"1279",1279,0.178128333333333
"1280",1280,0.177541666666667
"1281",1281,0.177119444444444
"1282",1282,0.176798888888889
"1283",1283,0.176380555555556
"1284",1284,0.176109444444444
"1285",1285,0.175665555555556
"1286",1286,0.174980555555556
"1287",1287,0.174461111111111
"1288",1288,0.173985555555556
"1289",1289,0.173439444444444
"1290",1290,0.172878888888889
"1291",1291,0.172441666666667
"1292",1292,0.171896666666667
"1293",1293,0.171333888888889
"1294",1294,0.170968333333333
"1295",1295,0.170583888888889
"1296",1296,0.170056111111111
"1297",1297,0.169509444444444
"1298",1298,0.168848888888889
"1299",1299,0.168078333333333
"1300",1300,0.167393888888889
"1301",1301,0.166753888888889
"1302",1302,0.166042222222222
"1303",1303,0.165406111111111
"1304",1304,0.164817222222222
"1305",1305,0.164033888888889
"1306",1306,0.163335555555556
"1307",1307,0.162725
"1308",1308,0.162091111111111
"1309",1309,0.161782777777778
"1310",1310,0.161307222222222
"1311",1311,0.160786111111111
"1312",1312,0.160322222222222
"1313",1313,0.159785555555556
"1314",1314,0.159301666666667
"1315",1315,0.158986666666667
"1316",1316,0.158603333333333
"1317",1317,0.158165555555556
"1318",1318,0.157772777777778
"1319",1319,0.157471111111111
"1320",1320,0.157017777777778
"1321",1321,0.156472222222222
"1322",1322,0.155945
"1323",1323,0.155535555555556
"1324",1324,0.155133333333333
"1325",1325,0.154769444444444
"1326",1326,0.15455
"1327",1327,0.154045555555556
"1328",1328,0.153421666666667
"1329",1329,0.153033333333333
"1330",1330,0.152395555555556
"1331",1331,0.151806666666667
"1332",1332,0.151298333333333
"1333",1333,0.150533888888889
"1334",1334,0.149986111111111
"1335",1335,0.149532777777778
"1336",1336,0.149068888888889
"1337",1337,0.148699444444444
"1338",1338,0.148095555555556
"1339",1339,0.147366111111111
"1340",1340,0.146706111111111
"1341",1341,0.146041111111111
"1342",1342,0.145459444444444
"1343",1343,0.144999444444444
"1344",1344,0.144358333333333
"1345",1345,0.143706111111111
"1346",1346,0.143003333333333
"1347",1347,0.142393888888889
"1348",1348,0.141717222222222
"1349",1349,0.141127777777778
"1350",1350,0.140665555555556
"1351",1351,0.140090555555556
"1352",1352,0.139486666666667
"1353",1353,0.138972777777778
"1354",1354,0.138448333333333
"1355",1355,0.137948333333333
"1356",1356,0.137529444444444
"1357",1357,0.13709
"1358",1358,0.136636111111111
"1359",1359,0.136163888888889
"1360",1360,0.135756666666667
"1361",1361,0.135196666666667
"1362",1362,0.134448333333333
"1363",1363,0.133938333333333
"1364",1364,0.133432222222222
"1365",1365,0.133013333333333
"1366",1366,0.132853888888889
"1367",1367,0.132558888888889
"1368",1368,0.131958333333333
"1369",1369,0.131498333333333
"1370",1370,0.130908333333333
"1371",1371,0.130134444444444
"1372",1372,0.129638888888889
"1373",1373,0.128840555555556
"1374",1374,0.127932777777778
"1375",1375,0.127592777777778
"1376",1376,0.12719
"1377",1377,0.126831111111111
"1378",1378,0.126730555555556
"1379",1379,0.126111666666667
"1380",1380,0.125221111111111
"1381",1381,0.124613333333333
"1382",1382,0.123914444444444
"1383",1383,0.123302555555556
"1384",1384,0.123093666666667
"1385",1385,0.122737166666667
"1386",1386,0.122241666666667
"1387",1387,0.121694166666667
"1388",1388,0.120672722222222
"1389",1389,0.119556111111111
"1390",1390,0.118855944444444
"1391",1391,0.118512777777778
"1392",1392,0.118155222222222
"1393",1393,0.118451222222222
"1394",1394,0.117946277777778
"1395",1395,0.116873333333333
"1396",1396,0.116091388888889
"1397",1397,0.115034833333333
"1398",1398,0.114405222222222
"1399",1399,0.114275944444444
"1400",1400,0.1137055
"1401",1401,0.113027277777778
"1402",1402,0.112379388888889
"1403",1403,0.111432555555556
"1404",1404,0.110776388888889
"1405",1405,0.110371833333333
"1406",1406,0.109953888888889
"1407",1407,0.1097135
"1408",1408,0.109215388888889
"1409",1409,0.108680277777778
"1410",1410,0.107948333333333
"1411",1411,0.106747888888889
"1412",1412,0.106076333333333
"1413",1413,0.105749166666667
"1414",1414,0.105163611111111
"1415",1415,0.104624
"1416",1416,0.104106888888889
"1417",1417,0.103527111111111
"1418",1418,0.102680055555556
"1419",1419,0.101943111111111
"1420",1420,0.100993888888889
"1421",1421,0.0992085555555555
"1422",1422,0.0984663333333333
"1423",1423,0.0982518333333333
"1424",1424,0.0979523333333333
"1425",1425,0.0986001111111111
"1426",1426,0.0981712777777778
"1427",1427,0.0969952222222222
"1428",1428,0.0962507222222222
"1429",1429,0.0949896666666667
"1430",1430,0.0942339444444444
"1431",1431,0.0942021666666667
"1432",1432,0.0936362222222222
"1433",1433,0.0928598888888889
"1434",1434,0.0922375
"1435",1435,0.0913826666666667
"1436",1436,0.0907898888888889
"1437",1437,0.0907357222222222
"1438",1438,0.090127
"1439",1439,0.0892109444444444
"1440",1440,0.0884442777777778
"1441",1441,0.0872003333333333
"1442",1442,0.0864674444444444
"1443",1443,0.0861156666666667
"1444",1444,0.0858300555555555
"1445",1445,0.0862636111111111
"1446",1446,0.0858425555555556
"1447",1447,0.0849588888888889
"1448",1448,0.084271
"1449",1449,0.0828878333333333
"1450",1450,0.0820500555555556
"1451",1451,0.0818776666666667
"1452",1452,0.0813570555555556
"1453",1453,0.0807688333333333
"1454",1454,0.0802
"1455",1455,0.0795498333333333
"1456",1456,0.0789441111111111
"1457",1457,0.0784863888888889
"1458",1458,0.0777932777777778
"1459",1459,0.0766940555555556
"1460",1460,0.0761257777777778
"1461",1461,0.0758442222222222
"1462",1462,0.0753552222222222
"1463",1463,0.0751007777777778
"1464",1464,0.0748208888888889
"1465",1465,0.0741424444444444
"1466",1466,0.0738644444444444
"1467",1467,0.0744209444444444
"1468",1468,0.0741113333333333
"1469",1469,0.0735017222222222
"1470",1470,0.0726965
"1471",1471,0.0709452777777778
"1472",1472,0.0698728333333333
"1473",1473,0.0686059444444444
"1474",1474,0.0682854444444444
"1475",1475,0.0692483888888889
"1476",1476,0.0692770555555556
"1477",1477,0.0698465555555556
"1478",1478,0.0696402777777778
"1479",1479,0.0683161666666667
"1480",1480,0.0672661111111111
"1481",1481,0.0652151666666667
"1482",1482,0.0649629444444444
"1483",1483,0.0661109444444444
"1484",1484,0.0662540555555556
"1485",1485,0.0679551666666667
"1486",1486,0.0675081666666667
"1487",1487,0.0642305
"1488",1488,0.0629681111111111
"1489",1489,0.0615101111111111
"1490",1490,0.0611554444444444
"1491",1491,0.0627566111111111
"1492",1492,0.0631245555555556
"1493",1493,0.0637189444444444
"1494",1494,0.0636187222222222
"1495",1495,0.0622825
"1496",1496,0.0617809444444444
"1497",1497,0.061431
"1498",1498,0.0608877222222222
"1499",1499,0.0608727222222222
"1500",1500,0.0606869444444444
"1501",1501,0.0597619444444444
"1502",1502,0.0466801111111111
"1503",1503,0.0505918333333333
"1504",1504,0.0540360555555556
"1505",1505,0.0500187777777778
"1506",1506,0.0479085
"1507",1507,0.0468288888888889
"1508",1508,0.0455163333333333
"1509",1509,0.0453865555555556
"1510",1510,0.0440095555555556
"1511",1511,0.0423583333333333
"1512",1512,0.0482369444444444
"1513",1513,0.0472326111111111
"1514",1514,0.0414523333333333
"1515",1515,0.041428
"1516",1516,0.0399495555555556
"1517",1517,0.0381519444444444
"1518",1518,0.0384117777777778
"1519",1519,0.0374345555555556
"1520",1520,0.0379103333333333
"1521",1521,0.0407473888888889
"1522",1522,0.040597
"1523",1523,0.0377072777777778
"1524",1524,0.0345846666666667
"1525",1525,0.0383022222222222
"1526",1526,0.0401536666666667
"1527",1527,0.0394243333333333
"1528",1528,0.0390606666666667
"1529",1529,0.0390197222222222
"1530",1530,0.0391670555555556
"1531",1531,0.0390875
"1532",1532,0.0372035
"1533",1533,0.0356323333333333
"1534",1534,0.0357677777777778
"1535",1535,0.0362646111111111
"1536",1536,0.037566
"1537",1537,0.0388542222222222
"1538",1538,0.0372405
"1539",1539,0.0366808333333333
"1540",1540,0.0374037777777778
"1541",1541,0.0380059444444444
"1542",1542,0.037854
"1543",1543,0.0371996111111111
"1544",1544,0.0366078888888889
"1545",1545,0.0373771111111111
"1546",1546,0.0369691111111111
"1547",1547,0.0347950555555556
"1548",1548,0.0354841111111111
"1549",1549,0.0368506111111111
"1550",1550,0.0374339444444444
"1551",1551,0.0359942222222222
"1552",1552,0.0361227222222222
"1553",1553,0.0369085
"1554",1554,0.0357242222222222
"1555",1555,0.0358339444444444
"1556",1556,0.0363101111111111
"1557",1557,0.0358858333333333
"1558",1558,0.0356208888888889
"1559",1559,0.0360082777777778
"1560",1560,0.0369102777777778
"1561",1561,0.0369906111111111
"1562",1562,0.0369300555555556
"1563",1563,0.0369487222222222
"1564",1564,0.0369131111111111
"1565",1565,0.0370028333333333
"1566",1566,0.0372813888888889
"1567",1567,0.037703
"1568",1568,0.037364
"1569",1569,0.0366319444444444
"1570",1570,0.0361285
"1571",1571,0.0366616666666667
"1572",1572,0.0370414444444444
"1573",1573,0.0368081111111111
"1574",1574,0.0368543888888889
"1575",1575,0.0373578888888889
"1576",1576,0.0377725555555556
"1577",1577,0.0368643333333333
"1578",1578,0.0367573888888889
"1579",1579,0.0370403888888889
"1580",1580,0.0366600555555556
"1581",1581,0.0366912222222222
"1582",1582,0.0369358333333333
"1583",1583,0.0371115
"1584",1584,0.03727
"1585",1585,0.0373624444444444
"1586",1586,0.0373470555555556
"1587",1587,0.037115
"1588",1588,0.0371946666666667
"1589",1589,0.0375143333333333
"1590",1590,0.0376142222222222
"1591",1591,0.0374404444444444
"1592",1592,0.0371942222222222
"1593",1593,0.0371358333333333
"1594",1594,0.0372361666666667
"1595",1595,0.0374613333333333
"1596",1596,0.0376878333333333
"1597",1597,0.0374682777777778
"1598",1598,0.0374387222222222
"1599",1599,0.0377276111111111
"1600",1600,0.0377785555555556
"1601",1601,0.0380073333333333
"1602",1602,0.0381767777777778
"1603",1603,0.0377780555555556
"1604",1604,0.0381772222222222
"1605",1605,0.0387232777777778
"1606",1606,0.0385826111111111
"1607",1607,0.0386835555555556
"1608",1608,0.0388024444444444
"1609",1609,0.0387622777777778
"1610",1610,0.0386760555555556
"1611",1611,0.0386499444444444
"1612",1612,0.0386978333333333
"1613",1613,0.0387328333333333
"1614",1614,0.0388727222222222
"1615",1615,0.0389707222222222
"1616",1616,0.0388141111111111
"1617",1617,0.0388452777777778
"1618",1618,0.0389668333333333
"1619",1619,0.0390235
"1620",1620,0.0390427222222222
"1621",1621,0.0390157777777778
"1622",1622,0.0389676111111111
"1623",1623,0.0389808333333333
"1624",1624,0.0391252222222222
"1625",1625,0.0392773333333333
"1626",1626,0.0391593888888889
"1627",1627,0.0392071666666667
"1628",1628,0.0392976111111111
"1629",1629,0.0391958888888889
"1630",1630,0.0391815
"1631",1631,0.0391903333333333
"1632",1632,0.0391985
"1633",1633,0.0394677777777778
"1634",1634,0.0395936666666667
"1635",1635,0.0395055555555556
"1636",1636,0.0395582222222222
"1637",1637,0.0397244444444444
"1638",1638,0.0399260555555556
"1639",1639,0.0400435555555556
"1640",1640,0.0401918888888889
"1641",1641,0.0402922777777778
"1642",1642,0.040293
"1643",1643,0.0404246666666667
"1644",1644,0.0407120555555556
"1645",1645,0.0410811111111111
"1646",1646,0.0412402222222222
"1647",1647,0.0415790555555556
"1648",1648,0.0420333333333333
"1649",1649,0.0421557777777778
"1650",1650,0.042453
"1651",1651,0.0428801666666667
"1652",1652,0.0432615
"1653",1653,0.0439453333333333
"1654",1654,0.0446492777777778
"1655",1655,0.0451598333333333
"1656",1656,0.0457091111111111
"1657",1657,0.0463867777777778
"1658",1658,0.0471839444444444
"1659",1659,0.0479400555555556
"1660",1660,0.0488482222222222
"1661",1661,0.0498718888888889
"1662",1662,0.0508708333333333
"1663",1663,0.0519801111111111
"1664",1664,0.0532551666666667
"1665",1665,0.0546966111111111
"1666",1666,0.0561321111111111
"1667",1667,0.0576579444444444
"1668",1668,0.0593156666666667
"1669",1669,0.0609728888888889
"1670",1670,0.0628561666666667
"1671",1671,0.0648840555555556
"1672",1672,0.0667043888888889
"1673",1673,0.0686902777777778
"1674",1674,0.0708035
"1675",1675,0.0728882222222222
"1676",1676,0.0750056111111111
"1677",1677,0.0770928333333333
"1678",1678,0.0791073888888889
"1679",1679,0.0811441666666667
"1680",1680,0.0830679444444444
"1681",1681,0.0848275
"1682",1682,0.0864586111111111
"1683",1683,0.088129
"1684",1684,0.0897378888888889
"1685",1685,0.0910588333333333
"1686",1686,0.0922981111111111
"1687",1687,0.0934381111111111
"1688",1688,0.0944458333333333
"1689",1689,0.0954043333333333
"1690",1690,0.0962882222222222
"1691",1691,0.0970688333333333
"1692",1692,0.0976987777777778
"1693",1693,0.0983147222222222
"1694",1694,0.0989371666666667
"1695",1695,0.0994966666666667
"1696",1696,0.0999238333333333
"1697",1697,0.100343111111111
"1698",1698,0.100895944444444
"1699",1699,0.1014035
"1700",1700,0.101847277777778
"1701",1701,0.102230055555556
"1702",1702,0.102555055555556
"1703",1703,0.102872222222222
"1704",1704,0.103151
"1705",1705,0.103258
"1706",1706,0.103282222222222
"1707",1707,0.103228944444444
"1708",1708,0.103070777777778
"1709",1709,0.102746222222222
"1710",1710,0.102301833333333
"1711",1711,0.101768611111111
"1712",1712,0.101018611111111
"1713",1713,0.100185666666667
"1714",1714,0.0993155555555556
"1715",1715,0.0983012222222222
"1716",1716,0.0972331666666667
"1717",1717,0.0961045555555556
"1718",1718,0.0948501666666667
"1719",1719,0.0935416666666667
"1720",1720,0.0921582222222222
"1721",1721,0.0906851666666667
"1722",1722,0.089241
"1723",1723,0.0877533888888889
"1724",1724,0.0862341666666667
"1725",1725,0.0849013333333333
"1726",1726,0.0835613888888889
"1727",1727,0.0822179444444444
"1728",1728,0.0810196666666667
"1729",1729,0.0798211111111111
"1730",1730,0.0786811111111111
"1731",1731,0.0776935
"1732",1732,0.0767427777777778
"1733",1733,0.0758265555555555
"1734",1734,0.0749592222222222
"1735",1735,0.0741646666666667
"1736",1736,0.0734558888888889
"1737",1737,0.0728100555555556
"1738",1738,0.0721617222222222
"1739",1739,0.0715356111111111
"1740",1740,0.0709397222222222
"1741",1741,0.0703837222222222
"1742",1742,0.0699316111111111
"1743",1743,0.0695099444444444
"1744",1744,0.0690575
"1745",1745,0.0686073333333333
"1746",1746,0.068282
"1747",1747,0.0680647777777778
"1748",1748,0.0677264444444445
"1749",1749,0.067429
"1750",1750,0.0671727222222222
"1751",1751,0.0668936111111111
"1752",1752,0.0666979444444444
"1753",1753,0.0664786666666667
"1754",1754,0.0661498333333333
"1755",1755,0.06591
"1756",1756,0.065627
"1757",1757,0.0652561666666667
"1758",1758,0.064923
"1759",1759,0.0645037222222222
"1760",1760,0.064012
"1761",1761,0.0635398333333333
"1762",1762,0.0630323888888889
"1763",1763,0.062529
"1764",1764,0.0620613888888889
"1765",1765,0.0615368333333333
"1766",1766,0.0609972222222222
"1767",1767,0.0604859444444444
"1768",1768,0.0600444444444444
"1769",1769,0.0596205
"1770",1770,0.0591732222222222
"1771",1771,0.0586687222222222
"1772",1772,0.0582773333333333
"1773",1773,0.0579153888888889
"1774",1774,0.0574863333333333
"1775",1775,0.0572069444444444
"1776",1776,0.0569617222222222
"1777",1777,0.0566887222222222
"1778",1778,0.0564888333333333
"1779",1779,0.0562895555555556
"1780",1780,0.0560950555555556
"1781",1781,0.0559667222222222
"1782",1782,0.05583
"1783",1783,0.0557005
"1784",1784,0.0555995555555556
"1785",1785,0.0554637777777778
"1786",1786,0.0552739444444444
"1787",1787,0.0550205
"1788",1788,0.0546961666666667
"1789",1789,0.0543408888888889
"1790",1790,0.0539363888888889
"1791",1791,0.0534093333333333
"1792",1792,0.0528714444444444
"1793",1793,0.0523009444444444
"1794",1794,0.0516678888888889
"1795",1795,0.0511191666666667
"1796",1796,0.0505365555555556
"1797",1797,0.0498675555555556
"1798",1798,0.0492847777777778
"1799",1799,0.0487405555555556
"1800",1800,0.0482387222222222
"1801",1801,0.0478246111111111
"1802",1802,0.0474043333333333
"1803",1803,0.0470393888888889
"1804",1804,0.046813
"1805",1805,0.0465505555555556
"1806",1806,0.0462986666666667
"1807",1807,0.046084
"1808",1808,0.0458144444444444
"1809",1809,0.0455429444444444
"1810",1810,0.0452586666666667
"1811",1811,0.0448929444444444
"1812",1812,0.044529
"1813",1813,0.0441711666666667
"1814",1814,0.0438082777777778
"1815",1815,0.0435070555555556
"1816",1816,0.0432202777777778
"1817",1817,0.0429288888888889
"1818",1818,0.0427154444444444
"1819",1819,0.0425308333333333
"1820",1820,0.0423857777777778
"1821",1821,0.0423427222222222
"1822",1822,0.0423110555555556
"1823",1823,0.0423338888888889
"1824",1824,0.0424720555555556
"1825",1825,0.0426025555555556
"1826",1826,0.0427688888888889
"1827",1827,0.0430008888888889
"1828",1828,0.0432479444444444
"1829",1829,0.0436042777777778
"1830",1830,0.0440322222222222
"1831",1831,0.0443821666666667
"1832",1832,0.0448537777777778
"1833",1833,0.0454112777777778
"1834",1834,0.0459747777777778
"1835",1835,0.046618
"1836",1836,0.0473603888888889
"1837",1837,0.0482197222222222
"1838",1838,0.0492082777777778
"1839",1839,0.0503933333333333
"1840",1840,0.0517995555555556
"1841",1841,0.0534187777777778
"1842",1842,0.0554692222222222
"1843",1843,0.0579677777777778
"1844",1844,0.0609013333333333
"1845",1845,0.0643986111111111
"1846",1846,0.0684635
"1847",1847,0.0731303333333333
"1848",1848,0.0785257222222222
"1849",1849,0.0845538333333333
"1850",1850,0.0911821111111111
"1851",1851,0.0984043333333333
"1852",1852,0.106244111111111
"1853",1853,0.114607833333333
"1854",1854,0.123414222222222
"1855",1855,0.132725555555556
"1856",1856,0.142412777777778
"1857",1857,0.152412222222222
"1858",1858,0.162782222222222
"1859",1859,0.173465555555556
"1860",1860,0.184458333333333
"1861",1861,0.195775
"1862",1862,0.207378888888889
"1863",1863,0.219261111111111
"1864",1864,0.231405555555556
"1865",1865,0.243807222222222
"1866",1866,0.256478333333333
"1867",1867,0.269379444444444
"1868",1868,0.282407777777778
"1869",1869,0.295617777777778
"1870",1870,0.308977777777778
"1871",1871,0.322422222222222
"1872",1872,0.335945
"1873",1873,0.349468888888889
"1874",1874,0.362947222222222
"1875",1875,0.376382777777778
"1876",1876,0.389683333333333
"1877",1877,0.402787222222222
"1878",1878,0.41565
"1879",1879,0.428286111111111
"1880",1880,0.440616111111111
"1881",1881,0.452577222222222
"1882",1882,0.464149444444444
"1883",1883,0.475332777777778
"1884",1884,0.4861
"1885",1885,0.496441111111111
"1886",1886,0.506351666666667
"1887",1887,0.515821666666667
"1888",1888,0.524848333333333
"1889",1889,0.533458888888889
"1890",1890,0.541624444444444
"1891",1891,0.549316111111111
"1892",1892,0.556612777777778
"1893",1893,0.563491111111111
"1894",1894,0.569951666666667
"1895",1895,0.576056666666667
"1896",1896,0.581784444444444
"1897",1897,0.587128888888889
"1898",1898,0.592116666666667
"1899",1899,0.596773888888889
"1900",1900,0.601136111111111
"1901",1901,0.605217222222222
"1902",1902,0.608947777777778
"1903",1903,0.612410555555556
"1904",1904,0.615642222222222
"1905",1905,0.618620555555556
"1906",1906,0.621407222222222
"1907",1907,0.623992777777778
"1908",1908,0.626345555555556
"1909",1909,0.628550555555556
"1910",1910,0.630579444444444
"1911",1911,0.632432777777778
"1912",1912,0.634216111111111
"1913",1913,0.635857777777778
"1914",1914,0.637357222222222
"1915",1915,0.638765555555556
"1916",1916,0.640046666666667
"1917",1917,0.641256666666667
"1918",1918,0.642445
"1919",1919,0.643500555555556
"1920",1920,0.644511666666667
"1921",1921,0.645503333333333
"1922",1922,0.646363888888889
"1923",1923,0.647213333333333
"1924",1924,0.648045555555556
"1925",1925,0.648787222222222
"1926",1926,0.649530555555555
"1927",1927,0.650253888888889
"1928",1928,0.650931666666667
"1929",1929,0.6516
"1930",1930,0.652242777777778
"1931",1931,0.652862777777778
"1932",1932,0.653478888888889
"1933",1933,0.654068888888889
"1934",1934,0.654646111111111
"1935",1935,0.655230555555556
"1936",1936,0.655780555555556
"1937",1937,0.656330555555556
"1938",1938,0.656888333333333
"1939",1939,0.657380555555556
"1940",1940,0.657883888888889
"1941",1941,0.658396666666667
"1942",1942,0.658874444444444
"1943",1943,0.659389444444444
"1944",1944,0.659893888888889
"1945",1945,0.660341111111111
"1946",1946,0.660825555555556
"1947",1947,0.661292222222222
"1948",1948,0.66173
"1949",1949,0.662220555555556
"1950",1950,0.662683333333333
"1951",1951,0.663127777777778
"1952",1952,0.663578888888889
"1953",1953,0.664022777777778
"1954",1954,0.66446
"1955",1955,0.664893333333333
"1956",1956,0.665342777777778
"1957",1957,0.665796666666667
"1958",1958,0.666245555555556
"1959",1959,0.666682777777778
"1960",1960,0.667103888888889
"1961",1961,0.667531666666667
"1962",1962,0.667985555555555
"1963",1963,0.668429444444444
"1964",1964,0.668888888888889
"1965",1965,0.669363333333333
"1966",1966,0.669800555555556
"1967",1967,0.670273888888889
"1968",1968,0.670776666666667
"1969",1969,0.671265
"1970",1970,0.671756666666667
"1971",1971,0.672267777777778
"1972",1972,0.672803888888889
"1973",1973,0.673317222222222
"1974",1974,0.673856666666667
"1975",1975,0.67442
"1976",1976,0.674965
"1977",1977,0.675474444444444
"1978",1978,0.675978888888889
"1979",1979,0.676505555555556
"1980",1980,0.677028888888889
"1981",1981,0.677567222222222
"1982",1982,0.678115555555556
"1983",1983,0.678649444444444
"1984",1984,0.679177222222222
"1985",1985,0.679728888888889
"1986",1986,0.680331111111111
"1987",1987,0.680906111111111
"1988",1988,0.681482777777778
"1989",1989,0.682082222222222
"1990",1990,0.682673333333333
"1991",1991,0.683288333333333
"1992",1992,0.683893333333333
"1993",1993,0.684433888888889
"1994",1994,0.685048888888889
"1995",1995,0.685666111111111
"1996",1996,0.686213888888889
"1997",1997,0.686754444444444
"1998",1998,0.687306666666667
"1999",1999,0.687866111111111
"2000",2000,0.688400555555556
"2001",2001,0.688966111111111
"2002",2002,0.689503333333333
"2003",2003,0.689967777777778
"2004",2004,0.690513888888889
"2005",2005,0.691052222222222
"2006",2006,0.691536111111111
"2007",2007,0.692033888888889
"2008",2008,0.692522777777778
"2009",2009,0.693000555555556
"2010",2010,0.693462222222222
"2011",2011,0.693912222222222
"2012",2012,0.694337777777778
"2013",2013,0.694744444444444
"2014",2014,0.695186666666667
"2015",2015,0.695588888888889
"2016",2016,0.695958333333333
"2017",2017,0.69635
"2018",2018,0.696762777777778
"2019",2019,0.697176111111111
"2020",2020,0.697563333333333
"2021",2021,0.697885555555556
"2022",2022,0.698165555555556
"2023",2023,0.698460555555556
"2024",2024,0.698862222222222
"2025",2025,0.699222222222222
"2026",2026,0.699515555555556
"2027",2027,0.699773333333333
"2028",2028,0.700048888888889
"2029",2029,0.700373888888889
"2030",2030,0.700706666666667
"2031",2031,0.700924444444444
"2032",2032,0.701174444444444
"2033",2033,0.701456666666667
"2034",2034,0.701721111111111
"2035",2035,0.701967222222222
"2036",2036,0.702184444444444
"2037",2037,0.702373333333333
"2038",2038,0.702571111111111
"2039",2039,0.702778333333333
"2040",2040,0.703007777777778
"2041",2041,0.703261666666667
"2042",2042,0.703478888888889
"2043",2043,0.703672222222222
"2044",2044,0.703863888888889
"2045",2045,0.704021666666667
"2046",2046,0.704201111111111
"2047",2047,0.704383333333333
"2048",2048,0.704499444444444
"2049",2049,0.70468
"2050",2050,0.704871111111111
"2051",2051,0.705011666666667
"2052",2052,0.705202777777778
"2053",2053,0.705331111111111
"2054",2054,0.70543
"2055",2055,0.705663888888889
"2056",2056,0.705836111111111
"2057",2057,0.70598
"2058",2058,0.706152777777778
"2059",2059,0.706251111111111
"2060",2060,0.706374444444444
"2061",2061,0.706546666666667
"2062",2062,0.706662222222222
"2063",2063,0.706803333333333
"2064",2064,0.706939444444444
"2065",2065,0.707032222222222
"2066",2066,0.707187222222222
"2067",2067,0.707298333333333
"2068",2068,0.70734
"2069",2069,0.707420555555555
"2070",2070,0.707509444444444
"2071",2071,0.707592777777778
"2072",2072,0.707657777777778
"2073",2073,0.707713888888889
"2074",2074,0.707693333333333
"2075",2075,0.707608888888889
"2076",2076,0.707665555555556
"2077",2077,0.707685555555556
"2078",2078,0.707623888888889
"2079",2079,0.707494444444444
"2080",2080,0.707238888888889
"2081",2081,0.706975555555556
"2082",2082,0.706769444444444
"2083",2083,0.706529444444444
"2084",2084,0.706334444444444
"2085",2085,0.706158888888889
"2086",2086,0.705924444444444
"2087",2087,0.705659444444445
"2088",2088,0.705307777777778
"2089",2089,0.704864444444444
"2090",2090,0.704506111111111
"2091",2091,0.704092777777778
"2092",2092,0.703648333333333
"2093",2093,0.703284444444444
"2094",2094,0.702838333333333
"2095",2095,0.702289444444444
"2096",2096,0.701683333333333
"2097",2097,0.701204444444444
"2098",2098,0.700545555555556
"2099",2099,0.699724444444444
"2100",2100,0.698982222222222
"2101",2101,0.698144444444444
"2102",2102,0.697220555555556
"2103",2103,0.696246111111111
"2104",2104,0.695226111111111
"2105",2105,0.694122222222222
"2106",2106,0.692982222222222
"2107",2107,0.691910555555556
"2108",2108,0.690894444444444
"2109",2109,0.689853888888889
"2110",2110,0.688783888888889
"2111",2111,0.687960555555556
"2112",2112,0.687197777777778
"2113",2113,0.686451666666667
"2114",2114,0.685792777777778
"2115",2115,0.685294444444444
"2116",2116,0.684892777777778
"2117",2117,0.684513888888889
"2118",2118,0.684161111111111
"2119",2119,0.683848333333333
"2120",2120,0.683615
"2121",2121,0.683518888888889
"2122",2122,0.68339
"2123",2123,0.683216111111111
"2124",2124,0.683038888888889
"2125",2125,0.682983333333333
"2126",2126,0.68291
"2127",2127,0.682848333333333
"2128",2128,0.682944444444444
"2129",2129,0.68298
"2130",2130,0.68302
"2131",2131,0.683136111111111
"2132",2132,0.683188333333333
"2133",2133,0.683336666666667
"2134",2134,0.683563888888889
"2135",2135,0.683717222222222
"2136",2136,0.68397
"2137",2137,0.684261111111111
"2138",2138,0.684518888888889
"2139",2139,0.684815
"2140",2140,0.68517
"2141",2141,0.685545
"2142",2142,0.685860555555556
"2143",2143,0.686328888888889
"2144",2144,0.686808888888889
"2145",2145,0.687207222222222
"2146",2146,0.687872777777778
"2147",2147,0.6882
"2148",2148,0.688366666666667
"2149",2149,0.68907
"2150",2150,0.689590555555556
"2151",2151,0.690003333333333
