"","wavelength","grass_mean_reflectance"
"1",1,0.629345833333333
"2",2,0.628545277777778
"3",3,0.629370833333333
"4",4,0.630222222222222
"5",5,0.631034444444444
"6",6,0.631877222222222
"7",7,0.632783333333333
"8",8,0.633650833333333
"9",9,0.634496111111111
"10",10,0.635327222222222
"11",11,0.636115833333333
"12",12,0.636943888888889
"13",13,0.637904444444444
"14",14,0.638825555555556
"15",15,0.639709166666667
"16",16,0.640648333333333
"17",17,0.641561111111111
"18",18,0.642389722222222
"19",19,0.643236388888889
"20",20,0.644084166666667
"21",21,0.644955277777778
"22",22,0.645791111111111
"23",23,0.646691666666667
"24",24,0.647626388888889
"25",25,0.648536388888889
"26",26,0.649373611111111
"27",27,0.650191944444444
"28",28,0.651029166666667
"29",29,0.651918055555556
"30",30,0.652749444444444
"31",31,0.653585
"32",32,0.65439
"33",33,0.655108611111111
"34",34,0.655876111111111
"35",35,0.656671111111111
"36",36,0.657470277777778
"37",37,0.658179722222222
"38",38,0.658928055555556
"39",39,0.659691111111111
"40",40,0.660406666666667
"41",41,0.661144166666667
"42",42,0.661868333333333
"43",43,0.6625325
"44",44,0.663196944444444
"45",45,0.663869444444444
"46",46,0.664532222222222
"47",47,0.665179444444444
"48",48,0.665813333333333
"49",49,0.666429166666667
"50",50,0.667054166666667
"51",51,0.66765
"52",52,0.668219444444444
"53",53,0.668801388888889
"54",54,0.669342777777778
"55",55,0.669882222222222
"56",56,0.670414444444444
"57",57,0.670893333333333
"58",58,0.671405
"59",59,0.671940555555556
"60",60,0.672465277777778
"61",61,0.672949722222222
"62",62,0.673435
"63",63,0.673838611111111
"64",64,0.674214166666667
"65",65,0.674613888888889
"66",66,0.675000555555556
"67",67,0.675423888888889
"68",68,0.675828055555556
"69",69,0.676151111111111
"70",70,0.676472222222222
"71",71,0.676745555555556
"72",72,0.677040555555556
"73",73,0.677389444444444
"74",74,0.677663611111111
"75",75,0.677937222222222
"76",76,0.678189444444444
"77",77,0.678364722222222
"78",78,0.678563888888889
"79",79,0.6787825
"80",80,0.678991388888889
"81",81,0.679173888888889
"82",82,0.679343611111111
"83",83,0.679478888888889
"84",84,0.679599722222222
"85",85,0.679728888888889
"86",86,0.679857222222222
"87",87,0.679944166666667
"88",88,0.680016111111111
"89",89,0.680061944444444
"90",90,0.680035277777778
"91",91,0.680041944444444
"92",92,0.680064166666667
"93",93,0.680061388888889
"94",94,0.680055277777778
"95",95,0.680038888888889
"96",96,0.679979444444444
"97",97,0.679893055555556
"98",98,0.679799166666667
"99",99,0.679724444444444
"100",100,0.679652777777778
"101",101,0.679550277777778
"102",102,0.679458333333333
"103",103,0.679350277777778
"104",104,0.679211111111111
"105",105,0.679058055555556
"106",106,0.678888333333333
"107",107,0.678660833333333
"108",108,0.678476944444444
"109",109,0.678333333333333
"110",110,0.6781425
"111",111,0.677951111111111
"112",112,0.677740833333333
"113",113,0.677481388888889
"114",114,0.677213333333333
"115",115,0.676918333333333
"116",116,0.676597777777778
"117",117,0.676255833333333
"118",118,0.675834166666667
"119",119,0.675373333333333
"120",120,0.6748925
"121",121,0.674326944444444
"122",122,0.67373
"123",123,0.673010833333333
"124",124,0.672268888888889
"125",125,0.671336111111111
"126",126,0.670278055555556
"127",127,0.669088333333333
"128",128,0.667778611111111
"129",129,0.666324722222222
"130",130,0.664733055555556
"131",131,0.6630125
"132",132,0.661079166666667
"133",133,0.659002777777778
"134",134,0.656804722222222
"135",135,0.654476666666667
"136",136,0.651984166666667
"137",137,0.649346388888889
"138",138,0.646596666666667
"139",139,0.643630833333333
"140",140,0.6406975
"141",141,0.637663888888889
"142",142,0.634653888888889
"143",143,0.631554722222222
"144",144,0.628558055555556
"145",145,0.625571666666667
"146",146,0.622642222222222
"147",147,0.619793888888889
"148",148,0.617093611111111
"149",149,0.614519444444444
"150",150,0.612023333333333
"151",151,0.609724166666667
"152",152,0.607562777777778
"153",153,0.605576111111111
"154",154,0.603730833333333
"155",155,0.602070277777778
"156",156,0.600593888888889
"157",157,0.599248611111111
"158",158,0.598070277777778
"159",159,0.597015
"160",160,0.596118333333333
"161",161,0.595300555555556
"162",162,0.594608333333333
"163",163,0.593995833333333
"164",164,0.593469444444444
"165",165,0.593031111111111
"166",166,0.592646388888889
"167",167,0.592364166666667
"168",168,0.592087222222222
"169",169,0.591861666666667
"170",170,0.5916625
"171",171,0.591506111111111
"172",172,0.591363611111111
"173",173,0.591276111111111
"174",174,0.591159166666667
"175",175,0.591041944444444
"176",176,0.590934166666667
"177",177,0.590823333333333
"178",178,0.590713611111111
"179",179,0.590628333333333
"180",180,0.59052
"181",181,0.590397222222222
"182",182,0.59025
"183",183,0.590140833333333
"184",184,0.590031111111111
"185",185,0.589934444444444
"186",186,0.589863611111111
"187",187,0.5897925
"188",188,0.589704722222222
"189",189,0.589658888888889
"190",190,0.589629722222222
"191",191,0.589623333333333
"192",192,0.589633333333333
"193",193,0.589671944444444
"194",194,0.589714444444444
"195",195,0.589808055555556
"196",196,0.589936666666667
"197",197,0.590089166666667
"198",198,0.590270277777778
"199",199,0.590487777777778
"200",200,0.590723055555556
"201",201,0.590981666666667
"202",202,0.591261944444444
"203",203,0.591578333333333
"204",204,0.591893611111111
"205",205,0.592211111111111
"206",206,0.592568611111111
"207",207,0.592944722222222
"208",208,0.593341111111111
"209",209,0.593774166666667
"210",210,0.594206111111111
"211",211,0.594644166666667
"212",212,0.595099444444444
"213",213,0.595560555555556
"214",214,0.596043611111111
"215",215,0.596561111111111
"216",216,0.597057222222222
"217",217,0.597563888888889
"218",218,0.598104444444444
"219",219,0.598644444444444
"220",220,0.599188055555556
"221",221,0.599756666666667
"222",222,0.600349444444444
"223",223,0.600933611111111
"224",224,0.601543888888889
"225",225,0.6021275
"226",226,0.602691666666667
"227",227,0.603275
"228",228,0.603861944444444
"229",229,0.604442222222222
"230",230,0.6050375
"231",231,0.605620833333333
"232",232,0.606201388888889
"233",233,0.606756388888889
"234",234,0.607329722222222
"235",235,0.607897777777778
"236",236,0.608451944444444
"237",237,0.609005277777778
"238",238,0.609556111111111
"239",239,0.610095277777778
"240",240,0.610637777777778
"241",241,0.611188055555556
"242",242,0.611724722222222
"243",243,0.612254166666667
"244",244,0.612769166666667
"245",245,0.613269444444444
"246",246,0.613769444444444
"247",247,0.614253333333333
"248",248,0.614738888888889
"249",249,0.615240555555556
"250",250,0.615711666666667
"251",251,0.616165833333333
"252",252,0.616616111111111
"253",253,0.617045833333333
"254",254,0.617444166666667
"255",255,0.617851388888889
"256",256,0.6182475
"257",257,0.618620833333333
"258",258,0.618986666666667
"259",259,0.6193225
"260",260,0.619635833333333
"261",261,0.619926666666667
"262",262,0.620196666666667
"263",263,0.620443888888889
"264",264,0.620669166666667
"265",265,0.620871111111111
"266",266,0.621049166666667
"267",267,0.621205555555556
"268",268,0.621339444444444
"269",269,0.621458611111111
"270",270,0.621567222222222
"271",271,0.621642222222222
"272",272,0.621680833333333
"273",273,0.621698333333333
"274",274,0.621686944444444
"275",275,0.621648611111111
"276",276,0.621598888888889
"277",277,0.621521111111111
"278",278,0.621416944444444
"279",279,0.621285555555556
"280",280,0.621123333333333
"281",281,0.620936944444444
"282",282,0.620723055555556
"283",283,0.620484722222222
"284",284,0.620207777777778
"285",285,0.619905555555556
"286",286,0.619567222222222
"287",287,0.619192777777778
"288",288,0.618785833333333
"289",289,0.618357777777778
"290",290,0.617881944444444
"291",291,0.617362222222222
"292",292,0.616808333333333
"293",293,0.616233333333333
"294",294,0.615616944444444
"295",295,0.614961666666667
"296",296,0.614263611111111
"297",297,0.613501388888889
"298",298,0.612701111111111
"299",299,0.611865555555556
"300",300,0.610980555555556
"301",301,0.610053055555556
"302",302,0.6090825
"303",303,0.608061388888889
"304",304,0.60699
"305",305,0.605872777777778
"306",306,0.604708055555556
"307",307,0.603485
"308",308,0.602206388888889
"309",309,0.600878611111111
"310",310,0.599498888888889
"311",311,0.598064166666667
"312",312,0.596571111111111
"313",313,0.595041111111111
"314",314,0.593436944444444
"315",315,0.591780555555556
"316",316,0.590096111111111
"317",317,0.588326388888889
"318",318,0.5865225
"319",319,0.584678611111111
"320",320,0.5827575
"321",321,0.580805555555556
"322",322,0.578798611111111
"323",323,0.576751111111111
"324",324,0.574666666666667
"325",325,0.572541944444444
"326",326,0.570381666666667
"327",327,0.568178611111111
"328",328,0.565951666666667
"329",329,0.5636925
"330",330,0.5614225
"331",331,0.559114444444444
"332",332,0.556823611111111
"333",333,0.55452
"334",334,0.552211111111111
"335",335,0.549901666666667
"336",336,0.547605833333333
"337",337,0.545295555555556
"338",338,0.543030833333333
"339",339,0.540787222222222
"340",340,0.5385675
"341",341,0.536391111111111
"342",342,0.534212222222222
"343",343,0.532065277777778
"344",344,0.529951111111111
"345",345,0.527866944444444
"346",346,0.525840833333333
"347",347,0.523839722222222
"348",348,0.521893055555556
"349",349,0.519983333333333
"350",350,0.518105277777778
"351",351,0.516255833333333
"352",352,0.514459166666667
"353",353,0.512658611111111
"354",354,0.510888888888889
"355",355,0.509115555555556
"356",356,0.507355555555556
"357",357,0.505585277777778
"358",358,0.503830555555556
"359",359,0.5020275
"360",360,0.5002
"361",361,0.498332222222222
"362",362,0.4964025
"363",363,0.494422222222222
"364",364,0.492365277777778
"365",365,0.490231944444444
"366",366,0.488002222222222
"367",367,0.485636944444444
"368",368,0.483178888888889
"369",369,0.480589722222222
"370",370,0.477838888888889
"371",371,0.474974444444444
"372",372,0.471911666666667
"373",373,0.468661666666667
"374",374,0.465203888888889
"375",375,0.461551666666667
"376",376,0.4576425
"377",377,0.453521666666667
"378",378,0.449117777777778
"379",379,0.444466944444444
"380",380,0.439546944444444
"381",381,0.434347777777778
"382",382,0.428917777777778
"383",383,0.423220555555556
"384",384,0.417307777777778
"385",385,0.4111775
"386",386,0.404865833333333
"387",387,0.398366944444444
"388",388,0.391828333333333
"389",389,0.385159722222222
"390",390,0.378436111111111
"391",391,0.37172
"392",392,0.364916944444444
"393",393,0.3581875
"394",394,0.351531666666667
"395",395,0.344918611111111
"396",396,0.338494444444444
"397",397,0.332193055555556
"398",398,0.326048611111111
"399",399,0.320124444444444
"400",400,0.314336666666667
"401",401,0.308793333333333
"402",402,0.303479444444444
"403",403,0.298401388888889
"404",404,0.293564444444444
"405",405,0.288960833333333
"406",406,0.284587777777778
"407",407,0.280444722222222
"408",408,0.276517777777778
"409",409,0.272806944444444
"410",410,0.269335555555556
"411",411,0.266051666666667
"412",412,0.262983333333333
"413",413,0.260097888888889
"414",414,0.257402777777778
"415",415,0.254874527777778
"416",416,0.252527333333333
"417",417,0.2503015
"418",418,0.248235638888889
"419",419,0.246314555555556
"420",420,0.244502055555556
"421",421,0.242835416666667
"422",422,0.241276861111111
"423",423,0.239820527777778
"424",424,0.238480722222222
"425",425,0.237229277777778
"426",426,0.236075194444444
"427",427,0.235004555555556
"428",428,0.234008555555556
"429",429,0.233099694444444
"430",430,0.232252666666667
"431",431,0.231481555555556
"432",432,0.230777138888889
"433",433,0.230142777777778
"434",434,0.229560222222222
"435",435,0.229045666666667
"436",436,0.228572583333333
"437",437,0.228148888888889
"438",438,0.227774888888889
"439",439,0.227448722222222
"440",440,0.227161888888889
"441",441,0.22692575
"442",442,0.22672125
"443",443,0.226558416666667
"444",444,0.226422
"445",445,0.22631925
"446",446,0.226242027777778
"447",447,0.226187833333333
"448",448,0.226162111111111
"449",449,0.2261655
"450",450,0.226191805555556
"451",451,0.226236583333333
"452",452,0.226301722222222
"453",453,0.226388222222222
"454",454,0.226487777777778
"455",455,0.226608805555556
"456",456,0.226758416666667
"457",457,0.226937388888889
"458",458,0.227148972222222
"459",459,0.227393333333333
"460",460,0.227677222222222
"461",461,0.227999194444444
"462",462,0.228353333333333
"463",463,0.228755805555556
"464",464,0.229204611111111
"465",465,0.229703916666667
"466",466,0.230260305555556
"467",467,0.230862944444444
"468",468,0.231516583333333
"469",469,0.232216305555556
"470",470,0.232957027777778
"471",471,0.233748777777778
"472",472,0.234597527777778
"473",473,0.235477083333333
"474",474,0.236404
"475",475,0.237362055555556
"476",476,0.238353777777778
"477",477,0.239371472222222
"478",478,0.240423277777778
"479",479,0.241504694444444
"480",480,0.242618388888889
"481",481,0.243751777777778
"482",482,0.244920916666667
"483",483,0.246100888888889
"484",484,0.247298083333333
"485",485,0.248511666666667
"486",486,0.249749444444444
"487",487,0.250988333333333
"488",488,0.252247777777778
"489",489,0.253525277777778
"490",490,0.25481
"491",491,0.256118611111111
"492",492,0.257433055555556
"493",493,0.258753888888889
"494",494,0.260095833333333
"495",495,0.261436944444444
"496",496,0.262789444444444
"497",497,0.264151111111111
"498",498,0.265518611111111
"499",499,0.266909444444444
"500",500,0.268301666666667
"501",501,0.269706388888889
"502",502,0.271123333333333
"503",503,0.272530277777778
"504",504,0.273956111111111
"505",505,0.275380555555556
"506",506,0.276801388888889
"507",507,0.278243333333333
"508",508,0.279681388888889
"509",509,0.281125833333333
"510",510,0.282571111111111
"511",511,0.284015833333333
"512",512,0.285463333333333
"513",513,0.286916666666667
"514",514,0.288362222222222
"515",515,0.289809444444444
"516",516,0.291257222222222
"517",517,0.292701388888889
"518",518,0.294144166666667
"519",519,0.295594166666667
"520",520,0.297031388888889
"521",521,0.298465
"522",522,0.299892222222222
"523",523,0.301318055555556
"524",524,0.302734444444444
"525",525,0.304143333333333
"526",526,0.305546666666667
"527",527,0.306942777777778
"528",528,0.308333055555556
"529",529,0.309723333333333
"530",530,0.311101111111111
"531",531,0.312474722222222
"532",532,0.313839722222222
"533",533,0.315192777777778
"534",534,0.316542222222222
"535",535,0.317883055555556
"536",536,0.319216944444444
"537",537,0.320548611111111
"538",538,0.321865
"539",539,0.323170277777778
"540",540,0.324476666666667
"541",541,0.325776944444444
"542",542,0.327068333333333
"543",543,0.328364722222222
"544",544,0.329639722222222
"545",545,0.330908888888889
"546",546,0.332175277777778
"547",547,0.333436388888889
"548",548,0.334695555555556
"549",549,0.335935833333333
"550",550,0.337175277777778
"551",551,0.338408055555556
"552",552,0.339622777777778
"553",553,0.340843888888889
"554",554,0.342042777777778
"555",555,0.343225277777778
"556",556,0.344419166666667
"557",557,0.3455925
"558",558,0.346765277777778
"559",559,0.347941666666667
"560",560,0.349092777777778
"561",561,0.350234444444444
"562",562,0.351359722222222
"563",563,0.352463333333333
"564",564,0.353561666666667
"565",565,0.354655277777778
"566",566,0.355746944444444
"567",567,0.356828611111111
"568",568,0.357909722222222
"569",569,0.358973611111111
"570",570,0.360025
"571",571,0.361067222222222
"572",572,0.362094722222222
"573",573,0.363125277777778
"574",574,0.364150277777778
"575",575,0.365168055555556
"576",576,0.366183888888889
"577",577,0.367188055555556
"578",578,0.368178333333333
"579",579,0.369165833333333
"580",580,0.370149166666667
"581",581,0.371131388888889
"582",582,0.372106111111111
"583",583,0.373079444444444
"584",584,0.374051666666667
"585",585,0.375020277777778
"586",586,0.375985277777778
"587",587,0.376945
"588",588,0.377899166666667
"589",589,0.378856111111111
"590",590,0.379810833333333
"591",591,0.380763888888889
"592",592,0.381718611111111
"593",593,0.382671388888889
"594",594,0.383621388888889
"595",595,0.384563055555556
"596",596,0.385501666666667
"597",597,0.386435555555556
"598",598,0.387358055555556
"599",599,0.388281944444444
"600",600,0.389211111111111
"601",601,0.390122777777778
"602",602,0.391029166666667
"603",603,0.3919225
"604",604,0.392800555555556
"605",605,0.393678611111111
"606",606,0.394549166666667
"607",607,0.395413055555556
"608",608,0.396274444444444
"609",609,0.397125277777778
"610",610,0.397963055555556
"611",611,0.398798333333333
"612",612,0.399632222222222
"613",613,0.40045
"614",614,0.4012625
"615",615,0.402061666666667
"616",616,0.402844444444444
"617",617,0.403617222222222
"618",618,0.404383888888889
"619",619,0.405129444444444
"620",620,0.405851666666667
"621",621,0.406575277777778
"622",622,0.407288611111111
"623",623,0.407991944444444
"624",624,0.408692777777778
"625",625,0.409379722222222
"626",626,0.410049166666667
"627",627,0.410714166666667
"628",628,0.41137
"629",629,0.412021388888889
"630",630,0.412671944444444
"631",631,0.413302777777778
"632",632,0.413921111111111
"633",633,0.414531944444444
"634",634,0.415129444444444
"635",635,0.415716111111111
"636",636,0.416296388888889
"637",637,0.416858888888889
"638",638,0.417400555555556
"639",639,0.417932777777778
"640",640,0.418455555555556
"641",641,0.418962777777778
"642",642,0.419464166666667
"643",643,0.419937222222222
"644",644,0.420388055555556
"645",645,0.420823888888889
"646",646,0.421240833333333
"647",647,0.421636111111111
"648",648,0.422012777777778
"649",649,0.422371666666667
"650",650,0.422712777777778
"651",651,0.4230225
"652",652,0.423309444444444
"653",653,0.423571944444444
"654",654,0.423803333333333
"655",655,0.424015
"656",656,0.424205833333333
"657",657,0.424374166666667
"658",658,0.424513055555556
"659",659,0.4246425
"660",660,0.424760555555556
"661",661,0.424856388888889
"662",662,0.424934722222222
"663",663,0.424995
"664",664,0.425028333333333
"665",665,0.425059444444444
"666",666,0.425077222222222
"667",667,0.425088055555556
"668",668,0.425091111111111
"669",669,0.425078888888889
"670",670,0.425051666666667
"671",671,0.425015277777778
"672",672,0.424974722222222
"673",673,0.424906666666667
"674",674,0.424820833333333
"675",675,0.424725277777778
"676",676,0.424613611111111
"677",677,0.424479166666667
"678",678,0.424336944444444
"679",679,0.424165277777778
"680",680,0.423962777777778
"681",681,0.423743055555556
"682",682,0.423505
"683",683,0.423244444444444
"684",684,0.422956388888889
"685",685,0.422653333333333
"686",686,0.422324444444444
"687",687,0.421990555555556
"688",688,0.421640833333333
"689",689,0.421282777777778
"690",690,0.420906111111111
"691",691,0.420540277777778
"692",692,0.420172222222222
"693",693,0.419801666666667
"694",694,0.419437222222222
"695",695,0.4190675
"696",696,0.418690555555556
"697",697,0.418318333333333
"698",698,0.417954166666667
"699",699,0.417575277777778
"700",700,0.417200277777778
"701",701,0.416795
"702",702,0.416370277777778
"703",703,0.415939722222222
"704",704,0.415488888888889
"705",705,0.415036111111111
"706",706,0.414583055555556
"707",707,0.414105
"708",708,0.413611388888889
"709",709,0.413104722222222
"710",710,0.412581388888889
"711",711,0.412042222222222
"712",712,0.411483888888889
"713",713,0.410913333333333
"714",714,0.410322222222222
"715",715,0.409725555555556
"716",716,0.409117222222222
"717",717,0.408508611111111
"718",718,0.407892777777778
"719",719,0.407276944444444
"720",720,0.406657777777778
"721",721,0.406046666666667
"722",722,0.4054225
"723",723,0.404805
"724",724,0.404203611111111
"725",725,0.403586111111111
"726",726,0.4029775
"727",727,0.402373055555556
"728",728,0.401759444444444
"729",729,0.401157222222222
"730",730,0.400561666666667
"731",731,0.399973888888889
"732",732,0.399397222222222
"733",733,0.398833888888889
"734",734,0.398286111111111
"735",735,0.397737222222222
"736",736,0.397170277777778
"737",737,0.396597222222222
"738",738,0.396003888888889
"739",739,0.395408888888889
"740",740,0.394770555555556
"741",741,0.394106388888889
"742",742,0.393414166666667
"743",743,0.392685277777778
"744",744,0.391933611111111
"745",745,0.391153888888889
"746",746,0.390354444444444
"747",747,0.389524444444444
"748",748,0.388686666666667
"749",749,0.387830833333333
"750",750,0.386967777777778
"751",751,0.386088888888889
"752",752,0.385206666666667
"753",753,0.384311944444444
"754",754,0.383414444444444
"755",755,0.382514444444444
"756",756,0.381605277777778
"757",757,0.380679166666667
"758",758,0.379771944444444
"759",759,0.378859722222222
"760",760,0.377968611111111
"761",761,0.377085
"762",762,0.376231111111111
"763",763,0.375389444444444
"764",764,0.374581388888889
"765",765,0.373802222222222
"766",766,0.373053888888889
"767",767,0.372330277777778
"768",768,0.371646111111111
"769",769,0.371001111111111
"770",770,0.370370833333333
"771",771,0.369768055555556
"772",772,0.369184166666667
"773",773,0.368633888888889
"774",774,0.368108333333333
"775",775,0.367605555555556
"776",776,0.367137777777778
"777",777,0.366678611111111
"778",778,0.366253333333333
"779",779,0.365865
"780",780,0.365488333333333
"781",781,0.365146111111111
"782",782,0.364844444444444
"783",783,0.364568611111111
"784",784,0.364316666666667
"785",785,0.364098333333333
"786",786,0.363897777777778
"787",787,0.363731666666667
"788",788,0.363613333333333
"789",789,0.363509444444444
"790",790,0.363431944444444
"791",791,0.363371666666667
"792",792,0.363334444444444
"793",793,0.363315
"794",794,0.363310555555556
"795",795,0.363334722222222
"796",796,0.36339
"797",797,0.363452222222222
"798",798,0.363539722222222
"799",799,0.363633888888889
"800",800,0.363740833333333
"801",801,0.363846666666667
"802",802,0.363958611111111
"803",803,0.364077777777778
"804",804,0.364195833333333
"805",805,0.364327777777778
"806",806,0.364481388888889
"807",807,0.364614166666667
"808",808,0.364753333333333
"809",809,0.364885277777778
"810",810,0.364999722222222
"811",811,0.365112222222222
"812",812,0.365205277777778
"813",813,0.365273333333333
"814",814,0.365350555555556
"815",815,0.365427777777778
"816",816,0.3655025
"817",817,0.365582222222222
"818",818,0.365636666666667
"819",819,0.365666111111111
"820",820,0.365686388888889
"821",821,0.365698611111111
"822",822,0.365688333333333
"823",823,0.365664722222222
"824",824,0.365614166666667
"825",825,0.365530555555556
"826",826,0.365435555555556
"827",827,0.365338888888889
"828",828,0.365198055555556
"829",829,0.365033333333333
"830",830,0.364830555555556
"831",831,0.364584444444444
"832",832,0.364871666666667
"833",833,0.364543055555556
"834",834,0.3641275
"835",835,0.363635833333333
"836",836,0.363088333333333
"837",837,0.362501666666667
"838",838,0.361865833333333
"839",839,0.361210277777778
"840",840,0.360433611111111
"841",841,0.359605277777778
"842",842,0.358692777777778
"843",843,0.357604166666667
"844",844,0.356445833333333
"845",845,0.355280277777778
"846",846,0.353960555555556
"847",847,0.35251
"848",848,0.351008888888889
"849",849,0.349320833333333
"850",850,0.347459444444444
"851",851,0.345493055555556
"852",852,0.343426666666667
"853",853,0.341171944444444
"854",854,0.338815277777778
"855",855,0.336289166666667
"856",856,0.333595555555556
"857",857,0.330751388888889
"858",858,0.327743888888889
"859",859,0.324553888888889
"860",860,0.321218333333333
"861",861,0.317713611111111
"862",862,0.314083055555556
"863",863,0.310295277777778
"864",864,0.306249166666667
"865",865,0.302071388888889
"866",866,0.297721388888889
"867",867,0.293149722222222
"868",868,0.288364444444444
"869",869,0.283447777777778
"870",870,0.278311666666667
"871",871,0.273066111111111
"872",872,0.267721944444444
"873",873,0.262193388888889
"874",874,0.2565645
"875",875,0.250866333333333
"876",876,0.245144722222222
"877",877,0.23932825
"878",878,0.233570472222222
"879",879,0.227752722222222
"880",880,0.221995861111111
"881",881,0.216253416666667
"882",882,0.210457472222222
"883",883,0.204683388888889
"884",884,0.198947972222222
"885",885,0.193361472222222
"886",886,0.187782138888889
"887",887,0.182407194444444
"888",888,0.177105972222222
"889",889,0.172011888888889
"890",890,0.167028638888889
"891",891,0.162252555555556
"892",892,0.157667416666667
"893",893,0.153269583333333
"894",894,0.14906675
"895",895,0.145027222222222
"896",896,0.141259916666667
"897",897,0.13773175
"898",898,0.134389
"899",899,0.131319861111111
"900",900,0.128389583333333
"901",901,0.1256415
"902",902,0.123089805555556
"903",903,0.120737666666667
"904",904,0.118604388888889
"905",905,0.116600555555556
"906",906,0.114809722222222
"907",907,0.113126805555556
"908",908,0.111603527777778
"909",909,0.110188111111111
"910",910,0.108945527777778
"911",911,0.107764111111111
"912",912,0.106664722222222
"913",913,0.105709555555556
"914",914,0.104822388888889
"915",915,0.104020833333333
"916",916,0.103319111111111
"917",917,0.102758027777778
"918",918,0.102187694444444
"919",919,0.101680333333333
"920",920,0.101225861111111
"921",921,0.100769055555556
"922",922,0.100428083333333
"923",923,0.100218805555556
"924",924,0.100018055555556
"925",925,0.0998460833333333
"926",926,0.0997384166666667
"927",927,0.0996508888888889
"928",928,0.0995685277777778
"929",929,0.0995494166666667
"930",930,0.0995670555555556
"931",931,0.0996533333333333
"932",932,0.0997936388888889
"933",933,0.099973
"934",934,0.100202805555556
"935",935,0.100525555555556
"936",936,0.100806861111111
"937",937,0.101092722222222
"938",938,0.101424055555556
"939",939,0.10176275
"940",940,0.102148638888889
"941",941,0.102611916666667
"942",942,0.103044972222222
"943",943,0.1034755
"944",944,0.103937694444444
"945",945,0.104415277777778
"946",946,0.104882972222222
"947",947,0.105407833333333
"948",948,0.105991305555556
"949",949,0.106549194444444
"950",950,0.107115
"951",951,0.107702638888889
"952",952,0.108290777777778
"953",953,0.10890275
"954",954,0.109558611111111
"955",955,0.110203305555556
"956",956,0.110853083333333
"957",957,0.111505722222222
"958",958,0.112173444444444
"959",959,0.112847333333333
"960",960,0.113534111111111
"961",961,0.114241138888889
"962",962,0.114944305555556
"963",963,0.115632305555556
"964",964,0.116354527777778
"965",965,0.117108444444444
"966",966,0.1178515
"967",967,0.118600861111111
"968",968,0.119376694444444
"969",969,0.120128555555556
"970",970,0.120851277777778
"971",971,0.121617
"972",972,0.122397666666667
"973",973,0.123196833333333
"974",974,0.124041416666667
"975",975,0.124856722222222
"976",976,0.125648583333333
"977",977,0.126475916666667
"978",978,0.127310638888889
"979",979,0.128150055555556
"980",980,0.129012472222222
"981",981,0.129938555555556
"982",982,0.130793972222222
"983",983,0.131609055555556
"984",984,0.132458972222222
"985",985,0.133280388888889
"986",986,0.134141611111111
"987",987,0.135061083333333
"988",988,0.135955638888889
"989",989,0.1368465
"990",990,0.137759472222222
"991",991,0.138623833333333
"992",992,0.139442444444444
"993",993,0.140319333333333
"994",994,0.141184027777778
"995",995,0.142079055555556
"996",996,0.143072638888889
"997",997,0.143974972222222
"998",998,0.144820361111111
"999",999,0.14569525
"1000",1000,0.14654125
"1001",1001,0.147389722222222
"1002",1002,0.148276027777778
"1003",1003,0.149174277777778
"1004",1004,0.150047
"1005",1005,0.150893972222222
"1006",1006,0.151755305555556
"1007",1007,0.152642277777778
"1008",1008,0.153486861111111
"1009",1009,0.15431275
"1010",1010,0.155143805555556
"1011",1011,0.155987416666667
"1012",1012,0.15674275
"1013",1013,0.157490305555556
"1014",1014,0.158304166666667
"1015",1015,0.159081527777778
"1016",1016,0.159821916666667
"1017",1017,0.160598222222222
"1018",1018,0.16141125
"1019",1019,0.1621805
"1020",1020,0.162972472222222
"1021",1021,0.163694472222222
"1022",1022,0.164331333333333
"1023",1023,0.165022916666667
"1024",1024,0.165703388888889
"1025",1025,0.166382888888889
"1026",1026,0.167110361111111
"1027",1027,0.16784875
"1028",1028,0.168513666666667
"1029",1029,0.169134666666667
"1030",1030,0.169736138888889
"1031",1031,0.17027325
"1032",1032,0.17085
"1033",1033,0.171392055555556
"1034",1034,0.171985972222222
"1035",1035,0.172653694444444
"1036",1036,0.173255861111111
"1037",1037,0.173859222222222
"1038",1038,0.174458027777778
"1039",1039,0.174940611111111
"1040",1040,0.175462972222222
"1041",1041,0.175953833333333
"1042",1042,0.176383388888889
"1043",1043,0.176863111111111
"1044",1044,0.177344166666667
"1045",1045,0.177832972222222
"1046",1046,0.178383305555556
"1047",1047,0.178878861111111
"1048",1048,0.179356138888889
"1049",1049,0.179792916666667
"1050",1050,0.180259916666667
"1051",1051,0.180697777777778
"1052",1052,0.1811265
"1053",1053,0.181613166666667
"1054",1054,0.182098722222222
"1055",1055,0.182567138888889
"1056",1056,0.183060888888889
"1057",1057,0.183619527777778
"1058",1058,0.18411025
"1059",1059,0.18455675
"1060",1060,0.185035527777778
"1061",1061,0.185480916666667
"1062",1062,0.185968138888889
"1063",1063,0.186520138888889
"1064",1064,0.187061638888889
"1065",1065,0.187610694444444
"1066",1066,0.188133583333333
"1067",1067,0.18865275
"1068",1068,0.189135361111111
"1069",1069,0.189657638888889
"1070",1070,0.190217722222222
"1071",1071,0.190743083333333
"1072",1072,0.191257916666667
"1073",1073,0.191792694444444
"1074",1074,0.192325611111111
"1075",1075,0.192832861111111
"1076",1076,0.193380361111111
"1077",1077,0.193892638888889
"1078",1078,0.194432083333333
"1079",1079,0.194971694444444
"1080",1080,0.19553925
"1081",1081,0.196172555555556
"1082",1082,0.196743694444444
"1083",1083,0.197283527777778
"1084",1084,0.197844555555556
"1085",1085,0.19836
"1086",1086,0.198913555555556
"1087",1087,0.199490444444444
"1088",1088,0.200113888888889
"1089",1089,0.200698222222222
"1090",1090,0.201318972222222
"1091",1091,0.201961
"1092",1092,0.202487166666667
"1093",1093,0.203003944444444
"1094",1094,0.203593444444444
"1095",1095,0.204149694444444
"1096",1096,0.204673805555556
"1097",1097,0.2052575
"1098",1098,0.205888527777778
"1099",1099,0.206445111111111
"1100",1100,0.206976333333333
"1101",1101,0.207541138888889
"1102",1102,0.20808775
"1103",1103,0.208638972222222
"1104",1104,0.20925775
"1105",1105,0.209856305555556
"1106",1106,0.210412
"1107",1107,0.211031111111111
"1108",1108,0.211597583333333
"1109",1109,0.21212475
"1110",1110,0.212709722222222
"1111",1111,0.213296611111111
"1112",1112,0.213883277777778
"1113",1113,0.214548611111111
"1114",1114,0.215146472222222
"1115",1115,0.215691666666667
"1116",1116,0.216255305555556
"1117",1117,0.216838638888889
"1118",1118,0.217420277777778
"1119",1119,0.218097027777778
"1120",1120,0.218748111111111
"1121",1121,0.219340194444444
"1122",1122,0.219930166666667
"1123",1123,0.220472611111111
"1124",1124,0.221007194444444
"1125",1125,0.221581166666667
"1126",1126,0.222212305555556
"1127",1127,0.222777472222222
"1128",1128,0.223334944444444
"1129",1129,0.223881527777778
"1130",1130,0.224390388888889
"1131",1131,0.224908888888889
"1132",1132,0.225453777777778
"1133",1133,0.225909027777778
"1134",1134,0.226390194444444
"1135",1135,0.226891805555556
"1136",1136,0.227399444444444
"1137",1137,0.227961194444444
"1138",1138,0.228458611111111
"1139",1139,0.228885166666667
"1140",1140,0.229234666666667
"1141",1141,0.229635194444444
"1142",1142,0.2300815
"1143",1143,0.230610944444444
"1144",1144,0.231053027777778
"1145",1145,0.231536388888889
"1146",1146,0.231894722222222
"1147",1147,0.2321825
"1148",1148,0.2325575
"1149",1149,0.232961111111111
"1150",1150,0.233389166666667
"1151",1151,0.233790277777778
"1152",1152,0.234084722222222
"1153",1153,0.234349166666667
"1154",1154,0.234661388888889
"1155",1155,0.2349875
"1156",1156,0.235329166666667
"1157",1157,0.235684722222222
"1158",1158,0.2359575
"1159",1159,0.236221111111111
"1160",1160,0.236457777777778
"1161",1161,0.236691944444444
"1162",1162,0.236868888888889
"1163",1163,0.237133055555556
"1164",1164,0.237429166666667
"1165",1165,0.237718055555556
"1166",1166,0.238043888888889
"1167",1167,0.238283611111111
"1168",1168,0.238461944444444
"1169",1169,0.238615833333333
"1170",1170,0.238761111111111
"1171",1171,0.239016944444444
"1172",1172,0.2392275
"1173",1173,0.239386944444444
"1174",1174,0.239618333333333
"1175",1175,0.239789166666667
"1176",1176,0.240004166666667
"1177",1177,0.2403125
"1178",1178,0.240542222222222
"1179",1179,0.24074
"1180",1180,0.240937222222222
"1181",1181,0.241102777777778
"1182",1182,0.241276111111111
"1183",1183,0.241552222222222
"1184",1184,0.241850833333333
"1185",1185,0.242106666666667
"1186",1186,0.242395833333333
"1187",1187,0.242616666666667
"1188",1188,0.242711666666667
"1189",1189,0.242847222222222
"1190",1190,0.243039444444444
"1191",1191,0.243213888888889
"1192",1192,0.243394722222222
"1193",1193,0.243648333333333
"1194",1194,0.243850555555556
"1195",1195,0.244034166666667
"1196",1196,0.244248611111111
"1197",1197,0.244436111111111
"1198",1198,0.244562222222222
"1199",1199,0.244668055555556
"1200",1200,0.244935
"1201",1201,0.245130555555556
"1202",1202,0.245315277777778
"1203",1203,0.245562222222222
"1204",1204,0.245600833333333
"1205",1205,0.245599722222222
"1206",1206,0.245758611111111
"1207",1207,0.245855833333333
"1208",1208,0.245950555555556
"1209",1209,0.246156388888889
"1210",1210,0.246224444444444
"1211",1211,0.246263333333333
"1212",1212,0.246423055555556
"1213",1213,0.246513055555556
"1214",1214,0.246585555555556
"1215",1215,0.2466875
"1216",1216,0.246703611111111
"1217",1217,0.246637222222222
"1218",1218,0.246603611111111
"1219",1219,0.246508888888889
"1220",1220,0.246435555555556
"1221",1221,0.246418888888889
"1222",1222,0.246269444444444
"1223",1223,0.246157777777778
"1224",1224,0.2460575
"1225",1225,0.245815833333333
"1226",1226,0.245630833333333
"1227",1227,0.245393055555556
"1228",1228,0.245051388888889
"1229",1229,0.244746666666667
"1230",1230,0.244421666666667
"1231",1231,0.244105
"1232",1232,0.243814444444444
"1233",1233,0.243418888888889
"1234",1234,0.242916111111111
"1235",1235,0.242402777777778
"1236",1236,0.241757222222222
"1237",1237,0.241175277777778
"1238",1238,0.240598055555556
"1239",1239,0.240078055555556
"1240",1240,0.239481944444444
"1241",1241,0.238854444444444
"1242",1242,0.238167222222222
"1243",1243,0.237439722222222
"1244",1244,0.236746666666667
"1245",1245,0.235983055555556
"1246",1246,0.235213333333333
"1247",1247,0.234433611111111
"1248",1248,0.233624722222222
"1249",1249,0.232921944444444
"1250",1250,0.232184722222222
"1251",1251,0.231386944444444
"1252",1252,0.230588333333333
"1253",1253,0.229767777777778
"1254",1254,0.229025
"1255",1255,0.228306666666667
"1256",1256,0.227562222222222
"1257",1257,0.226827222222222
"1258",1258,0.226085833333333
"1259",1259,0.225303638888889
"1260",1260,0.224593916666667
"1261",1261,0.223939861111111
"1262",1262,0.223221527777778
"1263",1263,0.22252975
"1264",1264,0.221753555555556
"1265",1265,0.220885888888889
"1266",1266,0.220130111111111
"1267",1267,0.21929275
"1268",1268,0.218538083333333
"1269",1269,0.217964222222222
"1270",1270,0.21740375
"1271",1271,0.216953111111111
"1272",1272,0.216435777777778
"1273",1273,0.215819777777778
"1274",1274,0.215194638888889
"1275",1275,0.21453275
"1276",1276,0.213967944444444
"1277",1277,0.213496444444444
"1278",1278,0.213014527777778
"1279",1279,0.212564916666667
"1280",1280,0.212186583333333
"1281",1281,0.211759388888889
"1282",1282,0.211265638888889
"1283",1283,0.210892416666667
"1284",1284,0.210529333333333
"1285",1285,0.210225222222222
"1286",1286,0.210120444444444
"1287",1287,0.209800916666667
"1288",1288,0.209443444444444
"1289",1289,0.209012638888889
"1290",1290,0.208427027777778
"1291",1291,0.207846
"1292",1292,0.207379388888889
"1293",1293,0.206891333333333
"1294",1294,0.206412027777778
"1295",1295,0.2059765
"1296",1296,0.205423916666667
"1297",1297,0.204837694444444
"1298",1298,0.204270583333333
"1299",1299,0.203544888888889
"1300",1300,0.202856305555556
"1301",1301,0.202213055555556
"1302",1302,0.20147025
"1303",1303,0.200824305555556
"1304",1304,0.200190138888889
"1305",1305,0.199439
"1306",1306,0.198766888888889
"1307",1307,0.198108111111111
"1308",1308,0.197406861111111
"1309",1309,0.196773
"1310",1310,0.196154722222222
"1311",1311,0.195578444444444
"1312",1312,0.194998694444444
"1313",1313,0.194391444444444
"1314",1314,0.193844583333333
"1315",1315,0.193301722222222
"1316",1316,0.192802361111111
"1317",1317,0.192400611111111
"1318",1318,0.192025194444444
"1319",1319,0.191672722222222
"1320",1320,0.191337722222222
"1321",1321,0.191064138888889
"1322",1322,0.190753722222222
"1323",1323,0.190371805555556
"1324",1324,0.190017722222222
"1325",1325,0.189559666666667
"1326",1326,0.188977555555556
"1327",1327,0.188458194444444
"1328",1328,0.187937166666667
"1329",1329,0.187473722222222
"1330",1330,0.187084388888889
"1331",1331,0.186701444444444
"1332",1332,0.186277027777778
"1333",1333,0.1857995
"1334",1334,0.185287277777778
"1335",1335,0.184647333333333
"1336",1336,0.184060472222222
"1337",1337,0.183471833333333
"1338",1338,0.182906083333333
"1339",1339,0.182556138888889
"1340",1340,0.182119027777778
"1341",1341,0.181626194444444
"1342",1342,0.181166361111111
"1343",1343,0.180617138888889
"1344",1344,0.180024277777778
"1345",1345,0.179513277777778
"1346",1346,0.179145805555556
"1347",1347,0.178617305555556
"1348",1348,0.178006444444444
"1349",1349,0.177454111111111
"1350",1350,0.176756888888889
"1351",1351,0.176264583333333
"1352",1352,0.175934638888889
"1353",1353,0.175554666666667
"1354",1354,0.175333388888889
"1355",1355,0.174970444444444
"1356",1356,0.174503638888889
"1357",1357,0.174128305555556
"1358",1358,0.173725333333333
"1359",1359,0.173287444444444
"1360",1360,0.172843638888889
"1361",1361,0.172446916666667
"1362",1362,0.172024527777778
"1363",1363,0.171643083333333
"1364",1364,0.17150425
"1365",1365,0.171132833333333
"1366",1366,0.170513611111111
"1367",1367,0.170125861111111
"1368",1368,0.169776805555556
"1369",1369,0.169108416666667
"1370",1370,0.168660638888889
"1371",1371,0.168282944444444
"1372",1372,0.167844527777778
"1373",1373,0.167307055555556
"1374",1374,0.166715388888889
"1375",1375,0.166202416666667
"1376",1376,0.165626527777778
"1377",1377,0.165068333333333
"1378",1378,0.16477025
"1379",1379,0.164454222222222
"1380",1380,0.164008833333333
"1381",1381,0.163563222222222
"1382",1382,0.162968527777778
"1383",1383,0.162303444444444
"1384",1384,0.161709277777778
"1385",1385,0.16133725
"1386",1386,0.160992527777778
"1387",1387,0.160568166666667
"1388",1388,0.160106694444444
"1389",1389,0.159383333333333
"1390",1390,0.158665
"1391",1391,0.158076916666667
"1392",1392,0.157528861111111
"1393",1393,0.15705825
"1394",1394,0.156637555555556
"1395",1395,0.156353416666667
"1396",1396,0.155861138888889
"1397",1397,0.155335166666667
"1398",1398,0.154763055555556
"1399",1399,0.153953416666667
"1400",1400,0.153406861111111
"1401",1401,0.153011027777778
"1402",1402,0.152535166666667
"1403",1403,0.152189277777778
"1404",1404,0.151674833333333
"1405",1405,0.151080166666667
"1406",1406,0.150440638888889
"1407",1407,0.149617944444444
"1408",1408,0.148926972222222
"1409",1409,0.148189305555556
"1410",1410,0.147580166666667
"1411",1411,0.147266166666667
"1412",1412,0.146668944444444
"1413",1413,0.145877111111111
"1414",1414,0.145297333333333
"1415",1415,0.144617333333333
"1416",1416,0.144062055555556
"1417",1417,0.143790861111111
"1418",1418,0.14337925
"1419",1419,0.143047333333333
"1420",1420,0.142430083333333
"1421",1421,0.141540722222222
"1422",1422,0.140901138888889
"1423",1423,0.140171277777778
"1424",1424,0.139433222222222
"1425",1425,0.138888638888889
"1426",1426,0.138309027777778
"1427",1427,0.137567472222222
"1428",1428,0.136912888888889
"1429",1429,0.136596777777778
"1430",1430,0.135878388888889
"1431",1431,0.13476875
"1432",1432,0.1339245
"1433",1433,0.132884194444444
"1434",1434,0.132184222222222
"1435",1435,0.132130805555556
"1436",1436,0.131393194444444
"1437",1437,0.130222666666667
"1438",1438,0.129433472222222
"1439",1439,0.128245777777778
"1440",1440,0.127632194444444
"1441",1441,0.127989361111111
"1442",1442,0.127641972222222
"1443",1443,0.127174944444444
"1444",1444,0.126548555555556
"1445",1445,0.125385222222222
"1446",1446,0.124544916666667
"1447",1447,0.12372975
"1448",1448,0.123057472222222
"1449",1449,0.122795361111111
"1450",1450,0.122089888888889
"1451",1451,0.121152555555556
"1452",1452,0.120343638888889
"1453",1453,0.119038444444444
"1454",1454,0.118352972222222
"1455",1455,0.118400388888889
"1456",1456,0.117975277777778
"1457",1457,0.117801888888889
"1458",1458,0.117170861111111
"1459",1459,0.115687861111111
"1460",1460,0.114920055555556
"1461",1461,0.114388888888889
"1462",1462,0.113806055555556
"1463",1463,0.113871861111111
"1464",1464,0.113282916666667
"1465",1465,0.111990388888889
"1466",1466,0.111184222222222
"1467",1467,0.110179583333333
"1468",1468,0.109569527777778
"1469",1469,0.109653083333333
"1470",1470,0.109295416666667
"1471",1471,0.109055611111111
"1472",1472,0.108487194444444
"1473",1473,0.107276583333333
"1474",1474,0.106612388888889
"1475",1475,0.106142361111111
"1476",1476,0.105453138888889
"1477",1477,0.104895277777778
"1478",1478,0.104468277777778
"1479",1479,0.103811
"1480",1480,0.103457083333333
"1481",1481,0.104034611111111
"1482",1482,0.103453111111111
"1483",1483,0.101752138888889
"1484",1484,0.101087666666667
"1485",1485,0.100125138888889
"1486",1486,0.0997825
"1487",1487,0.100875666666667
"1488",1488,0.101068083333333
"1489",1489,0.1009615
"1490",1490,0.100818916666667
"1491",1491,0.100467138888889
"1492",1492,0.100129361111111
"1493",1493,0.0997196111111111
"1494",1494,0.0989645833333333
"1495",1495,0.0976009444444444
"1496",1496,0.09725425
"1497",1497,0.0972561944444444
"1498",1498,0.0974786944444444
"1499",1499,0.0989384444444444
"1500",1500,0.0989675833333333
"1501",1501,0.0979693888888889
"1502",1502,0.0402888055611111
"1503",1503,0.0374494638916667
"1504",1504,0.0371349611111111
"1505",1505,0.0428160888888889
"1506",1506,0.0456039166666667
"1507",1507,0.04531025
"1508",1508,0.0434464444444444
"1509",1509,0.0428388888888889
"1510",1510,0.0442970277777778
"1511",1511,0.0465139166666667
"1512",1512,0.0451758333333333
"1513",1513,0.0431610277777778
"1514",1514,0.0424210833333333
"1515",1515,0.0446899444444444
"1516",1516,0.0462163333333333
"1517",1517,0.0455314722222222
"1518",1518,0.0426045277777778
"1519",1519,0.0439031111111111
"1520",1520,0.0448755
"1521",1521,0.0424471666666667
"1522",1522,0.0406265277777778
"1523",1523,0.0395993055555556
"1524",1524,0.0401366944444444
"1525",1525,0.0449516944444444
"1526",1526,0.0444994444444444
"1527",1527,0.0401333333333333
"1528",1528,0.0392565833333333
"1529",1529,0.0414321944444444
"1530",1530,0.0438074444444444
"1531",1531,0.0434139444444444
"1532",1532,0.0416559722222222
"1533",1533,0.0423159444444444
"1534",1534,0.0464224166666667
"1535",1535,0.0477382777777778
"1536",1536,0.0446681111111111
"1537",1537,0.0402116666666667
"1538",1538,0.0446946944444444
"1539",1539,0.0478529166666667
"1540",1540,0.0475991944444444
"1541",1541,0.0453999722222222
"1542",1542,0.0449442222222222
"1543",1543,0.0454417777777778
"1544",1544,0.0453100277777778
"1545",1545,0.0451558055555556
"1546",1546,0.0453925277777778
"1547",1547,0.0459935555555556
"1548",1548,0.0456387777777778
"1549",1549,0.0465149722222222
"1550",1550,0.0484748611111111
"1551",1551,0.0486030833333333
"1552",1552,0.0487919166666667
"1553",1553,0.0487430555555556
"1554",1554,0.0475354722222222
"1555",1555,0.0488035277777778
"1556",1556,0.0501649166666667
"1557",1557,0.0492561111111111
"1558",1558,0.0493038611111111
"1559",1559,0.0502708055555556
"1560",1560,0.0514224166666667
"1561",1561,0.0508885277777778
"1562",1562,0.0507489166666667
"1563",1563,0.0512897777777778
"1564",1564,0.0512408055555556
"1565",1565,0.051233
"1566",1566,0.0515629722222222
"1567",1567,0.0523411666666667
"1568",1568,0.0523170555555556
"1569",1569,0.0521598611111111
"1570",1570,0.0525051944444444
"1571",1571,0.0524743888888889
"1572",1572,0.0527587222222222
"1573",1573,0.0535186388888889
"1574",1574,0.0539159166666667
"1575",1575,0.0537578333333333
"1576",1576,0.0534975555555556
"1577",1577,0.0541896666666667
"1578",1578,0.0548710833333333
"1579",1579,0.0552981666666667
"1580",1580,0.0554563333333333
"1581",1581,0.0553401111111111
"1582",1582,0.0554150555555556
"1583",1583,0.0559094166666667
"1584",1584,0.0560575555555556
"1585",1585,0.0562260277777778
"1586",1586,0.0565239444444444
"1587",1587,0.0565799444444444
"1588",1588,0.0568333055555556
"1589",1589,0.0572038611111111
"1590",1590,0.0572965833333333
"1591",1591,0.0573682222222222
"1592",1592,0.0575219722222222
"1593",1593,0.0578040277777778
"1594",1594,0.05812575
"1595",1595,0.0584223611111111
"1596",1596,0.0586358333333333
"1597",1597,0.0586533888888889
"1598",1598,0.0588257777777778
"1599",1599,0.0592920833333333
"1600",1600,0.06000625
"1601",1601,0.0601874444444444
"1602",1602,0.0600981944444444
"1603",1603,0.0605533888888889
"1604",1604,0.0611275555555556
"1605",1605,0.0614528055555556
"1606",1606,0.0613551388888889
"1607",1607,0.0617283888888889
"1608",1608,0.0621328333333333
"1609",1609,0.0623070833333333
"1610",1610,0.0626725
"1611",1611,0.0628934444444444
"1612",1612,0.0630093611111111
"1613",1613,0.0634584166666667
"1614",1614,0.0636118333333333
"1615",1615,0.0635532777777778
"1616",1616,0.0636424444444444
"1617",1617,0.0639062777777778
"1618",1618,0.0641751666666667
"1619",1619,0.0643320277777778
"1620",1620,0.0646750555555556
"1621",1621,0.0648641944444444
"1622",1622,0.0648291666666667
"1623",1623,0.0650248611111111
"1624",1624,0.0653128333333333
"1625",1625,0.0655998611111111
"1626",1626,0.0657919166666667
"1627",1627,0.0657637777777778
"1628",1628,0.0658031666666667
"1629",1629,0.0662173611111111
"1630",1630,0.0663956111111111
"1631",1631,0.0666330555555556
"1632",1632,0.0671035833333333
"1633",1633,0.06734275
"1634",1634,0.0673621388888889
"1635",1635,0.0672949444444444
"1636",1636,0.0674248055555556
"1637",1637,0.0679703333333333
"1638",1638,0.0686390277777778
"1639",1639,0.0688851666666667
"1640",1640,0.069101
"1641",1641,0.0694741666666667
"1642",1642,0.0700511666666667
"1643",1643,0.0704021111111111
"1644",1644,0.0707449722222222
"1645",1645,0.0712390277777778
"1646",1646,0.0718583055555556
"1647",1647,0.0725328888888889
"1648",1648,0.0732301666666667
"1649",1649,0.0739450555555556
"1650",1650,0.0745831944444444
"1651",1651,0.0753202777777778
"1652",1652,0.0763490277777778
"1653",1653,0.0771311944444444
"1654",1654,0.0778819444444444
"1655",1655,0.0788437777777778
"1656",1656,0.0800253333333333
"1657",1657,0.0812807222222222
"1658",1658,0.0825263611111111
"1659",1659,0.0837241666666667
"1660",1660,0.0851216666666667
"1661",1661,0.0866728611111111
"1662",1662,0.08818125
"1663",1663,0.08970675
"1664",1664,0.0913248055555556
"1665",1665,0.0930794444444445
"1666",1666,0.0948030277777778
"1667",1667,0.0967180277777778
"1668",1668,0.0988833333333333
"1669",1669,0.100986083333333
"1670",1670,0.103005277777778
"1671",1671,0.105032972222222
"1672",1672,0.107284527777778
"1673",1673,0.109498444444444
"1674",1674,0.111656166666667
"1675",1675,0.113805805555556
"1676",1676,0.115964722222222
"1677",1677,0.118065333333333
"1678",1678,0.120066611111111
"1679",1679,0.122072361111111
"1680",1680,0.123988722222222
"1681",1681,0.125788
"1682",1682,0.127542527777778
"1683",1683,0.129109527777778
"1684",1684,0.130548638888889
"1685",1685,0.132017694444444
"1686",1686,0.133303944444444
"1687",1687,0.134481555555556
"1688",1688,0.135628944444444
"1689",1689,0.136537777777778
"1690",1690,0.13744325
"1691",1691,0.138425166666667
"1692",1692,0.139225305555556
"1693",1693,0.139958444444444
"1694",1694,0.140655555555556
"1695",1695,0.141304611111111
"1696",1696,0.141972694444444
"1697",1697,0.1426155
"1698",1698,0.143175777777778
"1699",1699,0.143776611111111
"1700",1700,0.144346055555556
"1701",1701,0.144843166666667
"1702",1702,0.145385472222222
"1703",1703,0.145856694444444
"1704",1704,0.146235972222222
"1705",1705,0.146613694444444
"1706",1706,0.146900805555556
"1707",1707,0.14710775
"1708",1708,0.147266972222222
"1709",1709,0.147225
"1710",1710,0.147055472222222
"1711",1711,0.146849
"1712",1712,0.146613472222222
"1713",1713,0.146252805555556
"1714",1714,0.145764277777778
"1715",1715,0.145313361111111
"1716",1716,0.144739555555556
"1717",1717,0.144035055555556
"1718",1718,0.143269916666667
"1719",1719,0.142458638888889
"1720",1720,0.141598916666667
"1721",1721,0.140682444444444
"1722",1722,0.139673472222222
"1723",1723,0.138664333333333
"1724",1724,0.137711666666667
"1725",1725,0.136796555555556
"1726",1726,0.135850972222222
"1727",1727,0.134910111111111
"1728",1728,0.134092194444444
"1729",1729,0.133285555555556
"1730",1730,0.132534444444444
"1731",1731,0.131906777777778
"1732",1732,0.131307
"1733",1733,0.130751361111111
"1734",1734,0.130245694444444
"1735",1735,0.129718222222222
"1736",1736,0.129211916666667
"1737",1737,0.128752611111111
"1738",1738,0.1283495
"1739",1739,0.127996555555556
"1740",1740,0.127685916666667
"1741",1741,0.127398638888889
"1742",1742,0.1270775
"1743",1743,0.126828611111111
"1744",1744,0.126712194444444
"1745",1745,0.126547611111111
"1746",1746,0.1263445
"1747",1747,0.126155166666667
"1748",1748,0.126108833333333
"1749",1749,0.126086472222222
"1750",1750,0.126056083333333
"1751",1751,0.126019888888889
"1752",1752,0.125908277777778
"1753",1753,0.125858055555556
"1754",1754,0.125948388888889
"1755",1755,0.125792972222222
"1756",1756,0.1256725
"1757",1757,0.125670111111111
"1758",1758,0.125487916666667
"1759",1759,0.125267805555556
"1760",1760,0.125046972222222
"1761",1761,0.124827777777778
"1762",1762,0.124556333333333
"1763",1763,0.124262777777778
"1764",1764,0.123975666666667
"1765",1765,0.123614027777778
"1766",1766,0.123285138888889
"1767",1767,0.123013388888889
"1768",1768,0.122659527777778
"1769",1769,0.122284472222222
"1770",1770,0.121942222222222
"1771",1771,0.121694333333333
"1772",1772,0.121416972222222
"1773",1773,0.121154055555556
"1774",1774,0.120973833333333
"1775",1775,0.120861166666667
"1776",1776,0.120763777777778
"1777",1777,0.120670416666667
"1778",1778,0.120665138888889
"1779",1779,0.120705472222222
"1780",1780,0.120763305555556
"1781",1781,0.120810833333333
"1782",1782,0.120882138888889
"1783",1783,0.120915472222222
"1784",1784,0.12086425
"1785",1785,0.120906694444444
"1786",1786,0.120867472222222
"1787",1787,0.120656305555556
"1788",1788,0.120441305555556
"1789",1789,0.120110611111111
"1790",1790,0.119638222222222
"1791",1791,0.119055027777778
"1792",1792,0.118461694444444
"1793",1793,0.117816722222222
"1794",1794,0.117060472222222
"1795",1795,0.116290027777778
"1796",1796,0.115570638888889
"1797",1797,0.114897666666667
"1798",1798,0.114093805555556
"1799",1799,0.113358944444444
"1800",1800,0.112741833333333
"1801",1801,0.112156972222222
"1802",1802,0.111679361111111
"1803",1803,0.111307638888889
"1804",1804,0.111023861111111
"1805",1805,0.11083975
"1806",1806,0.110697166666667
"1807",1807,0.110531388888889
"1808",1808,0.110287666666667
"1809",1809,0.110019944444444
"1810",1810,0.109731666666667
"1811",1811,0.109378722222222
"1812",1812,0.10893075
"1813",1813,0.108402444444444
"1814",1814,0.107838833333333
"1815",1815,0.107332444444444
"1816",1816,0.106889
"1817",1817,0.106489444444444
"1818",1818,0.10608625
"1819",1819,0.105778333333333
"1820",1820,0.105588361111111
"1821",1821,0.105465416666667
"1822",1822,0.10543425
"1823",1823,0.105495944444444
"1824",1824,0.105648916666667
"1825",1825,0.105924722222222
"1826",1826,0.106302888888889
"1827",1827,0.10676075
"1828",1828,0.107261166666667
"1829",1829,0.107889694444444
"1830",1830,0.108632
"1831",1831,0.109398861111111
"1832",1832,0.11036675
"1833",1833,0.111512416666667
"1834",1834,0.112773333333333
"1835",1835,0.114249138888889
"1836",1836,0.115927055555556
"1837",1837,0.117830611111111
"1838",1838,0.120067361111111
"1839",1839,0.122643111111111
"1840",1840,0.125565666666667
"1841",1841,0.128836805555556
"1842",1842,0.132578166666667
"1843",1843,0.136768694444444
"1844",1844,0.141369638888889
"1845",1845,0.146440805555556
"1846",1846,0.151955888888889
"1847",1847,0.157870805555556
"1848",1848,0.164140805555556
"1849",1849,0.170728888888889
"1850",1850,0.177563888888889
"1851",1851,0.184550833333333
"1852",1852,0.191788888888889
"1853",1853,0.199164166666667
"1854",1854,0.206552777777778
"1855",1855,0.2139675
"1856",1856,0.221390555555556
"1857",1857,0.228795833333333
"1858",1858,0.236151388888889
"1859",1859,0.243500555555556
"1860",1860,0.2508275
"1861",1861,0.258098611111111
"1862",1862,0.265395
"1863",1863,0.272710555555556
"1864",1864,0.280022777777778
"1865",1865,0.287352222222222
"1866",1866,0.294714444444444
"1867",1867,0.302103333333333
"1868",1868,0.309483333333333
"1869",1869,0.316896666666667
"1870",1870,0.3243275
"1871",1871,0.331740833333333
"1872",1872,0.339143055555556
"1873",1873,0.346534166666667
"1874",1874,0.353896388888889
"1875",1875,0.361163888888889
"1876",1876,0.3683825
"1877",1877,0.375544444444444
"1878",1878,0.382581944444444
"1879",1879,0.389513055555556
"1880",1880,0.396307222222222
"1881",1881,0.402938333333333
"1882",1882,0.409433611111111
"1883",1883,0.4157625
"1884",1884,0.421890555555556
"1885",1885,0.427842222222222
"1886",1886,0.433588888888889
"1887",1887,0.439135
"1888",1888,0.444510277777778
"1889",1889,0.449660833333333
"1890",1890,0.454592777777778
"1891",1891,0.4593175
"1892",1892,0.463794722222222
"1893",1893,0.468080277777778
"1894",1894,0.472195
"1895",1895,0.476072222222222
"1896",1896,0.479719444444444
"1897",1897,0.483142222222222
"1898",1898,0.486361388888889
"1899",1899,0.489389166666667
"1900",1900,0.492241666666667
"1901",1901,0.494923333333333
"1902",1902,0.497386388888889
"1903",1903,0.499701666666667
"1904",1904,0.501905277777778
"1905",1905,0.504
"1906",1906,0.505948055555556
"1907",1907,0.507763333333333
"1908",1908,0.50948
"1909",1909,0.511087222222222
"1910",1910,0.512615277777778
"1911",1911,0.514085
"1912",1912,0.515461944444444
"1913",1913,0.516773055555556
"1914",1914,0.518021388888889
"1915",1915,0.5191925
"1916",1916,0.520300833333333
"1917",1917,0.521362222222222
"1918",1918,0.522390277777778
"1919",1919,0.523373333333333
"1920",1920,0.524328888888889
"1921",1921,0.52526
"1922",1922,0.526153611111111
"1923",1923,0.527050277777778
"1924",1924,0.5279375
"1925",1925,0.528779444444444
"1926",1926,0.529603055555556
"1927",1927,0.530422777777778
"1928",1928,0.53125
"1929",1929,0.532098611111111
"1930",1930,0.532921111111111
"1931",1931,0.533718611111111
"1932",1932,0.5345625
"1933",1933,0.535401666666667
"1934",1934,0.536226666666667
"1935",1935,0.537046388888889
"1936",1936,0.537874722222222
"1937",1937,0.538691666666667
"1938",1938,0.539491944444444
"1939",1939,0.540309166666667
"1940",1940,0.541140555555556
"1941",1941,0.541971666666667
"1942",1942,0.542778055555556
"1943",1943,0.543589722222222
"1944",1944,0.544398333333333
"1945",1945,0.5452
"1946",1946,0.546023888888889
"1947",1947,0.546810277777778
"1948",1948,0.547565277777778
"1949",1949,0.5484075
"1950",1950,0.549226666666667
"1951",1951,0.550009722222222
"1952",1952,0.550789166666667
"1953",1953,0.551593333333333
"1954",1954,0.552393333333333
"1955",1955,0.553176111111111
"1956",1956,0.553970277777778
"1957",1957,0.554758611111111
"1958",1958,0.555535277777778
"1959",1959,0.556311666666667
"1960",1960,0.557082777777778
"1961",1961,0.557832777777778
"1962",1962,0.558555833333333
"1963",1963,0.559308888888889
"1964",1964,0.560061111111111
"1965",1965,0.560799722222222
"1966",1966,0.561540277777778
"1967",1967,0.562275
"1968",1968,0.563018888888889
"1969",1969,0.563776388888889
"1970",1970,0.564473333333333
"1971",1971,0.565167777777778
"1972",1972,0.565898888888889
"1973",1973,0.566606111111111
"1974",1974,0.567303333333333
"1975",1975,0.568
"1976",1976,0.568705833333333
"1977",1977,0.569358055555556
"1978",1978,0.569986666666667
"1979",1979,0.570624166666667
"1980",1980,0.571233888888889
"1981",1981,0.571837777777778
"1982",1982,0.572449722222222
"1983",1983,0.573081944444444
"1984",1984,0.573660555555556
"1985",1985,0.574243888888889
"1986",1986,0.574908333333333
"1987",1987,0.575535
"1988",1988,0.576169444444444
"1989",1989,0.5768375
"1990",1990,0.577481111111111
"1991",1991,0.578122222222222
"1992",1992,0.578761944444444
"1993",1993,0.579394444444444
"1994",1994,0.580041666666667
"1995",1995,0.580670277777778
"1996",1996,0.581265555555556
"1997",1997,0.581924166666667
"1998",1998,0.582560833333333
"1999",1999,0.583169166666667
"2000",2000,0.583821111111111
"2001",2001,0.584459444444444
"2002",2002,0.5850575
"2003",2003,0.585616111111111
"2004",2004,0.586218611111111
"2005",2005,0.586856111111111
"2006",2006,0.587502777777778
"2007",2007,0.588130277777778
"2008",2008,0.588718333333333
"2009",2009,0.589295
"2010",2010,0.589899166666667
"2011",2011,0.590480277777778
"2012",2012,0.591085833333333
"2013",2013,0.591724444444444
"2014",2014,0.592305555555556
"2015",2015,0.592885277777778
"2016",2016,0.593483333333333
"2017",2017,0.594105833333333
"2018",2018,0.594736666666667
"2019",2019,0.595336111111111
"2020",2020,0.595896111111111
"2021",2021,0.596528888888889
"2022",2022,0.597138333333333
"2023",2023,0.597725833333333
"2024",2024,0.598391666666667
"2025",2025,0.599005555555556
"2026",2026,0.599615277777778
"2027",2027,0.600280833333333
"2028",2028,0.600943055555556
"2029",2029,0.601584166666667
"2030",2030,0.602201944444444
"2031",2031,0.602806944444444
"2032",2032,0.603428611111111
"2033",2033,0.604065833333333
"2034",2034,0.604708611111111
"2035",2035,0.605369722222222
"2036",2036,0.606035833333333
"2037",2037,0.606691111111111
"2038",2038,0.607286111111111
"2039",2039,0.607925555555556
"2040",2040,0.608588055555556
"2041",2041,0.609209166666667
"2042",2042,0.609902777777778
"2043",2043,0.610599722222222
"2044",2044,0.611239722222222
"2045",2045,0.611863055555556
"2046",2046,0.612480555555556
"2047",2047,0.613111388888889
"2048",2048,0.613769444444444
"2049",2049,0.614411111111111
"2050",2050,0.6150225
"2051",2051,0.615607777777778
"2052",2052,0.616213333333333
"2053",2053,0.616842222222222
"2054",2054,0.617488611111111
"2055",2055,0.618134722222222
"2056",2056,0.618710555555556
"2057",2057,0.619259166666667
"2058",2058,0.619835833333333
"2059",2059,0.620389722222222
"2060",2060,0.620948055555556
"2061",2061,0.621529444444444
"2062",2062,0.6221275
"2063",2063,0.622685555555556
"2064",2064,0.623209444444444
"2065",2065,0.623727777777778
"2066",2066,0.624258333333333
"2067",2067,0.624776944444444
"2068",2068,0.625266944444444
"2069",2069,0.625706388888889
"2070",2070,0.626155
"2071",2071,0.626593333333333
"2072",2072,0.626977222222222
"2073",2073,0.627298055555556
"2074",2074,0.627638055555556
"2075",2075,0.628020833333333
"2076",2076,0.6283375
"2077",2077,0.628591944444444
"2078",2078,0.628829444444444
"2079",2079,0.629103333333333
"2080",2080,0.629179722222222
"2081",2081,0.629207777777778
"2082",2082,0.629304444444444
"2083",2083,0.629428055555556
"2084",2084,0.629495277777778
"2085",2085,0.629524444444444
"2086",2086,0.629580555555556
"2087",2087,0.629537222222222
"2088",2088,0.629421111111111
"2089",2089,0.629274722222222
"2090",2090,0.62911
"2091",2091,0.628926111111111
"2092",2092,0.628719444444444
"2093",2093,0.628481388888889
"2094",2094,0.628235
"2095",2095,0.627951944444444
"2096",2096,0.627602777777778
"2097",2097,0.627185555555556
"2098",2098,0.626738611111111
"2099",2099,0.626233611111111
"2100",2100,0.625595277777778
"2101",2101,0.624885555555556
"2102",2102,0.624071111111111
"2103",2103,0.623154444444444
"2104",2104,0.622301388888889
"2105",2105,0.621415277777778
"2106",2106,0.620474722222222
"2107",2107,0.619525555555556
"2108",2108,0.6185675
"2109",2109,0.617653333333333
"2110",2110,0.6168525
"2111",2111,0.616293333333333
"2112",2112,0.615756111111111
"2113",2113,0.615248055555556
"2114",2114,0.614970833333333
"2115",2115,0.614785
"2116",2116,0.614628888888889
"2117",2117,0.6144725
"2118",2118,0.614333055555556
"2119",2119,0.614296944444444
"2120",2120,0.614386388888889
"2121",2121,0.614564444444444
"2122",2122,0.614663888888889
"2123",2123,0.614788611111111
"2124",2124,0.615021111111111
"2125",2125,0.615154444444444
"2126",2126,0.615243611111111
"2127",2127,0.615404722222222
"2128",2128,0.615787222222222
"2129",2129,0.616101666666667
"2130",2130,0.616418611111111
"2131",2131,0.616812222222222
"2132",2132,0.617093333333333
"2133",2133,0.617483055555556
"2134",2134,0.617986388888889
"2135",2135,0.618425555555556
"2136",2136,0.618908611111111
"2137",2137,0.619448055555556
"2138",2138,0.620010277777778
"2139",2139,0.620423888888889
"2140",2140,0.621068888888889
"2141",2141,0.621852222222222
"2142",2142,0.622332222222222
"2143",2143,0.622913888888889
"2144",2144,0.623575277777778
"2145",2145,0.624251666666667
"2146",2146,0.624986111111111
"2147",2147,0.625677777777778
"2148",2148,0.626376944444444
"2149",2149,0.627228333333333
"2150",2150,0.627905277777778
"2151",2151,0.628570277777778
