"","wavelength","haz_mean_reflectance"
"1",1,0.451715
"2",2,0.451495
"3",3,0.4513
"4",4,0.45137
"5",5,0.45161
"6",6,0.451675
"7",7,0.451785
"8",8,0.45187
"9",9,0.45187
"10",10,0.451765
"11",11,0.451925
"12",12,0.451985
"13",13,0.451775
"14",14,0.451705
"15",15,0.451695
"16",16,0.45159
"17",17,0.45165
"18",18,0.451935
"19",19,0.45209
"20",20,0.452265
"21",21,0.452395
"22",22,0.45254
"23",23,0.452565
"24",24,0.452555
"25",25,0.45259
"26",26,0.452755
"27",27,0.45293
"28",28,0.45293
"29",29,0.45292
"30",30,0.45289
"31",31,0.45264
"32",32,0.452595
"33",33,0.45272
"34",34,0.45273
"35",35,0.4527
"36",36,0.45272
"37",37,0.4528
"38",38,0.452805
"39",39,0.452815
"40",40,0.452935
"41",41,0.45286
"42",42,0.45281
"43",43,0.45286
"44",44,0.452845
"45",45,0.452955
"46",46,0.453015
"47",47,0.453025
"48",48,0.452985
"49",49,0.45295
"50",50,0.45291
"51",51,0.453
"52",52,0.453135
"53",53,0.45321
"54",54,0.453175
"55",55,0.453105
"56",56,0.453125
"57",57,0.453245
"58",58,0.45327
"59",59,0.45322
"60",60,0.45312
"61",61,0.45303
"62",62,0.45284
"63",63,0.452805
"64",64,0.452855
"65",65,0.45295
"66",66,0.453005
"67",67,0.452905
"68",68,0.452915
"69",69,0.452905
"70",70,0.452785
"71",71,0.452815
"72",72,0.45289
"73",73,0.452865
"74",74,0.45284
"75",75,0.452765
"76",76,0.45272
"77",77,0.452605
"78",78,0.45252
"79",79,0.452435
"80",80,0.452465
"81",81,0.452515
"82",82,0.45244
"83",83,0.45237
"84",84,0.45236
"85",85,0.452305
"86",86,0.45216
"87",87,0.45217
"88",88,0.45222
"89",89,0.4522
"90",90,0.45223
"91",91,0.45219
"92",92,0.45203
"93",93,0.451945
"94",94,0.45188
"95",95,0.45176
"96",96,0.451715
"97",97,0.451685
"98",98,0.45158
"99",99,0.451515
"100",100,0.451405
"101",101,0.451285
"102",102,0.451265
"103",103,0.45123
"104",104,0.4512
"105",105,0.45124
"106",106,0.45123
"107",107,0.451205
"108",108,0.45113
"109",109,0.45103
"110",110,0.450915
"111",111,0.450735
"112",112,0.45061
"113",113,0.45044
"114",114,0.45034
"115",115,0.450305
"116",116,0.45021
"117",117,0.45014
"118",118,0.450045
"119",119,0.449945
"120",120,0.449795
"121",121,0.449675
"122",122,0.44961
"123",123,0.44947
"124",124,0.44927
"125",125,0.44912
"126",126,0.448975
"127",127,0.448805
"128",128,0.4487
"129",129,0.448515
"130",130,0.44818
"131",131,0.447885
"132",132,0.447565
"133",133,0.447185
"134",134,0.44685
"135",135,0.446565
"136",136,0.44618
"137",137,0.445745
"138",138,0.44532
"139",139,0.444855
"140",140,0.444395
"141",141,0.44392
"142",142,0.44345
"143",143,0.44301
"144",144,0.442495
"145",145,0.441945
"146",146,0.441415
"147",147,0.44086
"148",148,0.440315
"149",149,0.439835
"150",150,0.43942
"151",151,0.438985
"152",152,0.43858
"153",153,0.438155
"154",154,0.437695
"155",155,0.43733
"156",156,0.436985
"157",157,0.436695
"158",158,0.43651
"159",159,0.43628
"160",160,0.436045
"161",161,0.435825
"162",162,0.43558
"163",163,0.43538
"164",164,0.43522
"165",165,0.43509
"166",166,0.43496
"167",167,0.434845
"168",168,0.43474
"169",169,0.434625
"170",170,0.434545
"171",171,0.43452
"172",172,0.434435
"173",173,0.43433
"174",174,0.434245
"175",175,0.43412
"176",176,0.43405
"177",177,0.43407
"178",178,0.43402
"179",179,0.43395
"180",180,0.43387
"181",181,0.433765
"182",182,0.433615
"183",183,0.4335
"184",184,0.43338
"185",185,0.433315
"186",186,0.433285
"187",187,0.43322
"188",188,0.433195
"189",189,0.433145
"190",190,0.433065
"191",191,0.43302
"192",192,0.433015
"193",193,0.43298
"194",194,0.43293
"195",195,0.432895
"196",196,0.432835
"197",197,0.43281
"198",198,0.432805
"199",199,0.432815
"200",200,0.432815
"201",201,0.43283
"202",202,0.43284
"203",203,0.43284
"204",204,0.432875
"205",205,0.432935
"206",206,0.432975
"207",207,0.433035
"208",208,0.433075
"209",209,0.4331
"210",210,0.433145
"211",211,0.43317
"212",212,0.433225
"213",213,0.433305
"214",214,0.433385
"215",215,0.43348
"216",216,0.43357
"217",217,0.43366
"218",218,0.433735
"219",219,0.433815
"220",220,0.433885
"221",221,0.43397
"222",222,0.43406
"223",223,0.43415
"224",224,0.43424
"225",225,0.434325
"226",226,0.434395
"227",227,0.434475
"228",228,0.434565
"229",229,0.434645
"230",230,0.434705
"231",231,0.434785
"232",232,0.43488
"233",233,0.43493
"234",234,0.43499
"235",235,0.43507
"236",236,0.43511
"237",237,0.43516
"238",238,0.435215
"239",239,0.43528
"240",240,0.435315
"241",241,0.435345
"242",242,0.435395
"243",243,0.435445
"244",244,0.435495
"245",245,0.43556
"246",246,0.43561
"247",247,0.43565
"248",248,0.435675
"249",249,0.43568
"250",250,0.43571
"251",251,0.435765
"252",252,0.43579
"253",253,0.435795
"254",254,0.435835
"255",255,0.435855
"256",256,0.435865
"257",257,0.435895
"258",258,0.435955
"259",259,0.43596
"260",260,0.435915
"261",261,0.435905
"262",262,0.435875
"263",263,0.435865
"264",264,0.43588
"265",265,0.43587
"266",266,0.43587
"267",267,0.435865
"268",268,0.435835
"269",269,0.43581
"270",270,0.43578
"271",271,0.435745
"272",272,0.435675
"273",273,0.43562
"274",274,0.435575
"275",275,0.4355
"276",276,0.435455
"277",277,0.435405
"278",278,0.43535
"279",279,0.43529
"280",280,0.435245
"281",281,0.435225
"282",282,0.43515
"283",283,0.435055
"284",284,0.434955
"285",285,0.434825
"286",286,0.43471
"287",287,0.434615
"288",288,0.434515
"289",289,0.434405
"290",290,0.43429
"291",291,0.43419
"292",292,0.434065
"293",293,0.43389
"294",294,0.43372
"295",295,0.433535
"296",296,0.433325
"297",297,0.43314
"298",298,0.43297
"299",299,0.432765
"300",300,0.43255
"301",301,0.43236
"302",302,0.43217
"303",303,0.431955
"304",304,0.43175
"305",305,0.431515
"306",306,0.43125
"307",307,0.43097
"308",308,0.43069
"309",309,0.430375
"310",310,0.43002
"311",311,0.429685
"312",312,0.429355
"313",313,0.429015
"314",314,0.42866
"315",315,0.428295
"316",316,0.4279
"317",317,0.427495
"318",318,0.4271
"319",319,0.426675
"320",320,0.42623
"321",321,0.42577
"322",322,0.4253
"323",323,0.424815
"324",324,0.424325
"325",325,0.42382
"326",326,0.423305
"327",327,0.42279
"328",328,0.42223
"329",329,0.421625
"330",330,0.42106
"331",331,0.4205
"332",332,0.419925
"333",333,0.419385
"334",334,0.418815
"335",335,0.41822
"336",336,0.417605
"337",337,0.416985
"338",338,0.41636
"339",339,0.41576
"340",340,0.415195
"341",341,0.41461
"342",342,0.41403
"343",343,0.413425
"344",344,0.412795
"345",345,0.412185
"346",346,0.41161
"347",347,0.411055
"348",348,0.410505
"349",349,0.409945
"350",350,0.40941
"351",351,0.40885
"352",352,0.408255
"353",353,0.4077
"354",354,0.407145
"355",355,0.4066
"356",356,0.40609
"357",357,0.405555
"358",358,0.40502
"359",359,0.40445
"360",360,0.403865
"361",361,0.403265
"362",362,0.40263
"363",363,0.401985
"364",364,0.4013
"365",365,0.400565
"366",366,0.399815
"367",367,0.39899
"368",368,0.398115
"369",369,0.39719
"370",370,0.396195
"371",371,0.395165
"372",372,0.39406
"373",373,0.392875
"374",374,0.39158
"375",375,0.39019
"376",376,0.38869
"377",377,0.38712
"378",378,0.385365
"379",379,0.383475
"380",380,0.38145
"381",381,0.37927
"382",382,0.37694
"383",383,0.374505
"384",384,0.371865
"385",385,0.369045
"386",386,0.36609
"387",387,0.362945
"388",388,0.35969
"389",389,0.356265
"390",390,0.3527
"391",391,0.34905
"392",392,0.345235
"393",393,0.34135
"394",394,0.337405
"395",395,0.333355
"396",396,0.329315
"397",397,0.325215
"398",398,0.32109
"399",399,0.317
"400",400,0.312905
"401",401,0.308885
"402",402,0.304945
"403",403,0.30109
"404",404,0.297295
"405",405,0.293645
"406",406,0.29008
"407",407,0.286675
"408",408,0.283395
"409",409,0.280255
"410",410,0.27725
"411",411,0.27439
"412",412,0.271645
"413",413,0.26908
"414",414,0.26668
"415",415,0.264395
"416",416,0.26226
"417",417,0.26024
"418",418,0.25836
"419",419,0.2566
"420",420,0.254955
"421",421,0.253475
"422",422,0.25206
"423",423,0.25075
"424",424,0.24957
"425",425,0.24845
"426",426,0.24742
"427",427,0.24648
"428",428,0.2456
"429",429,0.244805
"430",430,0.244095
"431",431,0.243455
"432",432,0.24288
"433",433,0.242395
"434",434,0.241945
"435",435,0.241555
"436",436,0.241215
"437",437,0.24092
"438",438,0.240665
"439",439,0.24046
"440",440,0.2403
"441",441,0.24018
"442",442,0.240095
"443",443,0.240055
"444",444,0.24004
"445",445,0.240065
"446",446,0.240105
"447",447,0.240175
"448",448,0.240255
"449",449,0.24033
"450",450,0.240435
"451",451,0.240575
"452",452,0.240725
"453",453,0.24092
"454",454,0.241135
"455",455,0.241345
"456",456,0.24159
"457",457,0.241845
"458",458,0.242115
"459",459,0.242425
"460",460,0.242775
"461",461,0.243175
"462",462,0.24361
"463",463,0.244105
"464",464,0.24462
"465",465,0.24517
"466",466,0.24578
"467",467,0.246435
"468",468,0.247135
"469",469,0.24789
"470",470,0.24872
"471",471,0.249555
"472",472,0.25042
"473",473,0.251325
"474",474,0.252255
"475",475,0.253235
"476",476,0.25429
"477",477,0.255335
"478",478,0.2564
"479",479,0.25748
"480",480,0.25858
"481",481,0.25969
"482",482,0.26083
"483",483,0.26197
"484",484,0.26313
"485",485,0.26429
"486",486,0.265475
"487",487,0.26664
"488",488,0.267815
"489",489,0.268985
"490",490,0.270135
"491",491,0.271315
"492",492,0.27249
"493",493,0.27365
"494",494,0.27483
"495",495,0.276005
"496",496,0.27717
"497",497,0.278335
"498",498,0.279495
"499",499,0.28066
"500",500,0.281805
"501",501,0.28295
"502",502,0.28411
"503",503,0.28524
"504",504,0.28637
"505",505,0.28749
"506",506,0.28858
"507",507,0.289685
"508",508,0.290785
"509",509,0.29188
"510",510,0.29297
"511",511,0.294065
"512",512,0.295135
"513",513,0.2962
"514",514,0.29725
"515",515,0.298285
"516",516,0.29931
"517",517,0.30033
"518",518,0.30135
"519",519,0.30236
"520",520,0.303355
"521",521,0.30434
"522",522,0.305315
"523",523,0.306275
"524",524,0.30723
"525",525,0.308175
"526",526,0.30911
"527",527,0.310025
"528",528,0.31093
"529",529,0.311805
"530",530,0.312685
"531",531,0.31356
"532",532,0.31441
"533",533,0.31526
"534",534,0.31611
"535",535,0.316955
"536",536,0.317775
"537",537,0.318595
"538",538,0.31939
"539",539,0.320155
"540",540,0.320935
"541",541,0.32173
"542",542,0.32249
"543",543,0.323255
"544",544,0.32402
"545",545,0.324765
"546",546,0.325505
"547",547,0.32622
"548",548,0.326915
"549",549,0.32763
"550",550,0.32833
"551",551,0.32902
"552",552,0.329705
"553",553,0.33037
"554",554,0.331005
"555",555,0.331635
"556",556,0.332265
"557",557,0.33289
"558",558,0.333505
"559",559,0.334115
"560",560,0.334725
"561",561,0.33532
"562",562,0.335915
"563",563,0.33649
"564",564,0.337045
"565",565,0.337585
"566",566,0.33811
"567",567,0.33863
"568",568,0.33915
"569",569,0.33967
"570",570,0.34018
"571",571,0.340695
"572",572,0.341225
"573",573,0.34173
"574",574,0.34222
"575",575,0.34272
"576",576,0.3432
"577",577,0.34368
"578",578,0.34417
"579",579,0.344635
"580",580,0.34509
"581",581,0.34554
"582",582,0.34598
"583",583,0.34643
"584",584,0.34688
"585",585,0.34733
"586",586,0.34778
"587",587,0.348215
"588",588,0.348655
"589",589,0.349085
"590",590,0.34949
"591",591,0.349905
"592",592,0.350315
"593",593,0.35073
"594",594,0.351155
"595",595,0.35156
"596",596,0.35195
"597",597,0.35234
"598",598,0.35271
"599",599,0.35308
"600",600,0.353455
"601",601,0.35381
"602",602,0.354145
"603",603,0.35449
"604",604,0.35484
"605",605,0.355175
"606",606,0.35551
"607",607,0.355845
"608",608,0.356175
"609",609,0.356495
"610",610,0.356825
"611",611,0.357145
"612",612,0.357465
"613",613,0.357775
"614",614,0.358065
"615",615,0.35836
"616",616,0.358635
"617",617,0.35891
"618",618,0.359175
"619",619,0.35944
"620",620,0.3597
"621",621,0.35995
"622",622,0.360185
"623",623,0.36042
"624",624,0.360635
"625",625,0.360855
"626",626,0.361085
"627",627,0.3613
"628",628,0.361495
"629",629,0.361715
"630",630,0.36194
"631",631,0.36215
"632",632,0.36236
"633",633,0.362555
"634",634,0.36272
"635",635,0.36289
"636",636,0.36307
"637",637,0.36324
"638",638,0.363395
"639",639,0.363545
"640",640,0.363685
"641",641,0.36382
"642",642,0.363945
"643",643,0.36406
"644",644,0.36417
"645",645,0.36427
"646",646,0.364375
"647",647,0.36446
"648",648,0.36453
"649",649,0.36458
"650",650,0.36461
"651",651,0.364645
"652",652,0.364675
"653",653,0.364685
"654",654,0.36469
"655",655,0.364675
"656",656,0.364635
"657",657,0.364595
"658",658,0.364535
"659",659,0.36447
"660",660,0.36439
"661",661,0.36431
"662",662,0.364235
"663",663,0.364155
"664",664,0.364075
"665",665,0.364005
"666",666,0.36395
"667",667,0.363885
"668",668,0.36383
"669",669,0.36375
"670",670,0.36365
"671",671,0.36355
"672",672,0.36343
"673",673,0.36331
"674",674,0.36321
"675",675,0.36309
"676",676,0.36298
"677",677,0.362845
"678",678,0.36268
"679",679,0.36253
"680",680,0.362395
"681",681,0.362215
"682",682,0.362045
"683",683,0.361845
"684",684,0.3616
"685",685,0.36136
"686",686,0.3611
"687",687,0.36085
"688",688,0.36059
"689",689,0.360335
"690",690,0.36011
"691",691,0.359855
"692",692,0.3596
"693",693,0.35934
"694",694,0.35908
"695",695,0.35881
"696",696,0.358525
"697",697,0.35826
"698",698,0.35799
"699",699,0.35771
"700",700,0.357445
"701",701,0.357155
"702",702,0.35683
"703",703,0.35652
"704",704,0.3562
"705",705,0.3559
"706",706,0.355635
"707",707,0.35533
"708",708,0.355025
"709",709,0.354725
"710",710,0.3544
"711",711,0.354105
"712",712,0.353835
"713",713,0.353545
"714",714,0.35325
"715",715,0.352975
"716",716,0.352705
"717",717,0.35243
"718",718,0.35217
"719",719,0.351895
"720",720,0.3516
"721",721,0.351325
"722",722,0.35106
"723",723,0.350775
"724",724,0.35049
"725",725,0.350195
"726",726,0.349885
"727",727,0.349575
"728",728,0.34927
"729",729,0.34897
"730",730,0.34866
"731",731,0.34836
"732",732,0.34809
"733",733,0.347805
"734",734,0.34753
"735",735,0.347265
"736",736,0.346985
"737",737,0.346705
"738",738,0.346425
"739",739,0.346165
"740",740,0.34587
"741",741,0.34556
"742",742,0.345245
"743",743,0.34491
"744",744,0.34456
"745",745,0.3442
"746",746,0.343835
"747",747,0.34344
"748",748,0.34306
"749",749,0.34269
"750",750,0.3423
"751",751,0.341915
"752",752,0.341505
"753",753,0.341065
"754",754,0.340655
"755",755,0.34024
"756",756,0.339825
"757",757,0.339405
"758",758,0.339005
"759",759,0.3386
"760",760,0.338215
"761",761,0.337855
"762",762,0.337485
"763",763,0.337095
"764",764,0.33674
"765",765,0.336405
"766",766,0.336085
"767",767,0.335795
"768",768,0.335515
"769",769,0.33526
"770",770,0.334985
"771",771,0.3347
"772",772,0.334465
"773",773,0.33422
"774",774,0.333995
"775",775,0.33378
"776",776,0.33351
"777",777,0.33326
"778",778,0.333065
"779",779,0.332885
"780",780,0.332735
"781",781,0.3326
"782",782,0.33246
"783",783,0.33232
"784",784,0.332205
"785",785,0.332095
"786",786,0.331955
"787",787,0.331865
"788",788,0.33181
"789",789,0.331745
"790",790,0.331695
"791",791,0.331665
"792",792,0.33162
"793",793,0.3316
"794",794,0.331625
"795",795,0.33164
"796",796,0.33164
"797",797,0.33167
"798",798,0.331715
"799",799,0.33176
"800",800,0.331815
"801",801,0.33187
"802",802,0.331925
"803",803,0.331975
"804",804,0.33203
"805",805,0.33208
"806",806,0.33213
"807",807,0.33218
"808",808,0.332225
"809",809,0.332275
"810",810,0.33234
"811",811,0.332395
"812",812,0.33246
"813",813,0.332515
"814",814,0.332545
"815",815,0.332565
"816",816,0.33259
"817",817,0.332625
"818",818,0.33264
"819",819,0.33267
"820",820,0.332715
"821",821,0.332735
"822",822,0.33274
"823",823,0.332735
"824",824,0.33271
"825",825,0.332645
"826",826,0.33261
"827",827,0.33258
"828",828,0.3325
"829",829,0.3324
"830",830,0.332315
"831",831,0.332205
"832",832,0.332325
"833",833,0.332195
"834",834,0.33222
"835",835,0.33198
"836",836,0.33164
"837",837,0.331435
"838",838,0.331085
"839",839,0.330445
"840",840,0.33
"841",841,0.329655
"842",842,0.32935
"843",843,0.32887
"844",844,0.328295
"845",845,0.32755
"846",846,0.32666
"847",847,0.32581
"848",848,0.324915
"849",849,0.323915
"850",850,0.322855
"851",851,0.321715
"852",852,0.320375
"853",853,0.319195
"854",854,0.31796
"855",855,0.316545
"856",856,0.315005
"857",857,0.31317
"858",858,0.31129
"859",859,0.30934
"860",860,0.30721
"861",861,0.304925
"862",862,0.30248
"863",863,0.29993
"864",864,0.296945
"865",865,0.294055
"866",866,0.291175
"867",867,0.28782
"868",868,0.28418
"869",869,0.28042
"870",870,0.276425
"871",871,0.27213
"872",872,0.267715
"873",873,0.26304
"874",874,0.258045
"875",875,0.252675
"876",876,0.24738
"877",877,0.242075
"878",878,0.23655
"879",879,0.230815
"880",880,0.224995
"881",881,0.219015
"882",882,0.212735
"883",883,0.206515
"884",884,0.20044
"885",885,0.194195
"886",886,0.18778
"887",887,0.18152
"888",888,0.175095
"889",889,0.168925
"890",890,0.162785
"891",891,0.15692
"892",892,0.151285
"893",893,0.14563
"894",894,0.14041
"895",895,0.1355
"896",896,0.13076
"897",897,0.1262525
"898",898,0.122002
"899",899,0.1179235
"900",900,0.11419
"901",901,0.1108375
"902",902,0.1076695
"903",903,0.104724
"904",904,0.1021285
"905",905,0.0997395
"906",906,0.097698
"907",907,0.095641
"908",908,0.0937635
"909",909,0.092042
"910",910,0.090316
"911",911,0.088885
"912",912,0.087739
"913",913,0.0867925
"914",914,0.0858245
"915",915,0.084962
"916",916,0.084237
"917",917,0.083612
"918",918,0.0830425
"919",919,0.0826815
"920",920,0.082253
"921",921,0.0817655
"922",922,0.081401
"923",923,0.0811375
"924",924,0.0808095
"925",925,0.080676
"926",926,0.080676
"927",927,0.0806635
"928",928,0.0807565
"929",929,0.0808475
"930",930,0.0808695
"931",931,0.0810655
"932",932,0.081402
"933",933,0.081737
"934",934,0.0821305
"935",935,0.0826915
"936",936,0.0830545
"937",937,0.083274
"938",938,0.0836975
"939",939,0.0841115
"940",940,0.084608
"941",941,0.0852485
"942",942,0.0859125
"943",943,0.0867045
"944",944,0.087359
"945",945,0.0879925
"946",946,0.088654
"947",947,0.0893225
"948",948,0.089858
"949",949,0.0905345
"950",950,0.0913815
"951",951,0.092125
"952",952,0.092729
"953",953,0.093535
"954",954,0.0944765
"955",955,0.095367
"956",956,0.096294
"957",957,0.0973985
"958",958,0.09827
"959",959,0.098951
"960",960,0.099836
"961",961,0.100711
"962",962,0.101648
"963",963,0.102755
"964",964,0.1037595
"965",965,0.1047205
"966",966,0.1056795
"967",967,0.1066355
"968",968,0.10753
"969",969,0.108558
"970",970,0.109652
"971",971,0.110728
"972",972,0.111901
"973",973,0.112979
"974",974,0.1139245
"975",975,0.11501
"976",976,0.116137
"977",977,0.117289
"978",978,0.118695
"979",979,0.119804
"980",980,0.1208945
"981",981,0.1218515
"982",982,0.122953
"983",983,0.1239865
"984",984,0.125132
"985",985,0.126476
"986",986,0.12767
"987",987,0.12883
"988",988,0.129965
"989",989,0.13102
"990",990,0.13212
"991",991,0.13322
"992",992,0.134265
"993",993,0.13546
"994",994,0.13684
"995",995,0.138
"996",996,0.13909
"997",997,0.140265
"998",998,0.141375
"999",999,0.142485
"1000",1000,0.14368
"1001",1001,0.144905
"1002",1002,0.145975
"1003",1003,0.14696
"1004",1004,0.148085
"1005",1005,0.149275
"1006",1006,0.15044
"1007",1007,0.15174
"1008",1008,0.152855
"1009",1009,0.153875
"1010",1010,0.15489
"1011",1011,0.155815
"1012",1012,0.15672
"1013",1013,0.15761
"1014",1014,0.158535
"1015",1015,0.159585
"1016",1016,0.16076
"1017",1017,0.1618
"1018",1018,0.16291
"1019",1019,0.16393
"1020",1020,0.16484
"1021",1021,0.165705
"1022",1022,0.16654
"1023",1023,0.167445
"1024",1024,0.16828
"1025",1025,0.16916
"1026",1026,0.170305
"1027",1027,0.17121
"1028",1028,0.172045
"1029",1029,0.172775
"1030",1030,0.173585
"1031",1031,0.17427
"1032",1032,0.175065
"1033",1033,0.17609
"1034",1034,0.176905
"1035",1035,0.177605
"1036",1036,0.178325
"1037",1037,0.17917
"1038",1038,0.17972
"1039",1039,0.180265
"1040",1040,0.180855
"1041",1041,0.181405
"1042",1042,0.18179
"1043",1043,0.18236
"1044",1044,0.183025
"1045",1045,0.1837
"1046",1046,0.18448
"1047",1047,0.18512
"1048",1048,0.18577
"1049",1049,0.1863
"1050",1050,0.18678
"1051",1051,0.187385
"1052",1052,0.18802
"1053",1053,0.18859
"1054",1054,0.189135
"1055",1055,0.189545
"1056",1056,0.190175
"1057",1057,0.190995
"1058",1058,0.191615
"1059",1059,0.192205
"1060",1060,0.19281
"1061",1061,0.193275
"1062",1062,0.19373
"1063",1063,0.194475
"1064",1064,0.195245
"1065",1065,0.195925
"1066",1066,0.196685
"1067",1067,0.19738
"1068",1068,0.19803
"1069",1069,0.19872
"1070",1070,0.199405
"1071",1071,0.20009
"1072",1072,0.200815
"1073",1073,0.20147
"1074",1074,0.20209
"1075",1075,0.20274
"1076",1076,0.2033
"1077",1077,0.20389
"1078",1078,0.20453
"1079",1079,0.20498
"1080",1080,0.20544
"1081",1081,0.20607
"1082",1082,0.206705
"1083",1083,0.207465
"1084",1084,0.20816
"1085",1085,0.20883
"1086",1086,0.209475
"1087",1087,0.210125
"1088",1088,0.210675
"1089",1089,0.211055
"1090",1090,0.2116
"1091",1091,0.212225
"1092",1092,0.212775
"1093",1093,0.21338
"1094",1094,0.213965
"1095",1095,0.21449
"1096",1096,0.214825
"1097",1097,0.215265
"1098",1098,0.215745
"1099",1099,0.21629
"1100",1100,0.21682
"1101",1101,0.21745
"1102",1102,0.21818
"1103",1103,0.21872
"1104",1104,0.219155
"1105",1105,0.21946
"1106",1106,0.21972
"1107",1107,0.220155
"1108",1108,0.220725
"1109",1109,0.22148
"1110",1110,0.222035
"1111",1111,0.22252
"1112",1112,0.222975
"1113",1113,0.223225
"1114",1114,0.223665
"1115",1115,0.22413
"1116",1116,0.224945
"1117",1117,0.22554
"1118",1118,0.226015
"1119",1119,0.226505
"1120",1120,0.226835
"1121",1121,0.22726
"1122",1122,0.22781
"1123",1123,0.22827
"1124",1124,0.22869
"1125",1125,0.229165
"1126",1126,0.229705
"1127",1127,0.23006
"1128",1128,0.23038
"1129",1129,0.23065
"1130",1130,0.230715
"1131",1131,0.23091
"1132",1132,0.23118
"1133",1133,0.231445
"1134",1134,0.23182
"1135",1135,0.232205
"1136",1136,0.23265
"1137",1137,0.232925
"1138",1138,0.233165
"1139",1139,0.23351
"1140",1140,0.23372
"1141",1141,0.23398
"1142",1142,0.234195
"1143",1143,0.23429
"1144",1144,0.23446
"1145",1145,0.234635
"1146",1146,0.23489
"1147",1147,0.235035
"1148",1148,0.23538
"1149",1149,0.235655
"1150",1150,0.235795
"1151",1151,0.23613
"1152",1152,0.236455
"1153",1153,0.236615
"1154",1154,0.236845
"1155",1155,0.23711
"1156",1156,0.23715
"1157",1157,0.237275
"1158",1158,0.23753
"1159",1159,0.23765
"1160",1160,0.237705
"1161",1161,0.2378
"1162",1162,0.23787
"1163",1163,0.237835
"1164",1164,0.23796
"1165",1165,0.237915
"1166",1166,0.238065
"1167",1167,0.238365
"1168",1168,0.238375
"1169",1169,0.23865
"1170",1170,0.238965
"1171",1171,0.238995
"1172",1172,0.23917
"1173",1173,0.23931
"1174",1174,0.23937
"1175",1175,0.23949
"1176",1176,0.23951
"1177",1177,0.239375
"1178",1178,0.23949
"1179",1179,0.239605
"1180",1180,0.23985
"1181",1181,0.24038
"1182",1182,0.24093
"1183",1183,0.241375
"1184",1184,0.241615
"1185",1185,0.241625
"1186",1186,0.24184
"1187",1187,0.24214
"1188",1188,0.24235
"1189",1189,0.242745
"1190",1190,0.2429
"1191",1191,0.24285
"1192",1192,0.24296
"1193",1193,0.242925
"1194",1194,0.24311
"1195",1195,0.243355
"1196",1196,0.24376
"1197",1197,0.243955
"1198",1198,0.24417
"1199",1199,0.244325
"1200",1200,0.244445
"1201",1201,0.24468
"1202",1202,0.24497
"1203",1203,0.245245
"1204",1204,0.24546
"1205",1205,0.245435
"1206",1206,0.24549
"1207",1207,0.245945
"1208",1208,0.246025
"1209",1209,0.2462
"1210",1210,0.24673
"1211",1211,0.2464
"1212",1212,0.246175
"1213",1213,0.246215
"1214",1214,0.24601
"1215",1215,0.24546
"1216",1216,0.24549
"1217",1217,0.24575
"1218",1218,0.24579
"1219",1219,0.24639
"1220",1220,0.246565
"1221",1221,0.246315
"1222",1222,0.246235
"1223",1223,0.24592
"1224",1224,0.24561
"1225",1225,0.24558
"1226",1226,0.245585
"1227",1227,0.24563
"1228",1228,0.24555
"1229",1229,0.245405
"1230",1230,0.24538
"1231",1231,0.244955
"1232",1232,0.244625
"1233",1233,0.24458
"1234",1234,0.24376
"1235",1235,0.24323
"1236",1236,0.24301
"1237",1237,0.24256
"1238",1238,0.241755
"1239",1239,0.24158
"1240",1240,0.241365
"1241",1241,0.2405
"1242",1242,0.24007
"1243",1243,0.23916
"1244",1244,0.23844
"1245",1245,0.23818
"1246",1246,0.23762
"1247",1247,0.237545
"1248",1248,0.23703
"1249",1249,0.23603
"1250",1250,0.23541
"1251",1251,0.23466
"1252",1252,0.23415
"1253",1253,0.23403
"1254",1254,0.23347
"1255",1255,0.232785
"1256",1256,0.232285
"1257",1257,0.23185
"1258",1258,0.23121
"1259",1259,0.230685
"1260",1260,0.23
"1261",1261,0.22898
"1262",1262,0.228175
"1263",1263,0.22743
"1264",1264,0.226635
"1265",1265,0.22622
"1266",1266,0.225615
"1267",1267,0.22463
"1268",1268,0.223985
"1269",1269,0.22322
"1270",1270,0.22232
"1271",1271,0.22188
"1272",1272,0.22164
"1273",1273,0.22109
"1274",1274,0.22058
"1275",1275,0.220355
"1276",1276,0.22006
"1277",1277,0.220095
"1278",1278,0.220135
"1279",1279,0.219595
"1280",1280,0.218815
"1281",1281,0.217985
"1282",1282,0.21651
"1283",1283,0.215865
"1284",1284,0.215705
"1285",1285,0.21536
"1286",1286,0.215385
"1287",1287,0.21495
"1288",1288,0.21418
"1289",1289,0.213575
"1290",1290,0.2127
"1291",1291,0.212345
"1292",1292,0.21241
"1293",1293,0.212265
"1294",1294,0.2121
"1295",1295,0.21143
"1296",1296,0.210315
"1297",1297,0.20941
"1298",1298,0.208555
"1299",1299,0.20806
"1300",1300,0.207825
"1301",1301,0.20732
"1302",1302,0.20707
"1303",1303,0.207055
"1304",1304,0.20627
"1305",1305,0.205365
"1306",1306,0.20462
"1307",1307,0.20334
"1308",1308,0.202585
"1309",1309,0.202345
"1310",1310,0.20205
"1311",1311,0.20193
"1312",1312,0.20183
"1313",1313,0.20206
"1314",1314,0.2016
"1315",1315,0.200635
"1316",1316,0.200045
"1317",1317,0.19902
"1318",1318,0.19882
"1319",1319,0.19955
"1320",1320,0.199535
"1321",1321,0.19962
"1322",1322,0.1993
"1323",1323,0.198465
"1324",1324,0.198245
"1325",1325,0.19805
"1326",1326,0.197635
"1327",1327,0.197215
"1328",1328,0.19652
"1329",1329,0.19599
"1330",1330,0.195765
"1331",1331,0.195725
"1332",1332,0.19553
"1333",1333,0.19506
"1334",1334,0.194585
"1335",1335,0.19386
"1336",1336,0.19321
"1337",1337,0.192925
"1338",1338,0.19235
"1339",1339,0.1915
"1340",1340,0.19084
"1341",1341,0.19009
"1342",1342,0.189175
"1343",1343,0.18902
"1344",1344,0.189165
"1345",1345,0.18874
"1346",1346,0.18827
"1347",1347,0.187475
"1348",1348,0.185785
"1349",1349,0.184995
"1350",1350,0.18449
"1351",1351,0.18412
"1352",1352,0.184675
"1353",1353,0.184325
"1354",1354,0.1834
"1355",1355,0.182745
"1356",1356,0.1815
"1357",1357,0.18077
"1358",1358,0.180475
"1359",1359,0.180335
"1360",1360,0.18089
"1361",1361,0.180885
"1362",1362,0.18081
"1363",1363,0.180295
"1364",1364,0.17867
"1365",1365,0.17789
"1366",1366,0.177235
"1367",1367,0.17726
"1368",1368,0.17706
"1369",1369,0.17722
"1370",1370,0.176375
"1371",1371,0.17462
"1372",1372,0.173925
"1373",1373,0.173685
"1374",1374,0.17344
"1375",1375,0.17367
"1376",1376,0.173355
"1377",1377,0.171995
"1378",1378,0.171085
"1379",1379,0.170785
"1380",1380,0.17022
"1381",1381,0.169425
"1382",1382,0.16886
"1383",1383,0.168415
"1384",1384,0.16846
"1385",1385,0.16909
"1386",1386,0.16885
"1387",1387,0.16768
"1388",1388,0.165895
"1389",1389,0.16396
"1390",1390,0.16292
"1391",1391,0.16296
"1392",1392,0.162855
"1393",1393,0.163815
"1394",1394,0.163335
"1395",1395,0.16225
"1396",1396,0.161035
"1397",1397,0.158895
"1398",1398,0.15791
"1399",1399,0.156995
"1400",1400,0.15684
"1401",1401,0.158135
"1402",1402,0.15785
"1403",1403,0.15746
"1404",1404,0.156585
"1405",1405,0.154035
"1406",1406,0.152795
"1407",1407,0.152325
"1408",1408,0.15161
"1409",1409,0.15146
"1410",1410,0.15068
"1411",1411,0.14884
"1412",1412,0.14806
"1413",1413,0.14816
"1414",1414,0.1474
"1415",1415,0.14672
"1416",1416,0.1462
"1417",1417,0.14472
"1418",1418,0.143875
"1419",1419,0.14352
"1420",1420,0.143765
"1421",1421,0.14527
"1422",1422,0.14482
"1423",1423,0.144585
"1424",1424,0.143125
"1425",1425,0.137975
"1426",1426,0.13636
"1427",1427,0.136825
"1428",1428,0.13594
"1429",1429,0.136585
"1430",1430,0.135755
"1431",1431,0.132225
"1432",1432,0.131005
"1433",1433,0.130905
"1434",1434,0.13027
"1435",1435,0.13084
"1436",1436,0.130485
"1437",1437,0.1288
"1438",1438,0.128415
"1439",1439,0.12889
"1440",1440,0.128445
"1441",1441,0.12915
"1442",1442,0.12762
"1443",1443,0.1229965
"1444",1444,0.120762
"1445",1445,0.1169065
"1446",1446,0.116705
"1447",1447,0.122215
"1448",1448,0.12308
"1449",1449,0.12416
"1450",1450,0.123525
"1451",1451,0.1181905
"1452",1452,0.1154475
"1453",1453,0.112575
"1454",1454,0.111771
"1455",1455,0.1139795
"1456",1456,0.113565
"1457",1457,0.1133855
"1458",1458,0.112914
"1459",1459,0.1094675
"1460",1460,0.108378
"1461",1461,0.110297
"1462",1462,0.109868
"1463",1463,0.1084295
"1464",1464,0.107536
"1465",1465,0.105602
"1466",1466,0.104301
"1467",1467,0.102881
"1468",1468,0.103373
"1469",1469,0.1064625
"1470",1470,0.1066955
"1471",1471,0.107711
"1472",1472,0.1068985
"1473",1473,0.1012115
"1474",1474,0.09889
"1475",1475,0.0978835
"1476",1476,0.0975275
"1477",1477,0.1001595
"1478",1478,0.099669
"1479",1479,0.0973655
"1480",1480,0.0961345
"1481",1481,0.093699
"1482",1482,0.0913035
"1483",1483,0.088138
"1484",1484,0.0893815
"1485",1485,0.0935265
"1486",1486,0.094607
"1487",1487,0.0991195
"1488",1488,0.099682
"1489",1489,0.094343
"1490",1490,0.0927085
"1491",1491,0.092832
"1492",1492,0.0916365
"1493",1493,0.0894485
"1494",1494,0.087847
"1495",1495,0.0858655
"1496",1496,0.085718
"1497",1497,0.087358
"1498",1498,0.0875845
"1499",1499,0.0880425
"1500",1500,0.0887865
"1501",1501,0.089479
"1502",1502,0.027848
"1503",1503,0.027748
"1504",1504,0.0270995
"1505",1505,0.021645
"1506",1506,0.0258155
"1507",1507,0.0325335
"1508",1508,0.035956
"1509",1509,0.0379565
"1510",1510,0.035037
"1511",1511,0.030195
"1512",1512,0.037341
"1513",1513,0.0390315
"1514",1514,0.034606
"1515",1515,0.031331
"1516",1516,0.031466
"1517",1517,0.033942
"1518",1518,0.0363325
"1519",1519,0.0365375
"1520",1520,0.034944
"1521",1521,0.033384
"1522",1522,0.0376955
"1523",1523,0.039709
"1524",1524,0.036777
"1525",1525,0.032047
"1526",1526,0.0327495
"1527",1527,0.0366995
"1528",1528,0.0361225
"1529",1529,0.0352335
"1530",1530,0.034489
"1531",1531,0.0339445
"1532",1532,0.0327675
"1533",1533,0.0324125
"1534",1534,0.033636
"1535",1535,0.0355135
"1536",1536,0.0347735
"1537",1537,0.032538
"1538",1538,0.036431
"1539",1539,0.035722
"1540",1540,0.032095
"1541",1541,0.033007
"1542",1542,0.0352005
"1543",1543,0.0368165
"1544",1544,0.036643
"1545",1545,0.035577
"1546",1546,0.035022
"1547",1547,0.0355185
"1548",1548,0.035466
"1549",1549,0.0371225
"1550",1550,0.03896
"1551",1551,0.0345465
"1552",1552,0.0342535
"1553",1553,0.037411
"1554",1554,0.0388215
"1555",1555,0.039297
"1556",1556,0.0381695
"1557",1557,0.0354775
"1558",1558,0.035027
"1559",1559,0.036063
"1560",1560,0.037304
"1561",1561,0.037068
"1562",1562,0.0355635
"1563",1563,0.0343455
"1564",1564,0.0367275
"1565",1565,0.0372405
"1566",1566,0.0364885
"1567",1567,0.0371185
"1568",1568,0.0382685
"1569",1569,0.038429
"1570",1570,0.0368965
"1571",1571,0.036464
"1572",1572,0.0367395
"1573",1573,0.037168
"1574",1574,0.03718
"1575",1575,0.0368715
"1576",1576,0.036858
"1577",1577,0.038321
"1578",1578,0.038484
"1579",1579,0.03789
"1580",1580,0.0379955
"1581",1581,0.037998
"1582",1582,0.038462
"1583",1583,0.039496
"1584",1584,0.039111
"1585",1585,0.03832
"1586",1586,0.037916
"1587",1587,0.0385
"1588",1588,0.038572
"1589",1589,0.0382945
"1590",1590,0.038869
"1591",1591,0.0391305
"1592",1592,0.0390565
"1593",1593,0.038908
"1594",1594,0.038589
"1595",1595,0.0384735
"1596",1596,0.0387185
"1597",1597,0.038716
"1598",1598,0.03887
"1599",1599,0.039239
"1600",1600,0.03943
"1601",1601,0.0396085
"1602",1602,0.0396165
"1603",1603,0.039179
"1604",1604,0.0391495
"1605",1605,0.0392565
"1606",1606,0.0391555
"1607",1607,0.039801
"1608",1608,0.040104
"1609",1609,0.0395415
"1610",1610,0.039129
"1611",1611,0.0392115
"1612",1612,0.0395195
"1613",1613,0.0390355
"1614",1614,0.0390315
"1615",1615,0.0394785
"1616",1616,0.0398375
"1617",1617,0.039949
"1618",1618,0.0399315
"1619",1619,0.039948
"1620",1620,0.04012
"1621",1621,0.0400835
"1622",1622,0.0397485
"1623",1623,0.039518
"1624",1624,0.039425
"1625",1625,0.0394545
"1626",1626,0.039529
"1627",1627,0.039777
"1628",1628,0.0398405
"1629",1629,0.039376
"1630",1630,0.0392305
"1631",1631,0.0394665
"1632",1632,0.0398675
"1633",1633,0.0396815
"1634",1634,0.0395795
"1635",1635,0.0397745
"1636",1636,0.0399015
"1637",1637,0.0401395
"1638",1638,0.0403425
"1639",1639,0.0402365
"1640",1640,0.040039
"1641",1641,0.040059
"1642",1642,0.0404565
"1643",1643,0.0406025
"1644",1644,0.0408125
"1645",1645,0.041153
"1646",1646,0.040996
"1647",1647,0.0409415
"1648",1648,0.041226
"1649",1649,0.0418565
"1650",1650,0.04208
"1651",1651,0.042041
"1652",1652,0.0421915
"1653",1653,0.042653
"1654",1654,0.0431375
"1655",1655,0.043476
"1656",1656,0.0440545
"1657",1657,0.0447585
"1658",1658,0.0454635
"1659",1659,0.045982
"1660",1660,0.046728
"1661",1661,0.0477785
"1662",1662,0.049027
"1663",1663,0.049954
"1664",1664,0.050797
"1665",1665,0.051949
"1666",1666,0.053704
"1667",1667,0.0554835
"1668",1668,0.05705
"1669",1669,0.0589645
"1670",1670,0.0611075
"1671",1671,0.063265
"1672",1672,0.0650885
"1673",1673,0.067352
"1674",1674,0.069817
"1675",1675,0.0719815
"1676",1676,0.074236
"1677",1677,0.0764905
"1678",1678,0.0786615
"1679",1679,0.0809255
"1680",1680,0.0830115
"1681",1681,0.0848695
"1682",1682,0.0867495
"1683",1683,0.0885165
"1684",1684,0.0901165
"1685",1685,0.0915385
"1686",1686,0.0929925
"1687",1687,0.094291
"1688",1688,0.095271
"1689",1689,0.0962805
"1690",1690,0.0970665
"1691",1691,0.0976005
"1692",1692,0.098382
"1693",1693,0.098986
"1694",1694,0.0994465
"1695",1695,0.100109
"1696",1696,0.100477
"1697",1697,0.100764
"1698",1698,0.101323
"1699",1699,0.101809
"1700",1700,0.1022095
"1701",1701,0.1025735
"1702",1702,0.1030165
"1703",1703,0.10326
"1704",1704,0.10331
"1705",1705,0.10356
"1706",1706,0.103515
"1707",1707,0.103245
"1708",1708,0.103025
"1709",1709,0.102585
"1710",1710,0.1019345
"1711",1711,0.101123
"1712",1712,0.100072
"1713",1713,0.0990235
"1714",1714,0.0980315
"1715",1715,0.0968695
"1716",1716,0.0956415
"1717",1717,0.094293
"1718",1718,0.0927025
"1719",1719,0.091187
"1720",1720,0.089641
"1721",1721,0.0879265
"1722",1722,0.0862965
"1723",1723,0.0845805
"1724",1724,0.082784
"1725",1725,0.0814005
"1726",1726,0.0798455
"1727",1727,0.078141
"1728",1728,0.076773
"1729",1729,0.0756005
"1730",1730,0.0744525
"1731",1731,0.0731815
"1732",1732,0.0720625
"1733",1733,0.071091
"1734",1734,0.07022
"1735",1735,0.06938
"1736",1736,0.0685665
"1737",1737,0.0678015
"1738",1738,0.067145
"1739",1739,0.0663905
"1740",1740,0.065692
"1741",1741,0.0652935
"1742",1742,0.064781
"1743",1743,0.0641835
"1744",1744,0.0636255
"1745",1745,0.0633235
"1746",1746,0.0630145
"1747",1747,0.0626205
"1748",1748,0.062331
"1749",1749,0.0620415
"1750",1750,0.0617485
"1751",1751,0.061488
"1752",1752,0.061287
"1753",1753,0.061
"1754",1754,0.0605635
"1755",1755,0.0604255
"1756",1756,0.0602005
"1757",1757,0.059754
"1758",1758,0.0594295
"1759",1759,0.0590175
"1760",1760,0.058544
"1761",1761,0.058156
"1762",1762,0.0577305
"1763",1763,0.0572445
"1764",1764,0.056703
"1765",1765,0.0561185
"1766",1766,0.0556535
"1767",1767,0.0553185
"1768",1768,0.0548265
"1769",1769,0.0543475
"1770",1770,0.053884
"1771",1771,0.053351
"1772",1772,0.0530115
"1773",1773,0.0527395
"1774",1774,0.052366
"1775",1775,0.0520695
"1776",1776,0.051798
"1777",1777,0.051526
"1778",1778,0.051322
"1779",1779,0.051139
"1780",1780,0.0509735
"1781",1781,0.050854
"1782",1782,0.0506895
"1783",1783,0.050537
"1784",1784,0.0504595
"1785",1785,0.0502945
"1786",1786,0.050101
"1787",1787,0.049915
"1788",1788,0.0496785
"1789",1789,0.049339
"1790",1790,0.0489165
"1791",1791,0.048493
"1792",1792,0.0481285
"1793",1793,0.047699
"1794",1794,0.047081
"1795",1795,0.0465765
"1796",1796,0.0461255
"1797",1797,0.045683
"1798",1798,0.045369
"1799",1799,0.0449505
"1800",1800,0.0444775
"1801",1801,0.0442665
"1802",1802,0.0439995
"1803",1803,0.043749
"1804",1804,0.0436635
"1805",1805,0.043508
"1806",1806,0.0433785
"1807",1807,0.0433225
"1808",1808,0.043165
"1809",1809,0.0429775
"1810",1810,0.0428115
"1811",1811,0.042712
"1812",1812,0.0426195
"1813",1813,0.042486
"1814",1814,0.0422875
"1815",1815,0.042143
"1816",1816,0.042062
"1817",1817,0.0420355
"1818",1818,0.0420525
"1819",1819,0.0421
"1820",1820,0.042181
"1821",1821,0.042305
"1822",1822,0.04249
"1823",1823,0.042732
"1824",1824,0.043007
"1825",1825,0.043208
"1826",1826,0.0434815
"1827",1827,0.0438945
"1828",1828,0.0442735
"1829",1829,0.0447195
"1830",1830,0.0452235
"1831",1831,0.0456905
"1832",1832,0.046225
"1833",1833,0.0468175
"1834",1834,0.0474305
"1835",1835,0.0480435
"1836",1836,0.04867
"1837",1837,0.049346
"1838",1838,0.050152
"1839",1839,0.051039
"1840",1840,0.052027
"1841",1841,0.053187
"1842",1842,0.054753
"1843",1843,0.0567635
"1844",1844,0.059227
"1845",1845,0.062298
"1846",1846,0.06605
"1847",1847,0.0705325
"1848",1848,0.0757715
"1849",1849,0.081744
"1850",1850,0.0884045
"1851",1851,0.09568
"1852",1852,0.1035995
"1853",1853,0.11201
"1854",1854,0.120765
"1855",1855,0.12985
"1856",1856,0.13915
"1857",1857,0.148595
"1858",1858,0.15824
"1859",1859,0.167945
"1860",1860,0.177685
"1861",1861,0.187515
"1862",1862,0.19742
"1863",1863,0.20738
"1864",1864,0.217335
"1865",1865,0.227245
"1866",1866,0.237205
"1867",1867,0.247195
"1868",1868,0.25704
"1869",1869,0.26684
"1870",1870,0.27657
"1871",1871,0.28614
"1872",1872,0.295575
"1873",1873,0.304865
"1874",1874,0.31397
"1875",1875,0.32283
"1876",1876,0.331465
"1877",1877,0.339835
"1878",1878,0.347845
"1879",1879,0.3556
"1880",1880,0.36307
"1881",1881,0.370185
"1882",1882,0.37695
"1883",1883,0.38334
"1884",1884,0.389365
"1885",1885,0.39522
"1886",1886,0.400655
"1887",1887,0.405665
"1888",1888,0.410465
"1889",1889,0.414935
"1890",1890,0.41908
"1891",1891,0.42293
"1892",1892,0.426475
"1893",1893,0.42978
"1894",1894,0.43286
"1895",1895,0.435665
"1896",1896,0.43821
"1897",1897,0.440505
"1898",1898,0.44254
"1899",1899,0.44443
"1900",1900,0.44615
"1901",1901,0.447665
"1902",1902,0.449005
"1903",1903,0.450205
"1904",1904,0.4513
"1905",1905,0.452255
"1906",1906,0.453085
"1907",1907,0.453825
"1908",1908,0.454515
"1909",1909,0.45511
"1910",1910,0.4556
"1911",1911,0.456005
"1912",1912,0.45641
"1913",1913,0.456765
"1914",1914,0.457045
"1915",1915,0.45727
"1916",1916,0.45743
"1917",1917,0.45758
"1918",1918,0.457765
"1919",1919,0.457845
"1920",1920,0.457895
"1921",1921,0.45795
"1922",1922,0.457895
"1923",1923,0.457925
"1924",1924,0.45801
"1925",1925,0.45798
"1926",1926,0.458
"1927",1927,0.457995
"1928",1928,0.4579
"1929",1929,0.457905
"1930",1930,0.45794
"1931",1931,0.45795
"1932",1932,0.45789
"1933",1933,0.457885
"1934",1934,0.45792
"1935",1935,0.45792
"1936",1936,0.457935
"1937",1937,0.45794
"1938",1938,0.45794
"1939",1939,0.457905
"1940",1940,0.45791
"1941",1941,0.457925
"1942",1942,0.457885
"1943",1943,0.457885
"1944",1944,0.45791
"1945",1945,0.45792
"1946",1946,0.457955
"1947",1947,0.457995
"1948",1948,0.45801
"1949",1949,0.457975
"1950",1950,0.458
"1951",1951,0.45802
"1952",1952,0.45796
"1953",1953,0.45802
"1954",1954,0.458055
"1955",1955,0.458005
"1956",1956,0.45813
"1957",1957,0.4582
"1958",1958,0.45819
"1959",1959,0.458185
"1960",1960,0.458175
"1961",1961,0.45818
"1962",1962,0.458215
"1963",1963,0.45828
"1964",1964,0.45831
"1965",1965,0.458295
"1966",1966,0.458295
"1967",1967,0.45834
"1968",1968,0.45841
"1969",1969,0.45846
"1970",1970,0.4585
"1971",1971,0.458515
"1972",1972,0.458505
"1973",1973,0.458505
"1974",1974,0.458575
"1975",1975,0.458655
"1976",1976,0.458665
"1977",1977,0.458645
"1978",1978,0.458645
"1979",1979,0.458705
"1980",1980,0.45873
"1981",1981,0.458775
"1982",1982,0.45883
"1983",1983,0.458865
"1984",1984,0.458875
"1985",1985,0.458885
"1986",1986,0.458955
"1987",1987,0.45896
"1988",1988,0.45899
"1989",1989,0.45907
"1990",1990,0.45904
"1991",1991,0.45909
"1992",1992,0.459165
"1993",1993,0.459105
"1994",1994,0.45915
"1995",1995,0.4592
"1996",1996,0.45919
"1997",1997,0.45923
"1998",1998,0.45927
"1999",1999,0.45928
"2000",2000,0.459305
"2001",2001,0.45931
"2002",2002,0.45932
"2003",2003,0.459375
"2004",2004,0.45934
"2005",2005,0.45933
"2006",2006,0.459375
"2007",2007,0.45935
"2008",2008,0.45936
"2009",2009,0.45937
"2010",2010,0.45932
"2011",2011,0.459385
"2012",2012,0.45943
"2013",2013,0.45938
"2014",2014,0.459375
"2015",2015,0.459335
"2016",2016,0.459295
"2017",2017,0.45934
"2018",2018,0.45936
"2019",2019,0.459355
"2020",2020,0.45935
"2021",2021,0.45927
"2022",2022,0.459225
"2023",2023,0.459235
"2024",2024,0.459295
"2025",2025,0.45926
"2026",2026,0.459225
"2027",2027,0.459265
"2028",2028,0.459265
"2029",2029,0.459195
"2030",2030,0.459115
"2031",2031,0.459195
"2032",2032,0.459155
"2033",2033,0.4591
"2034",2034,0.45918
"2035",2035,0.459135
"2036",2036,0.459075
"2037",2037,0.45908
"2038",2038,0.4591
"2039",2039,0.459075
"2040",2040,0.45904
"2041",2041,0.459055
"2042",2042,0.459
"2043",2043,0.458925
"2044",2044,0.458885
"2045",2045,0.45886
"2046",2046,0.458785
"2047",2047,0.45872
"2048",2048,0.458815
"2049",2049,0.45877
"2050",2050,0.45869
"2051",2051,0.458685
"2052",2052,0.458665
"2053",2053,0.45864
"2054",2054,0.458605
"2055",2055,0.458535
"2056",2056,0.45854
"2057",2057,0.458535
"2058",2058,0.45844
"2059",2059,0.458405
"2060",2060,0.458395
"2061",2061,0.45838
"2062",2062,0.458365
"2063",2063,0.458405
"2064",2064,0.45843
"2065",2065,0.45836
"2066",2066,0.458315
"2067",2067,0.458255
"2068",2068,0.45818
"2069",2069,0.458145
"2070",2070,0.458145
"2071",2071,0.458135
"2072",2072,0.45809
"2073",2073,0.45798
"2074",2074,0.45788
"2075",2075,0.457815
"2076",2076,0.45771
"2077",2077,0.457655
"2078",2078,0.45766
"2079",2079,0.45769
"2080",2080,0.457725
"2081",2081,0.457765
"2082",2082,0.45777
"2083",2083,0.45758
"2084",2084,0.457325
"2085",2085,0.457115
"2086",2086,0.457025
"2087",2087,0.456875
"2088",2088,0.45675
"2089",2089,0.456685
"2090",2090,0.456535
"2091",2091,0.45645
"2092",2092,0.4564
"2093",2093,0.456265
"2094",2094,0.45612
"2095",2095,0.455925
"2096",2096,0.455705
"2097",2097,0.455745
"2098",2098,0.455605
"2099",2099,0.4553
"2100",2100,0.45521
"2101",2101,0.45507
"2102",2102,0.454915
"2103",2103,0.454805
"2104",2104,0.45455
"2105",2105,0.45429
"2106",2106,0.454045
"2107",2107,0.45374
"2108",2108,0.453485
"2109",2109,0.45333
"2110",2110,0.45328
"2111",2111,0.453075
"2112",2112,0.452855
"2113",2113,0.45272
"2114",2114,0.452755
"2115",2115,0.45263
"2116",2116,0.452415
"2117",2117,0.452235
"2118",2118,0.45212
"2119",2119,0.45196
"2120",2120,0.45183
"2121",2121,0.45193
"2122",2122,0.45191
"2123",2123,0.45177
"2124",2124,0.45163
"2125",2125,0.45169
"2126",2126,0.45165
"2127",2127,0.4515
"2128",2128,0.45149
"2129",2129,0.45132
"2130",2130,0.45126
"2131",2131,0.451475
"2132",2132,0.45132
"2133",2133,0.451115
"2134",2134,0.451095
"2135",2135,0.45135
"2136",2136,0.451475
"2137",2137,0.45141
"2138",2138,0.451275
"2139",2139,0.45143
"2140",2140,0.451505
"2141",2141,0.451375
"2142",2142,0.451135
"2143",2143,0.451245
"2144",2144,0.4514
"2145",2145,0.451335
"2146",2146,0.451345
"2147",2147,0.451305
"2148",2148,0.45139
"2149",2149,0.45192
"2150",2150,0.451415
"2151",2151,0.45108
