"","wavelength","hc_mean_reflectance"
"1",1,0.43959
"2",2,0.4394
"3",3,0.43951
"4",4,0.43949
"5",5,0.43951
"6",6,0.43954
"7",7,0.43939
"8",8,0.43937
"9",9,0.4394
"10",10,0.43968
"11",11,0.43973
"12",12,0.43973
"13",13,0.43998
"14",14,0.44016
"15",15,0.44027
"16",16,0.44041
"17",17,0.44045
"18",18,0.44032
"19",19,0.44029
"20",20,0.44028
"21",21,0.44029
"22",22,0.44033
"23",23,0.44033
"24",24,0.44033
"25",25,0.44048
"26",26,0.44055
"27",27,0.44046
"28",28,0.4405
"29",29,0.44041
"30",30,0.44041
"31",31,0.44058
"32",32,0.44061
"33",33,0.44055
"34",34,0.44054
"35",35,0.4405
"36",36,0.44034
"37",37,0.44043
"38",38,0.44044
"39",39,0.44031
"40",40,0.44041
"41",41,0.4404
"42",42,0.44045
"43",43,0.44059
"44",44,0.44053
"45",45,0.44042
"46",46,0.44044
"47",47,0.44046
"48",48,0.44055
"49",49,0.44063
"50",50,0.44067
"51",51,0.44067
"52",52,0.44068
"53",53,0.4406
"54",54,0.44059
"55",55,0.44059
"56",56,0.44048
"57",57,0.44068
"58",58,0.44082
"59",59,0.44065
"60",60,0.44064
"61",61,0.44055
"62",62,0.44029
"63",63,0.44
"64",64,0.44009
"65",65,0.44008
"66",66,0.44007
"67",67,0.44029
"68",68,0.44031
"69",69,0.4402
"70",70,0.44015
"71",71,0.44013
"72",72,0.44014
"73",73,0.4401
"74",74,0.44006
"75",75,0.43992
"76",76,0.43983
"77",77,0.43972
"78",78,0.43972
"79",79,0.4398
"80",80,0.43977
"81",81,0.43983
"82",82,0.43974
"83",83,0.43962
"84",84,0.43972
"85",85,0.43969
"86",86,0.43963
"87",87,0.43949
"88",88,0.43921
"89",89,0.43909
"90",90,0.43904
"91",91,0.43901
"92",92,0.43912
"93",93,0.43911
"94",94,0.43904
"95",95,0.43896
"96",96,0.43886
"97",97,0.43884
"98",98,0.43881
"99",99,0.43873
"100",100,0.43863
"101",101,0.43855
"102",102,0.4385
"103",103,0.4384
"104",104,0.43831
"105",105,0.43819
"106",106,0.43809
"107",107,0.43797
"108",108,0.4379
"109",109,0.43793
"110",110,0.43789
"111",111,0.43783
"112",112,0.43778
"113",113,0.43767
"114",114,0.43747
"115",115,0.43746
"116",116,0.43743
"117",117,0.43725
"118",118,0.43719
"119",119,0.43708
"120",120,0.43682
"121",121,0.4367
"122",122,0.43676
"123",123,0.43664
"124",124,0.43645
"125",125,0.43628
"126",126,0.43603
"127",127,0.43581
"128",128,0.4356
"129",129,0.43543
"130",130,0.43518
"131",131,0.43491
"132",132,0.43463
"133",133,0.43432
"134",134,0.43402
"135",135,0.43377
"136",136,0.43344
"137",137,0.43306
"138",138,0.4327
"139",139,0.43228
"140",140,0.4319
"141",141,0.43159
"142",142,0.43118
"143",143,0.43067
"144",144,0.43024
"145",145,0.42982
"146",146,0.42932
"147",147,0.42894
"148",148,0.42857
"149",149,0.42816
"150",150,0.4277
"151",151,0.42731
"152",152,0.42691
"153",153,0.42658
"154",154,0.42635
"155",155,0.42606
"156",156,0.42575
"157",157,0.42553
"158",158,0.4253
"159",159,0.42514
"160",160,0.42514
"161",161,0.42501
"162",162,0.42478
"163",163,0.42462
"164",164,0.42447
"165",165,0.42427
"166",166,0.42415
"167",167,0.42414
"168",168,0.42406
"169",169,0.42396
"170",170,0.4239
"171",171,0.42387
"172",172,0.4238
"173",173,0.42371
"174",174,0.42366
"175",175,0.42363
"176",176,0.42356
"177",177,0.4235
"178",178,0.42345
"179",179,0.42337
"180",180,0.42332
"181",181,0.42329
"182",182,0.42335
"183",183,0.4233
"184",184,0.42323
"185",185,0.42313
"186",186,0.42292
"187",187,0.42286
"188",188,0.42285
"189",189,0.42283
"190",190,0.42288
"191",191,0.42286
"192",192,0.42278
"193",193,0.42274
"194",194,0.42272
"195",195,0.42269
"196",196,0.42265
"197",197,0.42263
"198",198,0.42262
"199",199,0.42261
"200",200,0.42261
"201",201,0.42262
"202",202,0.4226
"203",203,0.42256
"204",204,0.42254
"205",205,0.42249
"206",206,0.42251
"207",207,0.42258
"208",208,0.42258
"209",209,0.42257
"210",210,0.42259
"211",211,0.42255
"212",212,0.42258
"213",213,0.42269
"214",214,0.42275
"215",215,0.4228
"216",216,0.42286
"217",217,0.42285
"218",218,0.42284
"219",219,0.42287
"220",220,0.42289
"221",221,0.42294
"222",222,0.42305
"223",223,0.4231
"224",224,0.42317
"225",225,0.4232
"226",226,0.4232
"227",227,0.42322
"228",228,0.42325
"229",229,0.42329
"230",230,0.42335
"231",231,0.42339
"232",232,0.4234
"233",233,0.42343
"234",234,0.42344
"235",235,0.42344
"236",236,0.42347
"237",237,0.42345
"238",238,0.42348
"239",239,0.42353
"240",240,0.42357
"241",241,0.42365
"242",242,0.42366
"243",243,0.42362
"244",244,0.42362
"245",245,0.42359
"246",246,0.4236
"247",247,0.4237
"248",248,0.42372
"249",249,0.42369
"250",250,0.42369
"251",251,0.42371
"252",252,0.42368
"253",253,0.42369
"254",254,0.42371
"255",255,0.42369
"256",256,0.42366
"257",257,0.42366
"258",258,0.42365
"259",259,0.42363
"260",260,0.42358
"261",261,0.42355
"262",262,0.42352
"263",263,0.42349
"264",264,0.42349
"265",265,0.42346
"266",266,0.42338
"267",267,0.42332
"268",268,0.42324
"269",269,0.42318
"270",270,0.42315
"271",271,0.4231
"272",272,0.42303
"273",273,0.423
"274",274,0.42294
"275",275,0.42285
"276",276,0.42282
"277",277,0.42272
"278",278,0.42259
"279",279,0.42255
"280",280,0.42248
"281",281,0.42239
"282",282,0.42231
"283",283,0.42222
"284",284,0.42212
"285",285,0.42204
"286",286,0.42193
"287",287,0.42179
"288",288,0.42166
"289",289,0.42151
"290",290,0.42137
"291",291,0.42124
"292",292,0.42111
"293",293,0.42095
"294",294,0.42079
"295",295,0.42062
"296",296,0.42043
"297",297,0.42029
"298",298,0.42011
"299",299,0.41986
"300",300,0.41967
"301",301,0.41949
"302",302,0.41931
"303",303,0.41911
"304",304,0.41892
"305",305,0.4187
"306",306,0.41842
"307",307,0.41816
"308",308,0.41792
"309",309,0.41766
"310",310,0.41737
"311",311,0.41707
"312",312,0.41675
"313",313,0.41644
"314",314,0.41611
"315",315,0.4158
"316",316,0.41546
"317",317,0.4151
"318",318,0.41473
"319",319,0.41434
"320",320,0.41395
"321",321,0.41354
"322",322,0.41311
"323",323,0.41273
"324",324,0.4123
"325",325,0.41183
"326",326,0.41138
"327",327,0.41093
"328",328,0.41044
"329",329,0.40996
"330",330,0.40949
"331",331,0.40899
"332",332,0.40848
"333",333,0.408
"334",334,0.40748
"335",335,0.40694
"336",336,0.40638
"337",337,0.40585
"338",338,0.40533
"339",339,0.40477
"340",340,0.40427
"341",341,0.40378
"342",342,0.40322
"343",343,0.40269
"344",344,0.40217
"345",345,0.40163
"346",346,0.40112
"347",347,0.40064
"348",348,0.40016
"349",349,0.39967
"350",350,0.39918
"351",351,0.3987
"352",352,0.39821
"353",353,0.39773
"354",354,0.39724
"355",355,0.39676
"356",356,0.39627
"357",357,0.39579
"358",358,0.3953
"359",359,0.39486
"360",360,0.39437
"361",361,0.3938
"362",362,0.3932
"363",363,0.39259
"364",364,0.39194
"365",365,0.39128
"366",366,0.39065
"367",367,0.38995
"368",368,0.38915
"369",369,0.38829
"370",370,0.38733
"371",371,0.38631
"372",372,0.38529
"373",373,0.38419
"374",374,0.38298
"375",375,0.38168
"376",376,0.38026
"377",377,0.37873
"378",378,0.37708
"379",379,0.37535
"380",380,0.37344
"381",381,0.37144
"382",382,0.36925
"383",383,0.36688
"384",384,0.36437
"385",385,0.36171
"386",386,0.35889
"387",387,0.35594
"388",388,0.35292
"389",389,0.34974
"390",390,0.34645
"391",391,0.34305
"392",392,0.33951
"393",393,0.33594
"394",394,0.33229
"395",395,0.32856
"396",396,0.32487
"397",397,0.32113
"398",398,0.31739
"399",399,0.31371
"400",400,0.31004
"401",401,0.30644
"402",402,0.30294
"403",403,0.29954
"404",404,0.29621
"405",405,0.29302
"406",406,0.28995
"407",407,0.28701
"408",408,0.28417
"409",409,0.28147
"410",410,0.27885
"411",411,0.27643
"412",412,0.27417
"413",413,0.27203
"414",414,0.27002
"415",415,0.26816
"416",416,0.26644
"417",417,0.26479
"418",418,0.26325
"419",419,0.26188
"420",420,0.26056
"421",421,0.25933
"422",422,0.25826
"423",423,0.25727
"424",424,0.25634
"425",425,0.25551
"426",426,0.25475
"427",427,0.25402
"428",428,0.25337
"429",429,0.25282
"430",430,0.25232
"431",431,0.25188
"432",432,0.25149
"433",433,0.25115
"434",434,0.25084
"435",435,0.25056
"436",436,0.25032
"437",437,0.2501
"438",438,0.24994
"439",439,0.24984
"440",440,0.24976
"441",441,0.24975
"442",442,0.24974
"443",443,0.24973
"444",444,0.24977
"445",445,0.24987
"446",446,0.24994
"447",447,0.25003
"448",448,0.25014
"449",449,0.25024
"450",450,0.25035
"451",451,0.25052
"452",452,0.2507
"453",453,0.25087
"454",454,0.25106
"455",455,0.25129
"456",456,0.25154
"457",457,0.2518
"458",458,0.2521
"459",459,0.2524
"460",460,0.25274
"461",461,0.25316
"462",462,0.25359
"463",463,0.25407
"464",464,0.2546
"465",465,0.25516
"466",466,0.25576
"467",467,0.25642
"468",468,0.25715
"469",469,0.25789
"470",470,0.25866
"471",471,0.25948
"472",472,0.26033
"473",473,0.26121
"474",474,0.26216
"475",475,0.2631
"476",476,0.26405
"477",477,0.26504
"478",478,0.26606
"479",479,0.26708
"480",480,0.26814
"481",481,0.2692
"482",482,0.27026
"483",483,0.27132
"484",484,0.27237
"485",485,0.27344
"486",486,0.27452
"487",487,0.27557
"488",488,0.27665
"489",489,0.27774
"490",490,0.27882
"491",491,0.27991
"492",492,0.28101
"493",493,0.28211
"494",494,0.28321
"495",495,0.28428
"496",496,0.28535
"497",497,0.28643
"498",498,0.2875
"499",499,0.28858
"500",500,0.28965
"501",501,0.29069
"502",502,0.29176
"503",503,0.29281
"504",504,0.29388
"505",505,0.29498
"506",506,0.29601
"507",507,0.29704
"508",508,0.29805
"509",509,0.29901
"510",510,0.3
"511",511,0.301
"512",512,0.302
"513",513,0.30302
"514",514,0.304
"515",515,0.30497
"516",516,0.30592
"517",517,0.30684
"518",518,0.30778
"519",519,0.30871
"520",520,0.30963
"521",521,0.31056
"522",522,0.31146
"523",523,0.31233
"524",524,0.31321
"525",525,0.31408
"526",526,0.31495
"527",527,0.31583
"528",528,0.31668
"529",529,0.31751
"530",530,0.31834
"531",531,0.31915
"532",532,0.31995
"533",533,0.32073
"534",534,0.32151
"535",535,0.3223
"536",536,0.32306
"537",537,0.32382
"538",538,0.32456
"539",539,0.32527
"540",540,0.326
"541",541,0.32673
"542",542,0.32746
"543",543,0.32816
"544",544,0.32883
"545",545,0.32949
"546",546,0.33014
"547",547,0.33082
"548",548,0.33152
"549",549,0.33218
"550",550,0.33283
"551",551,0.33341
"552",552,0.33397
"553",553,0.33455
"554",554,0.33513
"555",555,0.33572
"556",556,0.33633
"557",557,0.3369
"558",558,0.33746
"559",559,0.33803
"560",560,0.33859
"561",561,0.33915
"562",562,0.33971
"563",563,0.34024
"564",564,0.34074
"565",565,0.34124
"566",566,0.34173
"567",567,0.34222
"568",568,0.34272
"569",569,0.34321
"570",570,0.3437
"571",571,0.34415
"572",572,0.34457
"573",573,0.34501
"574",574,0.34545
"575",575,0.34588
"576",576,0.34634
"577",577,0.34677
"578",578,0.34716
"579",579,0.34757
"580",580,0.34797
"581",581,0.34839
"582",582,0.34882
"583",583,0.34924
"584",584,0.34969
"585",585,0.35007
"586",586,0.35042
"587",587,0.35076
"588",588,0.35107
"589",589,0.35141
"590",590,0.35177
"591",591,0.35213
"592",592,0.35249
"593",593,0.35284
"594",594,0.3532
"595",595,0.35352
"596",596,0.35381
"597",597,0.35412
"598",598,0.35439
"599",599,0.35469
"600",600,0.35502
"601",601,0.35532
"602",602,0.35562
"603",603,0.35591
"604",604,0.3562
"605",605,0.35647
"606",606,0.35675
"607",607,0.35701
"608",608,0.35726
"609",609,0.35752
"610",610,0.35778
"611",611,0.35803
"612",612,0.35827
"613",613,0.35851
"614",614,0.35873
"615",615,0.35897
"616",616,0.35925
"617",617,0.35948
"618",618,0.35969
"619",619,0.35991
"620",620,0.3601
"621",621,0.36029
"622",622,0.36049
"623",623,0.36068
"624",624,0.36085
"625",625,0.36102
"626",626,0.36119
"627",627,0.36136
"628",628,0.36151
"629",629,0.36167
"630",630,0.36181
"631",631,0.36197
"632",632,0.36215
"633",633,0.3623
"634",634,0.36244
"635",635,0.36258
"636",636,0.3627
"637",637,0.36284
"638",638,0.36301
"639",639,0.36315
"640",640,0.36328
"641",641,0.3634
"642",642,0.3635
"643",643,0.36359
"644",644,0.36367
"645",645,0.36374
"646",646,0.3638
"647",647,0.36385
"648",648,0.36391
"649",649,0.36394
"650",650,0.36394
"651",651,0.36395
"652",652,0.36397
"653",653,0.36397
"654",654,0.36396
"655",655,0.36394
"656",656,0.36387
"657",657,0.36383
"658",658,0.36379
"659",659,0.36375
"660",660,0.3637
"661",661,0.36366
"662",662,0.3636
"663",663,0.36355
"664",664,0.36348
"665",665,0.36344
"666",666,0.36339
"667",667,0.36336
"668",668,0.36336
"669",669,0.36333
"670",670,0.3633
"671",671,0.36327
"672",672,0.36321
"673",673,0.36318
"674",674,0.36317
"675",675,0.36313
"676",676,0.36308
"677",677,0.36305
"678",678,0.36301
"679",679,0.36295
"680",680,0.36292
"681",681,0.36283
"682",682,0.36269
"683",683,0.36259
"684",684,0.3625
"685",685,0.36238
"686",686,0.36224
"687",687,0.3621
"688",688,0.36191
"689",689,0.36176
"690",690,0.36163
"691",691,0.36148
"692",692,0.36132
"693",693,0.36114
"694",694,0.3609
"695",695,0.36072
"696",696,0.36054
"697",697,0.36035
"698",698,0.36019
"699",699,0.36
"700",700,0.35978
"701",701,0.35956
"702",702,0.35935
"703",703,0.35911
"704",704,0.35883
"705",705,0.3586
"706",706,0.35838
"707",707,0.35816
"708",708,0.35796
"709",709,0.35774
"710",710,0.3575
"711",711,0.35729
"712",712,0.35708
"713",713,0.35685
"714",714,0.35663
"715",715,0.35638
"716",716,0.35609
"717",717,0.35585
"718",718,0.35563
"719",719,0.35538
"720",720,0.35515
"721",721,0.35489
"722",722,0.35461
"723",723,0.35433
"724",724,0.35409
"725",725,0.35384
"726",726,0.35357
"727",727,0.35328
"728",728,0.35301
"729",729,0.35276
"730",730,0.3525
"731",731,0.35222
"732",732,0.35195
"733",733,0.35161
"734",734,0.35127
"735",735,0.35103
"736",736,0.35074
"737",737,0.35047
"738",738,0.35015
"739",739,0.34979
"740",740,0.34943
"741",741,0.34906
"742",742,0.3487
"743",743,0.34833
"744",744,0.34798
"745",745,0.34766
"746",746,0.3473
"747",747,0.34696
"748",748,0.34659
"749",749,0.34616
"750",750,0.34577
"751",751,0.34537
"752",752,0.34497
"753",753,0.34458
"754",754,0.34419
"755",755,0.3438
"756",756,0.34339
"757",757,0.34297
"758",758,0.34257
"759",759,0.34217
"760",760,0.34176
"761",761,0.34136
"762",762,0.34098
"763",763,0.34059
"764",764,0.34024
"765",765,0.33994
"766",766,0.33962
"767",767,0.33931
"768",768,0.33897
"769",769,0.33862
"770",770,0.3383
"771",771,0.33795
"772",772,0.33763
"773",773,0.33738
"774",774,0.33715
"775",775,0.33691
"776",776,0.33663
"777",777,0.33637
"778",778,0.33612
"779",779,0.33587
"780",780,0.33569
"781",781,0.33554
"782",782,0.33534
"783",783,0.33515
"784",784,0.33496
"785",785,0.33476
"786",786,0.33464
"787",787,0.33451
"788",788,0.33441
"789",789,0.33431
"790",790,0.33421
"791",791,0.33411
"792",792,0.33403
"793",793,0.33395
"794",794,0.33385
"795",795,0.3338
"796",796,0.3338
"797",797,0.33377
"798",798,0.33374
"799",799,0.33372
"800",800,0.33368
"801",801,0.33367
"802",802,0.33368
"803",803,0.33369
"804",804,0.3337
"805",805,0.33371
"806",806,0.33374
"807",807,0.33379
"808",808,0.33378
"809",809,0.33375
"810",810,0.33375
"811",811,0.33368
"812",812,0.33365
"813",813,0.33366
"814",814,0.33364
"815",815,0.33364
"816",816,0.33364
"817",817,0.33364
"818",818,0.33365
"819",819,0.33362
"820",820,0.33357
"821",821,0.33346
"822",822,0.33337
"823",823,0.33328
"824",824,0.33321
"825",825,0.33316
"826",826,0.33308
"827",827,0.33301
"828",828,0.33288
"829",829,0.33272
"830",830,0.33256
"831",831,0.33237
"832",832,0.33258
"833",833,0.33235
"834",834,0.33212
"835",835,0.33183
"836",836,0.33124
"837",837,0.33089
"838",838,0.33058
"839",839,0.33039
"840",840,0.32997
"841",841,0.32959
"842",842,0.32913
"843",843,0.3283
"844",844,0.32752
"845",845,0.32707
"846",846,0.32639
"847",847,0.32559
"848",848,0.32489
"849",849,0.32399
"850",850,0.32277
"851",851,0.32165
"852",852,0.32062
"853",853,0.31931
"854",854,0.31795
"855",855,0.31658
"856",856,0.315
"857",857,0.31344
"858",858,0.31171
"859",859,0.30992
"860",860,0.30785
"861",861,0.3055
"862",862,0.30317
"863",863,0.30071
"864",864,0.29831
"865",865,0.29584
"866",866,0.29284
"867",867,0.28963
"868",868,0.28589
"869",869,0.28228
"870",870,0.27862
"871",871,0.27469
"872",872,0.27071
"873",873,0.26643
"874",874,0.26183
"875",875,0.25705
"876",876,0.25211
"877",877,0.24692
"878",878,0.24176
"879",879,0.23652
"880",880,0.23107
"881",881,0.22553
"882",882,0.21977
"883",883,0.21387
"884",884,0.20792
"885",885,0.2021
"886",886,0.19638
"887",887,0.19057
"888",888,0.18449
"889",889,0.17883
"890",890,0.17325
"891",891,0.16777
"892",892,0.16245
"893",893,0.1574
"894",894,0.15252
"895",895,0.14769
"896",896,0.14322
"897",897,0.1391
"898",898,0.1351
"899",899,0.13116
"900",900,0.12766
"901",901,0.12469
"902",902,0.12167
"903",903,0.11869
"904",904,0.11623
"905",905,0.11394
"906",906,0.11164
"907",907,0.10987
"908",908,0.1089
"909",909,0.10746
"910",910,0.10601
"911",911,0.10475
"912",912,0.10336
"913",913,0.10221
"914",914,0.10138
"915",915,0.10096
"916",916,0.10032
"917",917,0.099842
"918",918,0.099294
"919",919,0.09852
"920",920,0.098107
"921",921,0.097956
"922",922,0.097725
"923",923,0.097508
"924",924,0.097577
"925",925,0.097548
"926",926,0.097421
"927",927,0.097521
"928",928,0.097859
"929",929,0.098036
"930",930,0.0982
"931",931,0.098432
"932",932,0.098612
"933",933,0.09888
"934",934,0.099212
"935",935,0.099646
"936",936,0.10009
"937",937,0.10059
"938",938,0.10107
"939",939,0.10157
"940",940,0.10216
"941",941,0.10276
"942",942,0.1034
"943",943,0.10421
"944",944,0.10493
"945",945,0.10563
"946",946,0.10635
"947",947,0.10695
"948",948,0.10735
"949",949,0.10803
"950",950,0.10871
"951",951,0.1095
"952",952,0.11057
"953",953,0.11152
"954",954,0.1124
"955",955,0.11334
"956",956,0.1143
"957",957,0.11527
"958",958,0.11626
"959",959,0.11738
"960",960,0.11829
"961",961,0.11905
"962",962,0.11995
"963",963,0.12074
"964",964,0.12163
"965",965,0.1227
"966",966,0.12369
"967",967,0.12466
"968",968,0.12553
"969",969,0.12655
"970",970,0.12762
"971",971,0.12871
"972",972,0.12995
"973",973,0.13108
"974",974,0.13206
"975",975,0.1332
"976",976,0.13445
"977",977,0.13556
"978",978,0.13657
"979",979,0.13782
"980",980,0.13891
"981",981,0.13977
"982",982,0.14091
"983",983,0.14226
"984",984,0.1434
"985",985,0.14454
"986",986,0.14572
"987",987,0.14676
"988",988,0.1479
"989",989,0.14925
"990",990,0.15054
"991",991,0.15159
"992",992,0.15243
"993",993,0.1535
"994",994,0.15441
"995",995,0.15556
"996",996,0.15708
"997",997,0.15837
"998",998,0.15971
"999",999,0.16085
"1000",1000,0.1618
"1001",1001,0.16273
"1002",1002,0.16372
"1003",1003,0.16479
"1004",1004,0.16587
"1005",1005,0.16715
"1006",1006,0.16827
"1007",1007,0.16932
"1008",1008,0.17036
"1009",1009,0.17138
"1010",1010,0.17239
"1011",1011,0.17328
"1012",1012,0.17433
"1013",1013,0.1754
"1014",1014,0.17653
"1015",1015,0.1776
"1016",1016,0.17873
"1017",1017,0.17971
"1018",1018,0.1805
"1019",1019,0.18148
"1020",1020,0.18257
"1021",1021,0.18359
"1022",1022,0.18468
"1023",1023,0.18569
"1024",1024,0.18669
"1025",1025,0.18739
"1026",1026,0.18829
"1027",1027,0.18927
"1028",1028,0.19013
"1029",1029,0.19097
"1030",1030,0.19182
"1031",1031,0.1926
"1032",1032,0.19344
"1033",1033,0.19433
"1034",1034,0.19519
"1035",1035,0.19617
"1036",1036,0.19689
"1037",1037,0.19742
"1038",1038,0.1983
"1039",1039,0.19879
"1040",1040,0.19928
"1041",1041,0.20015
"1042",1042,0.20141
"1043",1043,0.20225
"1044",1044,0.20331
"1045",1045,0.204
"1046",1046,0.20406
"1047",1047,0.20455
"1048",1048,0.20502
"1049",1049,0.2058
"1050",1050,0.20667
"1051",1051,0.20752
"1052",1052,0.20845
"1053",1053,0.20927
"1054",1054,0.20996
"1055",1055,0.21054
"1056",1056,0.21113
"1057",1057,0.21146
"1058",1058,0.21212
"1059",1059,0.21306
"1060",1060,0.21383
"1061",1061,0.21467
"1062",1062,0.21551
"1063",1063,0.2161
"1064",1064,0.21649
"1065",1065,0.2172
"1066",1066,0.21784
"1067",1067,0.21853
"1068",1068,0.21942
"1069",1069,0.22022
"1070",1070,0.22087
"1071",1071,0.22165
"1072",1072,0.22262
"1073",1073,0.22329
"1074",1074,0.22379
"1075",1075,0.22455
"1076",1076,0.22489
"1077",1077,0.22521
"1078",1078,0.2259
"1079",1079,0.22644
"1080",1080,0.22722
"1081",1081,0.22824
"1082",1082,0.22893
"1083",1083,0.22945
"1084",1084,0.23007
"1085",1085,0.23048
"1086",1086,0.23103
"1087",1087,0.23175
"1088",1088,0.23249
"1089",1089,0.23288
"1090",1090,0.23317
"1091",1091,0.23357
"1092",1092,0.234
"1093",1093,0.2346
"1094",1094,0.23538
"1095",1095,0.23612
"1096",1096,0.23691
"1097",1097,0.23761
"1098",1098,0.23847
"1099",1099,0.23906
"1100",1100,0.23945
"1101",1101,0.23978
"1102",1102,0.24025
"1103",1103,0.24064
"1104",1104,0.24123
"1105",1105,0.24188
"1106",1106,0.24244
"1107",1107,0.24291
"1108",1108,0.24331
"1109",1109,0.24382
"1110",1110,0.24425
"1111",1111,0.24465
"1112",1112,0.24504
"1113",1113,0.24528
"1114",1114,0.24573
"1115",1115,0.24633
"1116",1116,0.24687
"1117",1117,0.24727
"1118",1118,0.2479
"1119",1119,0.2483
"1120",1120,0.24859
"1121",1121,0.24949
"1122",1122,0.25019
"1123",1123,0.25049
"1124",1124,0.25096
"1125",1125,0.25122
"1126",1126,0.25089
"1127",1127,0.25124
"1128",1128,0.25197
"1129",1129,0.25239
"1130",1130,0.25299
"1131",1131,0.25335
"1132",1132,0.25362
"1133",1133,0.25405
"1134",1134,0.25419
"1135",1135,0.25471
"1136",1136,0.25509
"1137",1137,0.25487
"1138",1138,0.25513
"1139",1139,0.25544
"1140",1140,0.25548
"1141",1141,0.25612
"1142",1142,0.2564
"1143",1143,0.25637
"1144",1144,0.25651
"1145",1145,0.2567
"1146",1146,0.2567
"1147",1147,0.25684
"1148",1148,0.25746
"1149",1149,0.25771
"1150",1150,0.25767
"1151",1151,0.2577
"1152",1152,0.25762
"1153",1153,0.25756
"1154",1154,0.25786
"1155",1155,0.25813
"1156",1156,0.25832
"1157",1157,0.25852
"1158",1158,0.25829
"1159",1159,0.25825
"1160",1160,0.25808
"1161",1161,0.25817
"1162",1162,0.25835
"1163",1163,0.25885
"1164",1164,0.25915
"1165",1165,0.25932
"1166",1166,0.25955
"1167",1167,0.25951
"1168",1168,0.25943
"1169",1169,0.25955
"1170",1170,0.25934
"1171",1171,0.25922
"1172",1172,0.25949
"1173",1173,0.25961
"1174",1174,0.25985
"1175",1175,0.25995
"1176",1176,0.26
"1177",1177,0.25992
"1178",1178,0.25989
"1179",1179,0.25969
"1180",1180,0.25991
"1181",1181,0.2602
"1182",1182,0.25993
"1183",1183,0.25992
"1184",1184,0.25997
"1185",1185,0.25967
"1186",1186,0.25967
"1187",1187,0.25977
"1188",1188,0.25988
"1189",1189,0.26032
"1190",1190,0.26076
"1191",1191,0.26104
"1192",1192,0.26117
"1193",1193,0.26095
"1194",1194,0.26079
"1195",1195,0.26081
"1196",1196,0.26105
"1197",1197,0.26105
"1198",1198,0.26095
"1199",1199,0.26113
"1200",1200,0.26134
"1201",1201,0.26151
"1202",1202,0.26218
"1203",1203,0.26228
"1204",1204,0.26191
"1205",1205,0.26199
"1206",1206,0.26177
"1207",1207,0.26185
"1208",1208,0.26235
"1209",1209,0.26218
"1210",1210,0.26194
"1211",1211,0.26195
"1212",1212,0.26171
"1213",1213,0.26192
"1214",1214,0.26194
"1215",1215,0.26198
"1216",1216,0.26185
"1217",1217,0.26161
"1218",1218,0.26122
"1219",1219,0.26133
"1220",1220,0.26166
"1221",1221,0.26202
"1222",1222,0.26249
"1223",1223,0.26226
"1224",1224,0.2618
"1225",1225,0.26147
"1226",1226,0.26113
"1227",1227,0.26109
"1228",1228,0.26115
"1229",1229,0.26105
"1230",1230,0.26075
"1231",1231,0.26036
"1232",1232,0.26021
"1233",1233,0.26034
"1234",1234,0.26044
"1235",1235,0.26019
"1236",1236,0.25972
"1237",1237,0.25928
"1238",1238,0.25848
"1239",1239,0.25788
"1240",1240,0.25776
"1241",1241,0.25745
"1242",1242,0.25724
"1243",1243,0.25717
"1244",1244,0.25717
"1245",1245,0.25716
"1246",1246,0.25698
"1247",1247,0.25629
"1248",1248,0.25513
"1249",1249,0.25432
"1250",1250,0.25337
"1251",1251,0.25285
"1252",1252,0.25288
"1253",1253,0.25241
"1254",1254,0.25222
"1255",1255,0.252
"1256",1256,0.25149
"1257",1257,0.25071
"1258",1258,0.2501
"1259",1259,0.24905
"1260",1260,0.24858
"1261",1261,0.24866
"1262",1262,0.24832
"1263",1263,0.24806
"1264",1264,0.24779
"1265",1265,0.24701
"1266",1266,0.2457
"1267",1267,0.245
"1268",1268,0.2446
"1269",1269,0.24367
"1270",1270,0.24298
"1271",1271,0.24216
"1272",1272,0.2413
"1273",1273,0.2417
"1274",1274,0.24228
"1275",1275,0.24203
"1276",1276,0.24166
"1277",1277,0.24107
"1278",1278,0.24
"1279",1279,0.23939
"1280",1280,0.2393
"1281",1281,0.23903
"1282",1282,0.23887
"1283",1283,0.23842
"1284",1284,0.23784
"1285",1285,0.23709
"1286",1286,0.23574
"1287",1287,0.235
"1288",1288,0.23455
"1289",1289,0.23438
"1290",1290,0.23472
"1291",1291,0.23478
"1292",1292,0.2347
"1293",1293,0.2341
"1294",1294,0.23306
"1295",1295,0.23206
"1296",1296,0.2308
"1297",1297,0.22991
"1298",1298,0.22959
"1299",1299,0.22919
"1300",1300,0.22923
"1301",1301,0.22919
"1302",1302,0.22839
"1303",1303,0.22778
"1304",1304,0.22693
"1305",1305,0.22601
"1306",1306,0.22551
"1307",1307,0.22485
"1308",1308,0.22478
"1309",1309,0.22497
"1310",1310,0.2247
"1311",1311,0.22431
"1312",1312,0.22385
"1313",1313,0.2229
"1314",1314,0.22241
"1315",1315,0.2224
"1316",1316,0.22209
"1317",1317,0.22153
"1318",1318,0.22114
"1319",1319,0.2207
"1320",1320,0.22037
"1321",1321,0.22017
"1322",1322,0.22037
"1323",1323,0.21997
"1324",1324,0.21912
"1325",1325,0.21821
"1326",1326,0.21773
"1327",1327,0.21791
"1328",1328,0.21771
"1329",1329,0.2179
"1330",1330,0.21808
"1331",1331,0.21733
"1332",1332,0.21708
"1333",1333,0.21621
"1334",1334,0.21452
"1335",1335,0.21372
"1336",1336,0.21309
"1337",1337,0.21276
"1338",1338,0.21301
"1339",1339,0.21272
"1340",1340,0.21227
"1341",1341,0.21172
"1342",1342,0.21032
"1343",1343,0.20929
"1344",1344,0.20876
"1345",1345,0.20795
"1346",1346,0.20723
"1347",1347,0.2069
"1348",1348,0.20664
"1349",1349,0.20612
"1350",1350,0.20576
"1351",1351,0.20532
"1352",1352,0.20437
"1353",1353,0.20393
"1354",1354,0.20452
"1355",1355,0.2042
"1356",1356,0.20318
"1357",1357,0.2026
"1358",1358,0.20146
"1359",1359,0.20077
"1360",1360,0.20108
"1361",1361,0.20082
"1362",1362,0.20029
"1363",1363,0.19984
"1364",1364,0.19873
"1365",1365,0.19831
"1366",1366,0.1984
"1367",1367,0.19877
"1368",1368,0.19852
"1369",1369,0.19819
"1370",1370,0.19753
"1371",1371,0.19565
"1372",1372,0.19417
"1373",1373,0.19401
"1374",1374,0.19376
"1375",1375,0.19355
"1376",1376,0.1934
"1377",1377,0.19313
"1378",1378,0.19203
"1379",1379,0.19088
"1380",1380,0.19053
"1381",1381,0.1891
"1382",1382,0.18817
"1383",1383,0.18866
"1384",1384,0.18811
"1385",1385,0.18746
"1386",1386,0.18776
"1387",1387,0.18728
"1388",1388,0.1862
"1389",1389,0.18606
"1390",1390,0.18438
"1391",1391,0.18105
"1392",1392,0.17969
"1393",1393,0.17857
"1394",1394,0.17863
"1395",1395,0.18137
"1396",1396,0.18125
"1397",1397,0.17988
"1398",1398,0.17923
"1399",1399,0.17734
"1400",1400,0.1763
"1401",1401,0.17685
"1402",1402,0.17671
"1403",1403,0.1759
"1404",1404,0.17455
"1405",1405,0.17267
"1406",1406,0.17172
"1407",1407,0.17034
"1408",1408,0.17019
"1409",1409,0.1721
"1410",1410,0.17229
"1411",1411,0.17192
"1412",1412,0.17135
"1413",1413,0.17055
"1414",1414,0.16893
"1415",1415,0.16541
"1416",1416,0.16478
"1417",1417,0.16505
"1418",1418,0.16521
"1419",1419,0.16938
"1420",1420,0.16878
"1421",1421,0.16442
"1422",1422,0.16168
"1423",1423,0.15485
"1424",1424,0.15401
"1425",1425,0.15911
"1426",1426,0.15981
"1427",1427,0.16214
"1428",1428,0.16224
"1429",1429,0.15719
"1430",1430,0.15572
"1431",1431,0.1567
"1432",1432,0.15652
"1433",1433,0.15656
"1434",1434,0.15591
"1435",1435,0.15362
"1436",1436,0.15334
"1437",1437,0.15548
"1438",1438,0.15491
"1439",1439,0.15386
"1440",1440,0.15256
"1441",1441,0.14738
"1442",1442,0.14606
"1443",1443,0.14805
"1444",1444,0.14882
"1445",1445,0.1528
"1446",1446,0.15202
"1447",1447,0.14643
"1448",1448,0.14407
"1449",1449,0.14015
"1450",1450,0.13778
"1451",1451,0.13961
"1452",1452,0.13837
"1453",1453,0.13367
"1454",1454,0.13243
"1455",1455,0.1329
"1456",1456,0.13241
"1457",1457,0.13439
"1458",1458,0.13406
"1459",1459,0.12986
"1460",1460,0.129
"1461",1461,0.13031
"1462",1462,0.12996
"1463",1463,0.13042
"1464",1464,0.13037
"1465",1465,0.12718
"1466",1466,0.12754
"1467",1467,0.13189
"1468",1468,0.13301
"1469",1469,0.13537
"1470",1470,0.13485
"1471",1471,0.13062
"1472",1472,0.12689
"1473",1473,0.1195
"1474",1474,0.11683
"1475",1475,0.11591
"1476",1476,0.11567
"1477",1477,0.12116
"1478",1478,0.12204
"1479",1479,0.11995
"1480",1480,0.11895
"1481",1481,0.11473
"1482",1482,0.11527
"1483",1483,0.12142
"1484",1484,0.1221
"1485",1485,0.12204
"1486",1486,0.12207
"1487",1487,0.11829
"1488",1488,0.11595
"1489",1489,0.1148
"1490",1490,0.11606
"1491",1491,0.11821
"1492",1492,0.11827
"1493",1493,0.1215
"1494",1494,0.12026
"1495",1495,0.11283
"1496",1496,0.11097
"1497",1497,0.11161
"1498",1498,0.11179
"1499",1499,0.11299
"1500",1500,0.1108
"1501",1501,0.10507
"1502",1502,0.045011
"1503",1503,0.043847
"1504",1504,0.043345
"1505",1505,0.039604
"1506",1506,0.039868
"1507",1507,0.044642
"1508",1508,0.050607
"1509",1509,0.044848
"1510",1510,0.041221
"1511",1511,0.043071
"1512",1512,0.039672
"1513",1513,0.044341
"1514",1514,0.051004
"1515",1515,0.043749
"1516",1516,0.038803
"1517",1517,0.037438
"1518",1518,0.037165
"1519",1519,0.036986
"1520",1520,0.034523
"1521",1521,0.030402
"1522",1522,0.033907
"1523",1523,0.041902
"1524",1524,0.047794
"1525",1525,0.03836
"1526",1526,0.032737
"1527",1527,0.03403
"1528",1528,0.036656
"1529",1529,0.039357
"1530",1530,0.039871
"1531",1531,0.036941
"1532",1532,0.034989
"1533",1533,0.036277
"1534",1534,0.040141
"1535",1535,0.039182
"1536",1536,0.03734
"1537",1537,0.036724
"1538",1538,0.037735
"1539",1539,0.03713
"1540",1540,0.037825
"1541",1541,0.045136
"1542",1542,0.039912
"1543",1543,0.03214
"1544",1544,0.034695
"1545",1545,0.034612
"1546",1546,0.033998
"1547",1547,0.034142
"1548",1548,0.030588
"1549",1549,0.030092
"1550",1550,0.033611
"1551",1551,0.036283
"1552",1552,0.036771
"1553",1553,0.036536
"1554",1554,0.038259
"1555",1555,0.037415
"1556",1556,0.03499
"1557",1557,0.033472
"1558",1558,0.038369
"1559",1559,0.039852
"1560",1560,0.034687
"1561",1561,0.034099
"1562",1562,0.036243
"1563",1563,0.038117
"1564",1564,0.034566
"1565",1565,0.035994
"1566",1566,0.038523
"1567",1567,0.034162
"1568",1568,0.034386
"1569",1569,0.036899
"1570",1570,0.037862
"1571",1571,0.036941
"1572",1572,0.035611
"1573",1573,0.034891
"1574",1574,0.035054
"1575",1575,0.035406
"1576",1576,0.035453
"1577",1577,0.034749
"1578",1578,0.034492
"1579",1579,0.034501
"1580",1580,0.034283
"1581",1581,0.035119
"1582",1582,0.035469
"1583",1583,0.034505
"1584",1584,0.035211
"1585",1585,0.03521
"1586",1586,0.033935
"1587",1587,0.033799
"1588",1588,0.033913
"1589",1589,0.03421
"1590",1590,0.035006
"1591",1591,0.034631
"1592",1592,0.033968
"1593",1593,0.034357
"1594",1594,0.034635
"1595",1595,0.034835
"1596",1596,0.035028
"1597",1597,0.034992
"1598",1598,0.034836
"1599",1599,0.034702
"1600",1600,0.034754
"1601",1601,0.035534
"1602",1602,0.036365
"1603",1603,0.03592
"1604",1604,0.035163
"1605",1605,0.034691
"1606",1606,0.034843
"1607",1607,0.035078
"1608",1608,0.034805
"1609",1609,0.034033
"1610",1610,0.034156
"1611",1611,0.034687
"1612",1612,0.035179
"1613",1613,0.035097
"1614",1614,0.034978
"1615",1615,0.035044
"1616",1616,0.035336
"1617",1617,0.035005
"1618",1618,0.034551
"1619",1619,0.034534
"1620",1620,0.034729
"1621",1621,0.034907
"1622",1622,0.034964
"1623",1623,0.03506
"1624",1624,0.03468
"1625",1625,0.03416
"1626",1626,0.034478
"1627",1627,0.035022
"1628",1628,0.03534
"1629",1629,0.035118
"1630",1630,0.034892
"1631",1631,0.034848
"1632",1632,0.035018
"1633",1633,0.035154
"1634",1634,0.03542
"1635",1635,0.03571
"1636",1636,0.035494
"1637",1637,0.035485
"1638",1638,0.035853
"1639",1639,0.036468
"1640",1640,0.036306
"1641",1641,0.035873
"1642",1642,0.035782
"1643",1643,0.035251
"1644",1644,0.035387
"1645",1645,0.036416
"1646",1646,0.036576
"1647",1647,0.036427
"1648",1648,0.036425
"1649",1649,0.037078
"1650",1650,0.037297
"1651",1651,0.03749
"1652",1652,0.038355
"1653",1653,0.038313
"1654",1654,0.038456
"1655",1655,0.039606
"1656",1656,0.040699
"1657",1657,0.041551
"1658",1658,0.04229
"1659",1659,0.043517
"1660",1660,0.044567
"1661",1661,0.045345
"1662",1662,0.04605
"1663",1663,0.047573
"1664",1664,0.049437
"1665",1665,0.051035
"1666",1666,0.052817
"1667",1667,0.054709
"1668",1668,0.056687
"1669",1669,0.058915
"1670",1670,0.061281
"1671",1671,0.063741
"1672",1672,0.066299
"1673",1673,0.068919
"1674",1674,0.071625
"1675",1675,0.074401
"1676",1676,0.076727
"1677",1677,0.079132
"1678",1678,0.08189
"1679",1679,0.084103
"1680",1680,0.086052
"1681",1681,0.087967
"1682",1682,0.090043
"1683",1683,0.092059
"1684",1684,0.093699
"1685",1685,0.094642
"1686",1686,0.095902
"1687",1687,0.097147
"1688",1688,0.09792
"1689",1689,0.098566
"1690",1690,0.099146
"1691",1691,0.099722
"1692",1692,0.10047
"1693",1693,0.10089
"1694",1694,0.10109
"1695",1695,0.10157
"1696",1696,0.10193
"1697",1697,0.10217
"1698",1698,0.10245
"1699",1699,0.10275
"1700",1700,0.10296
"1701",1701,0.10307
"1702",1702,0.10343
"1703",1703,0.10365
"1704",1704,0.10363
"1705",1705,0.10368
"1706",1706,0.10342
"1707",1707,0.10309
"1708",1708,0.10307
"1709",1709,0.10248
"1710",1710,0.10162
"1711",1711,0.10082
"1712",1712,0.099803
"1713",1713,0.098654
"1714",1714,0.097385
"1715",1715,0.095872
"1716",1716,0.094273
"1717",1717,0.092667
"1718",1718,0.091093
"1719",1719,0.089482
"1720",1720,0.087756
"1721",1721,0.085885
"1722",1722,0.084065
"1723",1723,0.082187
"1724",1724,0.080267
"1725",1725,0.078661
"1726",1726,0.077046
"1727",1727,0.075374
"1728",1728,0.073793
"1729",1729,0.072541
"1730",1730,0.071361
"1731",1731,0.069934
"1732",1732,0.068796
"1733",1733,0.06781
"1734",1734,0.066818
"1735",1735,0.065808
"1736",1736,0.064831
"1737",1737,0.063961
"1738",1738,0.063314
"1739",1739,0.062579
"1740",1740,0.061822
"1741",1741,0.061238
"1742",1742,0.060684
"1743",1743,0.060183
"1744",1744,0.059749
"1745",1745,0.059288
"1746",1746,0.058823
"1747",1747,0.058383
"1748",1748,0.057994
"1749",1749,0.057754
"1750",1750,0.057528
"1751",1751,0.05708
"1752",1752,0.056929
"1753",1753,0.056733
"1754",1754,0.056183
"1755",1755,0.055888
"1756",1756,0.055612
"1757",1757,0.05524
"1758",1758,0.054915
"1759",1759,0.054512
"1760",1760,0.05404
"1761",1761,0.053576
"1762",1762,0.052996
"1763",1763,0.052435
"1764",1764,0.051993
"1765",1765,0.051274
"1766",1766,0.050675
"1767",1767,0.05033
"1768",1768,0.049792
"1769",1769,0.049369
"1770",1770,0.048989
"1771",1771,0.048359
"1772",1772,0.047971
"1773",1773,0.047638
"1774",1774,0.047115
"1775",1775,0.046877
"1776",1776,0.04662
"1777",1777,0.046218
"1778",1778,0.046033
"1779",1779,0.045974
"1780",1780,0.045932
"1781",1781,0.045763
"1782",1782,0.045516
"1783",1783,0.045328
"1784",1784,0.045288
"1785",1785,0.04505
"1786",1786,0.044828
"1787",1787,0.04471
"1788",1788,0.044386
"1789",1789,0.043993
"1790",1790,0.043551
"1791",1791,0.042987
"1792",1792,0.042521
"1793",1793,0.042059
"1794",1794,0.041459
"1795",1795,0.040913
"1796",1796,0.040402
"1797",1797,0.039907
"1798",1798,0.039484
"1799",1799,0.039022
"1800",1800,0.038572
"1801",1801,0.038342
"1802",1802,0.038226
"1803",1803,0.038062
"1804",1804,0.037737
"1805",1805,0.037676
"1806",1806,0.037667
"1807",1807,0.03754
"1808",1808,0.037404
"1809",1809,0.037359
"1810",1810,0.037363
"1811",1811,0.037227
"1812",1812,0.037196
"1813",1813,0.037147
"1814",1814,0.03691
"1815",1815,0.036868
"1816",1816,0.036924
"1817",1817,0.036999
"1818",1818,0.037225
"1819",1819,0.037343
"1820",1820,0.037405
"1821",1821,0.037753
"1822",1822,0.038142
"1823",1823,0.038537
"1824",1824,0.038961
"1825",1825,0.039441
"1826",1826,0.039994
"1827",1827,0.040607
"1828",1828,0.041188
"1829",1829,0.041824
"1830",1830,0.042535
"1831",1831,0.043289
"1832",1832,0.044143
"1833",1833,0.044965
"1834",1834,0.045635
"1835",1835,0.046456
"1836",1836,0.047328
"1837",1837,0.048153
"1838",1838,0.048895
"1839",1839,0.049736
"1840",1840,0.050733
"1841",1841,0.051852
"1842",1842,0.053381
"1843",1843,0.055371
"1844",1844,0.057845
"1845",1845,0.061007
"1846",1846,0.064926
"1847",1847,0.069626
"1848",1848,0.075078
"1849",1849,0.081325
"1850",1850,0.088369
"1851",1851,0.096175
"1852",1852,0.10456
"1853",1853,0.11333
"1854",1854,0.12237
"1855",1855,0.13178
"1856",1856,0.14134
"1857",1857,0.1509
"1858",1858,0.1605
"1859",1859,0.17009
"1860",1860,0.17963
"1861",1861,0.1891
"1862",1862,0.1986
"1863",1863,0.20811
"1864",1864,0.21758
"1865",1865,0.22699
"1866",1866,0.23632
"1867",1867,0.24555
"1868",1868,0.2547
"1869",1869,0.26382
"1870",1870,0.27289
"1871",1871,0.28182
"1872",1872,0.29061
"1873",1873,0.29926
"1874",1874,0.30774
"1875",1875,0.31611
"1876",1876,0.32426
"1877",1877,0.33217
"1878",1878,0.33987
"1879",1879,0.34728
"1880",1880,0.35447
"1881",1881,0.36151
"1882",1882,0.36812
"1883",1883,0.37446
"1884",1884,0.3806
"1885",1885,0.38632
"1886",1886,0.39178
"1887",1887,0.39696
"1888",1888,0.40179
"1889",1889,0.40633
"1890",1890,0.41059
"1891",1891,0.41457
"1892",1892,0.41827
"1893",1893,0.42171
"1894",1894,0.42487
"1895",1895,0.42774
"1896",1896,0.43032
"1897",1897,0.43266
"1898",1898,0.4348
"1899",1899,0.43666
"1900",1900,0.43828
"1901",1901,0.43974
"1902",1902,0.44111
"1903",1903,0.44226
"1904",1904,0.44321
"1905",1905,0.44413
"1906",1906,0.44486
"1907",1907,0.44546
"1908",1908,0.44604
"1909",1909,0.44651
"1910",1910,0.44691
"1911",1911,0.44726
"1912",1912,0.44759
"1913",1913,0.44781
"1914",1914,0.44793
"1915",1915,0.44807
"1916",1916,0.44813
"1917",1917,0.44813
"1918",1918,0.44814
"1919",1919,0.44811
"1920",1920,0.44805
"1921",1921,0.44798
"1922",1922,0.44794
"1923",1923,0.44781
"1924",1924,0.44764
"1925",1925,0.44758
"1926",1926,0.44745
"1927",1927,0.44732
"1928",1928,0.44727
"1929",1929,0.44717
"1930",1930,0.44707
"1931",1931,0.44698
"1932",1932,0.44689
"1933",1933,0.44687
"1934",1934,0.44684
"1935",1935,0.44674
"1936",1936,0.4467
"1937",1937,0.44669
"1938",1938,0.44668
"1939",1939,0.44657
"1940",1940,0.44652
"1941",1941,0.44654
"1942",1942,0.44653
"1943",1943,0.4465
"1944",1944,0.44645
"1945",1945,0.44639
"1946",1946,0.44637
"1947",1947,0.44633
"1948",1948,0.44626
"1949",1949,0.4463
"1950",1950,0.4463
"1951",1951,0.4463
"1952",1952,0.44636
"1953",1953,0.44636
"1954",1954,0.44631
"1955",1955,0.44626
"1956",1956,0.44635
"1957",1957,0.44639
"1958",1958,0.44635
"1959",1959,0.44628
"1960",1960,0.44629
"1961",1961,0.44632
"1962",1962,0.44629
"1963",1963,0.44625
"1964",1964,0.44627
"1965",1965,0.44633
"1966",1966,0.44637
"1967",1967,0.44636
"1968",1968,0.44635
"1969",1969,0.44644
"1970",1970,0.44645
"1971",1971,0.44643
"1972",1972,0.44647
"1973",1973,0.44655
"1974",1974,0.44653
"1975",1975,0.44647
"1976",1976,0.44654
"1977",1977,0.44655
"1978",1978,0.44653
"1979",1979,0.44657
"1980",1980,0.4466
"1981",1981,0.44662
"1982",1982,0.44664
"1983",1983,0.44669
"1984",1984,0.44668
"1985",1985,0.44664
"1986",1986,0.44661
"1987",1987,0.44671
"1988",1988,0.4468
"1989",1989,0.4468
"1990",1990,0.4468
"1991",1991,0.44674
"1992",1992,0.4467
"1993",1993,0.4468
"1994",1994,0.44679
"1995",1995,0.44678
"1996",1996,0.44685
"1997",1997,0.44685
"1998",1998,0.44685
"1999",1999,0.44691
"2000",2000,0.44707
"2001",2001,0.44707
"2002",2002,0.44698
"2003",2003,0.44695
"2004",2004,0.44694
"2005",2005,0.44694
"2006",2006,0.44694
"2007",2007,0.44693
"2008",2008,0.447
"2009",2009,0.44706
"2010",2010,0.44692
"2011",2011,0.44698
"2012",2012,0.44703
"2013",2013,0.44696
"2014",2014,0.44695
"2015",2015,0.44698
"2016",2016,0.44699
"2017",2017,0.44688
"2018",2018,0.44683
"2019",2019,0.44687
"2020",2020,0.44693
"2021",2021,0.44689
"2022",2022,0.44688
"2023",2023,0.44691
"2024",2024,0.44687
"2025",2025,0.44687
"2026",2026,0.44684
"2027",2027,0.44672
"2028",2028,0.44666
"2029",2029,0.44667
"2030",2030,0.4467
"2031",2031,0.44668
"2032",2032,0.44667
"2033",2033,0.44665
"2034",2034,0.44658
"2035",2035,0.44658
"2036",2036,0.44659
"2037",2037,0.44658
"2038",2038,0.44664
"2039",2039,0.44661
"2040",2040,0.44651
"2041",2041,0.44642
"2042",2042,0.4464
"2043",2043,0.44641
"2044",2044,0.44641
"2045",2045,0.44635
"2046",2046,0.44639
"2047",2047,0.44644
"2048",2048,0.44635
"2049",2049,0.44623
"2050",2050,0.44617
"2051",2051,0.44617
"2052",2052,0.44609
"2053",2053,0.4461
"2054",2054,0.44616
"2055",2055,0.44608
"2056",2056,0.44593
"2057",2057,0.4459
"2058",2058,0.44609
"2059",2059,0.446
"2060",2060,0.44588
"2061",2061,0.44586
"2062",2062,0.44584
"2063",2063,0.44568
"2064",2064,0.44556
"2065",2065,0.44571
"2066",2066,0.44569
"2067",2067,0.44562
"2068",2068,0.44557
"2069",2069,0.44557
"2070",2070,0.44552
"2071",2071,0.44546
"2072",2072,0.44545
"2073",2073,0.44525
"2074",2074,0.44513
"2075",2075,0.4452
"2076",2076,0.44524
"2077",2077,0.44518
"2078",2078,0.44511
"2079",2079,0.44518
"2080",2080,0.4452
"2081",2081,0.44519
"2082",2082,0.44514
"2083",2083,0.44489
"2084",2084,0.44472
"2085",2085,0.44455
"2086",2086,0.44421
"2087",2087,0.44428
"2088",2088,0.44429
"2089",2089,0.44397
"2090",2090,0.44392
"2091",2091,0.44393
"2092",2092,0.44391
"2093",2093,0.44377
"2094",2094,0.44359
"2095",2095,0.4434
"2096",2096,0.44321
"2097",2097,0.44327
"2098",2098,0.44304
"2099",2099,0.44267
"2100",2100,0.4428
"2101",2101,0.44263
"2102",2102,0.44235
"2103",2103,0.44223
"2104",2104,0.4421
"2105",2105,0.44193
"2106",2106,0.44178
"2107",2107,0.44182
"2108",2108,0.44152
"2109",2109,0.44116
"2110",2110,0.44102
"2111",2111,0.44078
"2112",2112,0.44063
"2113",2113,0.44054
"2114",2114,0.44035
"2115",2115,0.44014
"2116",2116,0.44004
"2117",2117,0.4401
"2118",2118,0.44015
"2119",2119,0.44005
"2120",2120,0.43986
"2121",2121,0.43985
"2122",2122,0.43972
"2123",2123,0.4397
"2124",2124,0.43993
"2125",2125,0.44
"2126",2126,0.4398
"2127",2127,0.43951
"2128",2128,0.43947
"2129",2129,0.4394
"2130",2130,0.43939
"2131",2131,0.43953
"2132",2132,0.43946
"2133",2133,0.43955
"2134",2134,0.43966
"2135",2135,0.43925
"2136",2136,0.43921
"2137",2137,0.43944
"2138",2138,0.43961
"2139",2139,0.43945
"2140",2140,0.43933
"2141",2141,0.43933
"2142",2142,0.43922
"2143",2143,0.43926
"2144",2144,0.43945
"2145",2145,0.43966
"2146",2146,0.43961
"2147",2147,0.43948
"2148",2148,0.4394
"2149",2149,0.43941
"2150",2150,0.43929
"2151",2151,0.43931
