"","wavelength","pasture_mean_reflectance"
"1",1,0.794763
"2",2,0.793547
"3",3,0.794872
"4",4,0.796027
"5",5,0.797257
"6",6,0.798273
"7",7,0.799118
"8",8,0.800125
"9",9,0.801137
"10",10,0.802036
"11",11,0.803111
"12",12,0.804122
"13",13,0.805083
"14",14,0.806093
"15",15,0.807196
"16",16,0.808455
"17",17,0.809604
"18",18,0.81075
"19",19,0.811877
"20",20,0.812949
"21",21,0.814017
"22",22,0.815052
"23",23,0.816231
"24",24,0.817288
"25",25,0.818246
"26",26,0.819245
"27",27,0.820169
"28",28,0.821215
"29",29,0.82239
"30",30,0.823514
"31",31,0.824762
"32",32,0.825792
"33",33,0.826672
"34",34,0.827618
"35",35,0.828464
"36",36,0.829431
"37",37,0.830442
"38",38,0.831252
"39",39,0.832116
"40",40,0.832916
"41",41,0.833602
"42",42,0.834608
"43",43,0.835481
"44",44,0.836048
"45",45,0.836636
"46",46,0.837174
"47",47,0.837773
"48",48,0.838309
"49",49,0.839084
"50",50,0.840017
"51",51,0.840654
"52",52,0.841207
"53",53,0.841874
"54",54,0.842371
"55",55,0.842915
"56",56,0.843389
"57",57,0.843735
"58",58,0.844171
"59",59,0.844561
"60",60,0.845058
"61",61,0.845467
"62",62,0.845887
"63",63,0.84608
"64",64,0.846321
"65",65,0.846599
"66",66,0.846886
"67",67,0.847172
"68",68,0.847415
"69",69,0.847563
"70",70,0.847567
"71",71,0.847693
"72",72,0.847918
"73",73,0.848042
"74",74,0.848097
"75",75,0.848135
"76",76,0.848096
"77",77,0.847814
"78",78,0.847689
"79",79,0.847644
"80",80,0.847613
"81",81,0.847413
"82",82,0.847335
"83",83,0.847249
"84",84,0.846934
"85",85,0.846632
"86",86,0.846349
"87",87,0.846033
"88",88,0.845702
"89",89,0.845318
"90",90,0.844918
"91",91,0.844528
"92",92,0.844076
"93",93,0.843612
"94",94,0.843165
"95",95,0.842751
"96",96,0.842242
"97",97,0.841706
"98",98,0.841191
"99",99,0.84064
"100",100,0.839935
"101",101,0.83924
"102",102,0.838674
"103",103,0.837989
"104",104,0.837329
"105",105,0.836751
"106",106,0.836101
"107",107,0.835353
"108",108,0.834669
"109",109,0.834037
"110",110,0.833339
"111",111,0.832647
"112",112,0.831882
"113",113,0.831073
"114",114,0.830285
"115",115,0.82941
"116",116,0.828488
"117",117,0.827609
"118",118,0.826611
"119",119,0.825466
"120",120,0.824261
"121",121,0.82291
"122",122,0.821453
"123",123,0.819796
"124",124,0.818033
"125",125,0.816111
"126",126,0.814058
"127",127,0.811741
"128",128,0.809259
"129",129,0.806623
"130",130,0.803677
"131",131,0.800563
"132",132,0.797203
"133",133,0.793525
"134",134,0.789618
"135",135,0.785419
"136",136,0.78103
"137",137,0.776367
"138",138,0.77163
"139",139,0.766589
"140",140,0.761651
"141",141,0.756645
"142",142,0.751658
"143",143,0.746591
"144",144,0.741656
"145",145,0.736678
"146",146,0.731862
"147",147,0.727306
"148",148,0.722969
"149",149,0.718839
"150",150,0.714886
"151",151,0.711281
"152",152,0.707855
"153",153,0.704794
"154",154,0.702156
"155",155,0.699599
"156",156,0.697199
"157",157,0.695119
"158",158,0.693273
"159",159,0.691635
"160",160,0.690364
"161",161,0.689137
"162",162,0.688025
"163",163,0.687069
"164",164,0.686254
"165",165,0.685586
"166",166,0.684971
"167",167,0.684496
"168",168,0.684047
"169",169,0.683659
"170",170,0.683321
"171",171,0.68312
"172",172,0.682812
"173",173,0.682479
"174",174,0.682184
"175",175,0.681869
"176",176,0.681574
"177",177,0.68136
"178",178,0.681089
"179",179,0.680751
"180",180,0.680469
"181",181,0.680198
"182",182,0.679944
"183",183,0.679665
"184",184,0.679406
"185",185,0.679127
"186",186,0.678779
"187",187,0.678523
"188",188,0.678314
"189",189,0.6781
"190",190,0.677891
"191",191,0.677742
"192",192,0.677613
"193",193,0.677523
"194",194,0.677477
"195",195,0.677475
"196",196,0.677495
"197",197,0.677551
"198",198,0.677641
"199",199,0.677763
"200",200,0.677933
"201",201,0.67813
"202",202,0.678359
"203",203,0.678651
"204",204,0.678921
"205",205,0.679161
"206",206,0.679489
"207",207,0.679872
"208",208,0.680237
"209",209,0.680657
"210",210,0.681064
"211",211,0.68142
"212",212,0.681847
"213",213,0.68234
"214",214,0.682809
"215",215,0.683296
"216",216,0.683778
"217",217,0.68426
"218",218,0.684788
"219",219,0.68532
"220",220,0.685884
"221",221,0.686449
"222",222,0.687018
"223",223,0.687601
"224",224,0.688246
"225",225,0.688834
"226",226,0.689393
"227",227,0.689973
"228",228,0.69054
"229",229,0.691109
"230",230,0.691704
"231",231,0.692276
"232",232,0.692823
"233",233,0.693386
"234",234,0.693949
"235",235,0.694491
"236",236,0.69506
"237",237,0.695585
"238",238,0.696098
"239",239,0.696591
"240",240,0.6971
"241",241,0.697596
"242",242,0.698089
"243",243,0.698588
"244",244,0.699073
"245",245,0.699543
"246",246,0.699997
"247",247,0.70046
"248",248,0.700892
"249",249,0.701277
"250",250,0.701677
"251",251,0.702085
"252",252,0.702467
"253",253,0.702804
"254",254,0.703168
"255",255,0.703515
"256",256,0.703798
"257",257,0.704083
"258",258,0.704357
"259",259,0.704605
"260",260,0.704835
"261",261,0.705015
"262",262,0.705196
"263",263,0.70529
"264",264,0.705275
"265",265,0.705305
"266",266,0.705338
"267",267,0.705306
"268",268,0.70527
"269",269,0.705189
"270",270,0.705051
"271",271,0.70487
"272",272,0.704684
"273",273,0.704443
"274",274,0.704146
"275",275,0.703814
"276",276,0.703457
"277",277,0.70309
"278",278,0.702678
"279",279,0.702213
"280",280,0.70172
"281",281,0.701183
"282",282,0.70061
"283",283,0.700013
"284",284,0.699362
"285",285,0.698664
"286",286,0.697921
"287",287,0.697153
"288",288,0.696308
"289",289,0.695387
"290",290,0.694459
"291",291,0.693505
"292",292,0.692464
"293",293,0.691394
"294",294,0.690276
"295",295,0.689066
"296",296,0.687815
"297",297,0.686537
"298",298,0.685218
"299",299,0.683826
"300",300,0.682354
"301",301,0.68082
"302",302,0.679203
"303",303,0.677531
"304",304,0.675791
"305",305,0.674014
"306",306,0.672183
"307",307,0.670293
"308",308,0.668369
"309",309,0.666349
"310",310,0.664252
"311",311,0.662095
"312",312,0.659852
"313",313,0.657552
"314",314,0.655215
"315",315,0.652804
"316",316,0.650345
"317",317,0.647805
"318",318,0.645186
"319",319,0.642517
"320",320,0.63978
"321",321,0.637006
"322",322,0.634152
"323",323,0.631228
"324",324,0.628281
"325",325,0.625259
"326",326,0.622241
"327",327,0.619215
"328",328,0.616157
"329",329,0.613064
"330",330,0.609974
"331",331,0.606876
"332",332,0.603757
"333",333,0.600597
"334",334,0.59749
"335",335,0.594399
"336",336,0.591305
"337",337,0.588242
"338",338,0.585244
"339",339,0.582216
"340",340,0.579231
"341",341,0.576333
"342",342,0.573427
"343",343,0.570604
"344",344,0.567833
"345",345,0.565066
"346",346,0.5624
"347",347,0.559764
"348",348,0.557173
"349",349,0.554652
"350",350,0.552205
"351",351,0.549773
"352",352,0.547396
"353",353,0.545034
"354",354,0.54272
"355",355,0.540385
"356",356,0.538074
"357",357,0.535737
"358",358,0.533396
"359",359,0.530984
"360",360,0.528582
"361",361,0.526113
"362",362,0.523536
"363",363,0.5209
"364",364,0.518149
"365",365,0.515297
"366",366,0.512321
"367",367,0.509148
"368",368,0.505831
"369",369,0.502316
"370",370,0.498584
"371",371,0.494737
"372",372,0.490621
"373",373,0.48625
"374",374,0.481609
"375",375,0.476703
"376",376,0.471461
"377",377,0.465936
"378",378,0.460076
"379",379,0.453897
"380",380,0.447406
"381",381,0.440585
"382",382,0.433461
"383",383,0.425999
"384",384,0.418298
"385",385,0.41034
"386",386,0.402167
"387",387,0.393773
"388",388,0.385347
"389",389,0.376777
"390",390,0.368153
"391",391,0.359608
"392",392,0.350987
"393",393,0.342475
"394",394,0.334096
"395",395,0.32576
"396",396,0.317697
"397",397,0.309826
"398",398,0.302178
"399",399,0.294874
"400",400,0.287756
"401",401,0.280962
"402",402,0.274511
"403",403,0.268362
"404",404,0.262519
"405",405,0.257023
"406",406,0.25186
"407",407,0.246982
"408",408,0.242411
"409",409,0.238121
"410",410,0.234137
"411",411,0.230394
"412",412,0.226952
"413",413,0.223723
"414",414,0.220737
"415",415,0.217949
"416",416,0.215391
"417",417,0.213004
"418",418,0.210791
"419",419,0.20877
"420",420,0.206895
"421",421,0.205172
"422",422,0.203577
"423",423,0.202093
"424",424,0.200726
"425",425,0.199453
"426",426,0.198289
"427",427,0.19723
"428",428,0.19625
"429",429,0.195357
"430",430,0.19454
"431",431,0.193796
"432",432,0.193112
"433",433,0.192492
"434",434,0.191936
"435",435,0.191442
"436",436,0.191
"437",437,0.190616
"438",438,0.190282
"439",439,0.19
"440",440,0.189756
"441",441,0.189569
"442",442,0.189414
"443",443,0.189293
"444",444,0.189208
"445",445,0.189163
"446",446,0.189135
"447",447,0.189135
"448",448,0.18915
"449",449,0.189207
"450",450,0.189289
"451",451,0.189386
"452",452,0.189517
"453",453,0.189663
"454",454,0.189822
"455",455,0.190038
"456",456,0.190286
"457",457,0.190556
"458",458,0.190882
"459",459,0.191241
"460",460,0.191638
"461",461,0.19211
"462",462,0.192628
"463",463,0.193205
"464",464,0.193855
"465",465,0.194543
"466",466,0.195306
"467",467,0.196135
"468",468,0.197028
"469",469,0.197978
"470",470,0.199008
"471",471,0.200073
"472",472,0.201191
"473",473,0.202353
"474",474,0.203567
"475",475,0.204824
"476",476,0.206124
"477",477,0.20746
"478",478,0.208849
"479",479,0.210255
"480",480,0.211706
"481",481,0.213169
"482",482,0.214655
"483",483,0.216175
"484",484,0.217729
"485",485,0.219292
"486",486,0.220891
"487",487,0.222486
"488",488,0.224096
"489",489,0.225724
"490",490,0.227367
"491",491,0.229052
"492",492,0.230736
"493",493,0.232434
"494",494,0.234154
"495",495,0.235855
"496",496,0.237588
"497",497,0.239331
"498",498,0.241072
"499",499,0.242853
"500",500,0.244624
"501",501,0.24641
"502",502,0.248211
"503",503,0.249991
"504",504,0.251794
"505",505,0.253596
"506",506,0.255395
"507",507,0.257229
"508",508,0.259062
"509",509,0.260895
"510",510,0.262729
"511",511,0.264566
"512",512,0.266401
"513",513,0.26824
"514",514,0.270073
"515",515,0.271913
"516",516,0.273752
"517",517,0.275585
"518",518,0.277413
"519",519,0.279239
"520",520,0.281058
"521",521,0.282867
"522",522,0.284682
"523",523,0.286504
"524",524,0.288314
"525",525,0.290117
"526",526,0.291912
"527",527,0.293696
"528",528,0.295476
"529",529,0.297265
"530",530,0.299033
"531",531,0.300794
"532",532,0.302544
"533",533,0.304268
"534",534,0.305997
"535",535,0.307719
"536",536,0.309436
"537",537,0.311151
"538",538,0.312851
"539",539,0.314538
"540",540,0.316219
"541",541,0.317881
"542",542,0.319539
"543",543,0.321205
"544",544,0.322852
"545",545,0.324498
"546",546,0.32613
"547",547,0.327745
"548",548,0.329365
"549",549,0.330968
"550",550,0.332565
"551",551,0.334151
"552",552,0.33572
"553",553,0.337293
"554",554,0.338844
"555",555,0.340371
"556",556,0.341893
"557",557,0.34339
"558",558,0.344891
"559",559,0.346381
"560",560,0.347841
"561",561,0.349289
"562",562,0.35072
"563",563,0.352133
"564",564,0.353544
"565",565,0.354944
"566",566,0.356337
"567",567,0.357713
"568",568,0.359073
"569",569,0.360433
"570",570,0.361791
"571",571,0.363119
"572",572,0.364443
"573",573,0.365743
"574",574,0.367003
"575",575,0.368275
"576",576,0.369542
"577",577,0.370794
"578",578,0.372036
"579",579,0.373266
"580",580,0.374471
"581",581,0.375682
"582",582,0.376886
"583",583,0.378082
"584",584,0.379283
"585",585,0.380455
"586",586,0.38161
"587",587,0.382771
"588",588,0.383924
"589",589,0.38507
"590",590,0.386224
"591",591,0.387354
"592",592,0.38846
"593",593,0.389569
"594",594,0.390667
"595",595,0.391756
"596",596,0.392838
"597",597,0.393907
"598",598,0.394967
"599",599,0.396015
"600",600,0.397054
"601",601,0.398089
"602",602,0.399121
"603",603,0.400133
"604",604,0.40114
"605",605,0.402135
"606",606,0.403108
"607",607,0.404079
"608",608,0.405056
"609",609,0.406005
"610",610,0.406932
"611",611,0.407857
"612",612,0.408764
"613",613,0.409659
"614",614,0.410548
"615",615,0.411423
"616",616,0.412289
"617",617,0.41313
"618",618,0.413953
"619",619,0.414769
"620",620,0.415568
"621",621,0.416364
"622",622,0.41716
"623",623,0.417947
"624",624,0.418725
"625",625,0.419484
"626",626,0.420226
"627",627,0.42096
"628",628,0.421666
"629",629,0.422378
"630",630,0.423095
"631",631,0.423797
"632",632,0.424488
"633",633,0.425168
"634",634,0.425838
"635",635,0.42649
"636",636,0.427119
"637",637,0.427753
"638",638,0.428378
"639",639,0.428987
"640",640,0.429598
"641",641,0.430176
"642",642,0.430722
"643",643,0.431267
"644",644,0.431806
"645",645,0.432322
"646",646,0.432824
"647",647,0.433304
"648",648,0.433753
"649",649,0.434193
"650",650,0.434628
"651",651,0.43503
"652",652,0.435416
"653",653,0.435775
"654",654,0.436106
"655",655,0.436418
"656",656,0.436704
"657",657,0.43697
"658",658,0.437207
"659",659,0.437435
"660",660,0.437647
"661",661,0.437842
"662",662,0.438021
"663",663,0.438191
"664",664,0.438353
"665",665,0.438493
"666",666,0.438627
"667",667,0.438723
"668",668,0.438769
"669",669,0.438827
"670",670,0.438875
"671",671,0.438894
"672",672,0.438912
"673",673,0.438884
"674",674,0.438806
"675",675,0.43871
"676",676,0.438589
"677",677,0.43844
"678",678,0.438267
"679",679,0.438067
"680",680,0.43784
"681",681,0.437586
"682",682,0.437308
"683",683,0.437001
"684",684,0.436648
"685",685,0.436294
"686",686,0.43592
"687",687,0.435537
"688",688,0.435135
"689",689,0.434735
"690",690,0.434316
"691",691,0.433892
"692",692,0.43346
"693",693,0.433028
"694",694,0.432581
"695",695,0.432142
"696",696,0.431711
"697",697,0.431264
"698",698,0.43082
"699",699,0.430339
"700",700,0.429837
"701",701,0.429333
"702",702,0.428804
"703",703,0.428286
"704",704,0.427781
"705",705,0.427251
"706",706,0.426715
"707",707,0.426171
"708",708,0.425614
"709",709,0.425054
"710",710,0.424501
"711",711,0.423921
"712",712,0.423328
"713",713,0.422724
"714",714,0.422106
"715",715,0.421469
"716",716,0.420824
"717",717,0.420145
"718",718,0.41943
"719",719,0.418727
"720",720,0.41801
"721",721,0.417292
"722",722,0.416535
"723",723,0.415756
"724",724,0.414952
"725",725,0.414117
"726",726,0.413282
"727",727,0.412424
"728",728,0.411556
"729",729,0.41067
"730",730,0.409776
"731",731,0.408909
"732",732,0.408024
"733",733,0.407151
"734",734,0.406305
"735",735,0.405445
"736",736,0.404568
"737",737,0.403704
"738",738,0.402807
"739",739,0.40189
"740",740,0.400943
"741",741,0.399982
"742",742,0.398991
"743",743,0.397967
"744",744,0.396924
"745",745,0.395859
"746",746,0.39476
"747",747,0.393635
"748",748,0.392492
"749",749,0.391311
"750",750,0.39013
"751",751,0.388929
"752",752,0.387733
"753",753,0.386532
"754",754,0.385323
"755",755,0.384109
"756",756,0.382895
"757",757,0.381664
"758",758,0.380452
"759",759,0.379229
"760",760,0.378041
"761",761,0.376857
"762",762,0.375711
"763",763,0.374593
"764",764,0.373502
"765",765,0.372445
"766",766,0.371415
"767",767,0.370403
"768",768,0.369452
"769",769,0.368534
"770",770,0.367659
"771",771,0.366846
"772",772,0.366022
"773",773,0.365244
"774",774,0.3645
"775",775,0.36377
"776",776,0.363081
"777",777,0.362416
"778",778,0.361774
"779",779,0.361171
"780",780,0.360606
"781",781,0.360095
"782",782,0.359629
"783",783,0.359184
"784",784,0.358774
"785",785,0.358398
"786",786,0.358054
"787",787,0.357749
"788",788,0.357487
"789",789,0.357264
"790",790,0.357089
"791",791,0.356933
"792",792,0.356824
"793",793,0.35672
"794",794,0.356635
"795",795,0.356567
"796",796,0.356506
"797",797,0.356476
"798",798,0.356483
"799",799,0.356492
"800",800,0.356532
"801",801,0.356573
"802",802,0.356616
"803",803,0.356664
"804",804,0.356723
"805",805,0.35678
"806",806,0.356834
"807",807,0.356892
"808",808,0.356975
"809",809,0.357037
"810",810,0.357086
"811",811,0.357129
"812",812,0.357145
"813",813,0.357151
"814",814,0.357154
"815",815,0.357136
"816",816,0.357122
"817",817,0.357107
"818",818,0.357081
"819",819,0.357012
"820",820,0.356904
"821",821,0.356752
"822",822,0.356606
"823",823,0.356477
"824",824,0.356294
"825",825,0.356088
"826",826,0.355844
"827",827,0.355541
"828",828,0.355218
"829",829,0.354883
"830",830,0.354487
"831",831,0.354051
"832",832,0.354559
"833",833,0.35398
"834",834,0.353221
"835",835,0.352268
"836",836,0.351437
"837",837,0.350678
"838",838,0.349746
"839",839,0.348803
"840",840,0.347629
"841",841,0.346292
"842",842,0.344874
"843",843,0.343335
"844",844,0.34179
"845",845,0.340124
"846",846,0.338217
"847",847,0.336244
"848",848,0.33418
"849",849,0.331894
"850",850,0.329527
"851",851,0.326938
"852",852,0.324152
"853",853,0.321129
"854",854,0.317943
"855",855,0.314651
"856",856,0.311205
"857",857,0.307488
"858",858,0.303598
"859",859,0.299544
"860",860,0.295239
"861",861,0.290665
"862",862,0.285964
"863",863,0.281026
"864",864,0.275865
"865",865,0.270656
"866",866,0.265142
"867",867,0.259407
"868",868,0.253508
"869",869,0.247344
"870",870,0.240791
"871",871,0.234245
"872",872,0.22763
"873",873,0.220747
"874",874,0.213835
"875",875,0.206884
"876",876,0.199931
"877",877,0.192871
"878",878,0.185934
"879",879,0.178984
"880",880,0.172133
"881",881,0.165268
"882",882,0.158468
"883",883,0.151898
"884",884,0.14535
"885",885,0.139081
"886",886,0.132984
"887",887,0.1270924
"888",888,0.1213453
"889",889,0.1158433
"890",890,0.1104049
"891",891,0.105401
"892",892,0.1007157
"893",893,0.096281
"894",894,0.092174
"895",895,0.0885026
"896",896,0.0849741
"897",897,0.0816644
"898",898,0.0786282
"899",899,0.0758888
"900",900,0.0733723
"901",901,0.0712354
"902",902,0.0691573
"903",903,0.0672984
"904",904,0.0655553
"905",905,0.0639669
"906",906,0.0624609
"907",907,0.0612098
"908",908,0.0602898
"909",909,0.059292
"910",910,0.0584001
"911",911,0.0575845
"912",912,0.0567939
"913",913,0.0560796
"914",914,0.0555007
"915",915,0.0550916
"916",916,0.0546791
"917",917,0.0543754
"918",918,0.0540289
"919",919,0.0537017
"920",920,0.0534201
"921",921,0.0531134
"922",922,0.0528947
"923",923,0.05276
"924",924,0.0526427
"925",925,0.052597
"926",926,0.0526622
"927",927,0.0526395
"928",928,0.052611
"929",929,0.0526298
"930",930,0.0526026
"931",931,0.052651
"932",932,0.0527933
"933",933,0.0529316
"934",934,0.0530884
"935",935,0.0532532
"936",936,0.0534519
"937",937,0.0536661
"938",938,0.0539308
"939",939,0.0542527
"940",940,0.0545539
"941",941,0.0549165
"942",942,0.0552272
"943",943,0.0554271
"944",944,0.0557534
"945",945,0.0561252
"946",946,0.056519
"947",947,0.0569563
"948",948,0.0575221
"949",949,0.0579891
"950",950,0.058382
"951",951,0.0588803
"952",952,0.0594128
"953",953,0.0599518
"954",954,0.0605896
"955",955,0.061171
"956",956,0.0617339
"957",957,0.0622486
"958",958,0.0628285
"959",959,0.0634124
"960",960,0.0640135
"961",961,0.0646478
"962",962,0.0652814
"963",963,0.0659484
"964",964,0.0665728
"965",965,0.0671462
"966",966,0.0677891
"967",967,0.0684511
"968",968,0.069078
"969",969,0.0698088
"970",970,0.0706841
"971",971,0.0714227
"972",972,0.0721446
"973",973,0.072861
"974",974,0.0734576
"975",975,0.0741826
"976",976,0.0749673
"977",977,0.0757797
"978",978,0.0766915
"979",979,0.0775973
"980",980,0.0784276
"981",981,0.0792192
"982",982,0.0800444
"983",983,0.0807944
"984",984,0.081632
"985",985,0.0825813
"986",986,0.0834569
"987",987,0.0843155
"988",988,0.0851844
"989",989,0.0860682
"990",990,0.0868582
"991",991,0.0877224
"992",992,0.0886014
"993",993,0.0895005
"994",994,0.0904521
"995",995,0.0913598
"996",996,0.0922671
"997",997,0.0931721
"998",998,0.0940307
"999",999,0.09494
"1000",1000,0.0958902
"1001",1001,0.0968556
"1002",1002,0.0977979
"1003",1003,0.0986541
"1004",1004,0.0995777
"1005",1005,0.100485
"1006",1006,0.101418
"1007",1007,0.1024265
"1008",1008,0.1033761
"1009",1009,0.1042745
"1010",1010,0.1051941
"1011",1011,0.1061094
"1012",1012,0.1070203
"1013",1013,0.1079164
"1014",1014,0.1088561
"1015",1015,0.109814
"1016",1016,0.1108129
"1017",1017,0.111768
"1018",1018,0.1127735
"1019",1019,0.1136669
"1020",1020,0.1144289
"1021",1021,0.1152979
"1022",1022,0.1161501
"1023",1023,0.117041
"1024",1024,0.1180352
"1025",1025,0.1189803
"1026",1026,0.1198622
"1027",1027,0.1207677
"1028",1028,0.1216508
"1029",1029,0.122504
"1030",1030,0.1233887
"1031",1031,0.1242971
"1032",1032,0.1251723
"1033",1033,0.1260345
"1034",1034,0.1268949
"1035",1035,0.1277606
"1036",1036,0.128609
"1037",1037,0.129375
"1038",1038,0.13022
"1039",1039,0.131006
"1040",1040,0.131744
"1041",1041,0.132562
"1042",1042,0.133463
"1043",1043,0.134291
"1044",1044,0.135136
"1045",1045,0.135957
"1046",1046,0.136701
"1047",1047,0.137506
"1048",1048,0.138364
"1049",1049,0.139176
"1050",1050,0.13999
"1051",1051,0.140775
"1052",1052,0.141466
"1053",1053,0.142241
"1054",1054,0.143023
"1055",1055,0.1438
"1056",1056,0.14463
"1057",1057,0.145525
"1058",1058,0.146356
"1059",1059,0.147208
"1060",1060,0.148026
"1061",1061,0.148779
"1062",1062,0.149584
"1063",1063,0.150423
"1064",1064,0.151277
"1065",1065,0.152165
"1066",1066,0.15306
"1067",1067,0.153913
"1068",1068,0.154714
"1069",1069,0.155578
"1070",1070,0.15644
"1071",1071,0.157304
"1072",1072,0.15822
"1073",1073,0.159113
"1074",1074,0.159999
"1075",1075,0.160895
"1076",1076,0.161756
"1077",1077,0.162528
"1078",1078,0.16324
"1079",1079,0.163993
"1080",1080,0.164834
"1081",1081,0.165737
"1082",1082,0.166577
"1083",1083,0.167437
"1084",1084,0.168248
"1085",1085,0.168913
"1086",1086,0.169736
"1087",1087,0.170607
"1088",1088,0.171574
"1089",1089,0.172601
"1090",1090,0.173466
"1091",1091,0.174232
"1092",1092,0.175004
"1093",1093,0.175756
"1094",1094,0.176618
"1095",1095,0.177439
"1096",1096,0.178279
"1097",1097,0.179103
"1098",1098,0.179893
"1099",1099,0.180713
"1100",1100,0.181555
"1101",1101,0.182411
"1102",1102,0.183318
"1103",1103,0.184192
"1104",1104,0.18496
"1105",1105,0.185806
"1106",1106,0.186603
"1107",1107,0.18723
"1108",1108,0.188007
"1109",1109,0.188823
"1110",1110,0.189643
"1111",1111,0.190548
"1112",1112,0.191375
"1113",1113,0.192186
"1114",1114,0.192963
"1115",1115,0.193671
"1116",1116,0.194362
"1117",1117,0.195139
"1118",1118,0.195881
"1119",1119,0.196609
"1120",1120,0.197383
"1121",1121,0.19815
"1122",1122,0.198912
"1123",1123,0.199783
"1124",1124,0.200623
"1125",1125,0.201372
"1126",1126,0.20209
"1127",1127,0.202783
"1128",1128,0.203328
"1129",1129,0.203972
"1130",1130,0.204643
"1131",1131,0.20536
"1132",1132,0.206011
"1133",1133,0.206687
"1134",1134,0.207336
"1135",1135,0.207828
"1136",1136,0.208333
"1137",1137,0.208928
"1138",1138,0.209466
"1139",1139,0.209997
"1140",1140,0.210601
"1141",1141,0.21121
"1142",1142,0.211731
"1143",1143,0.212189
"1144",1144,0.212685
"1145",1145,0.213153
"1146",1146,0.213548
"1147",1147,0.21407
"1148",1148,0.214674
"1149",1149,0.215149
"1150",1150,0.215569
"1151",1151,0.215898
"1152",1152,0.216233
"1153",1153,0.216639
"1154",1154,0.216987
"1155",1155,0.217397
"1156",1156,0.217784
"1157",1157,0.218108
"1158",1158,0.218497
"1159",1159,0.21879
"1160",1160,0.218965
"1161",1161,0.219213
"1162",1162,0.219473
"1163",1163,0.21968
"1164",1164,0.21993
"1165",1165,0.220324
"1166",1166,0.220482
"1167",1167,0.220624
"1168",1168,0.220855
"1169",1169,0.220953
"1170",1170,0.221223
"1171",1171,0.221499
"1172",1172,0.221653
"1173",1173,0.221845
"1174",1174,0.221897
"1175",1175,0.221997
"1176",1176,0.222232
"1177",1177,0.22261
"1178",1178,0.222877
"1179",1179,0.223209
"1180",1180,0.223525
"1181",1181,0.223704
"1182",1182,0.223812
"1183",1183,0.224002
"1184",1184,0.224203
"1185",1185,0.22432
"1186",1186,0.224571
"1187",1187,0.224827
"1188",1188,0.224976
"1189",1189,0.2252
"1190",1190,0.22544
"1191",1191,0.225676
"1192",1192,0.226002
"1193",1193,0.226247
"1194",1194,0.226343
"1195",1195,0.226473
"1196",1196,0.226506
"1197",1197,0.226581
"1198",1198,0.226642
"1199",1199,0.226867
"1200",1200,0.226963
"1201",1201,0.227129
"1202",1202,0.227407
"1203",1203,0.22744
"1204",1204,0.22754
"1205",1205,0.2277
"1206",1206,0.2277
"1207",1207,0.227851
"1208",1208,0.227986
"1209",1209,0.227982
"1210",1210,0.227953
"1211",1211,0.227854
"1212",1212,0.227785
"1213",1213,0.227715
"1214",1214,0.22773
"1215",1215,0.227887
"1216",1216,0.227983
"1217",1217,0.228096
"1218",1218,0.228199
"1219",1219,0.228233
"1220",1220,0.228127
"1221",1221,0.228004
"1222",1222,0.227811
"1223",1223,0.227564
"1224",1224,0.22747
"1225",1225,0.227455
"1226",1226,0.227431
"1227",1227,0.227406
"1228",1228,0.227162
"1229",1229,0.22678
"1230",1230,0.22652
"1231",1231,0.226194
"1232",1232,0.225948
"1233",1233,0.225755
"1234",1234,0.225334
"1235",1235,0.224982
"1236",1236,0.224631
"1237",1237,0.22429
"1238",1238,0.223965
"1239",1239,0.223655
"1240",1240,0.223096
"1241",1241,0.222595
"1242",1242,0.221986
"1243",1243,0.221353
"1244",1244,0.221019
"1245",1245,0.22049
"1246",1246,0.219813
"1247",1247,0.219204
"1248",1248,0.218469
"1249",1249,0.217868
"1250",1250,0.217436
"1251",1251,0.216923
"1252",1252,0.21627
"1253",1253,0.215556
"1254",1254,0.214856
"1255",1255,0.214045
"1256",1256,0.21322
"1257",1257,0.212367
"1258",1258,0.211568
"1259",1259,0.210669
"1260",1260,0.209971
"1261",1261,0.209486
"1262",1262,0.208883
"1263",1263,0.208343
"1264",1264,0.207713
"1265",1265,0.206873
"1266",1266,0.20599
"1267",1267,0.204966
"1268",1268,0.203985
"1269",1269,0.203205
"1270",1270,0.20246
"1271",1271,0.202024
"1272",1272,0.201615
"1273",1273,0.200997
"1274",1274,0.200376
"1275",1275,0.199561
"1276",1276,0.198779
"1277",1277,0.19827
"1278",1278,0.197808
"1279",1279,0.197487
"1280",1280,0.196904
"1281",1281,0.19627
"1282",1282,0.195441
"1283",1283,0.194894
"1284",1284,0.194489
"1285",1285,0.194017
"1286",1286,0.193554
"1287",1287,0.192993
"1288",1288,0.192252
"1289",1289,0.191621
"1290",1290,0.190952
"1291",1291,0.190732
"1292",1292,0.190313
"1293",1293,0.189813
"1294",1294,0.18933
"1295",1295,0.18863
"1296",1296,0.187795
"1297",1297,0.187
"1298",1298,0.186296
"1299",1299,0.18558
"1300",1300,0.184845
"1301",1301,0.184086
"1302",1302,0.183355
"1303",1303,0.182474
"1304",1304,0.181616
"1305",1305,0.181016
"1306",1306,0.180209
"1307",1307,0.179404
"1308",1308,0.178779
"1309",1309,0.177949
"1310",1310,0.177196
"1311",1311,0.176503
"1312",1312,0.175778
"1313",1313,0.175004
"1314",1314,0.17438
"1315",1315,0.173818
"1316",1316,0.17326
"1317",1317,0.172751
"1318",1318,0.172274
"1319",1319,0.17194
"1320",1320,0.171478
"1321",1321,0.17104
"1322",1322,0.170462
"1323",1323,0.169708
"1324",1324,0.168753
"1325",1325,0.16831
"1326",1326,0.167928
"1327",1327,0.167483
"1328",1328,0.16727
"1329",1329,0.166574
"1330",1330,0.165679
"1331",1331,0.164995
"1332",1332,0.164326
"1333",1333,0.163544
"1334",1334,0.162913
"1335",1335,0.162397
"1336",1336,0.161687
"1337",1337,0.161054
"1338",1338,0.160385
"1339",1339,0.159688
"1340",1340,0.159007
"1341",1341,0.158212
"1342",1342,0.157651
"1343",1343,0.156913
"1344",1344,0.156049
"1345",1345,0.155398
"1346",1346,0.154872
"1347",1347,0.154206
"1348",1348,0.153701
"1349",1349,0.15302
"1350",1350,0.152088
"1351",1351,0.151446
"1352",1352,0.15087
"1353",1353,0.150206
"1354",1354,0.149772
"1355",1355,0.149089
"1356",1356,0.148106
"1357",1357,0.147445
"1358",1358,0.146731
"1359",1359,0.14616
"1360",1360,0.146102
"1361",1361,0.145479
"1362",1362,0.144523
"1363",1363,0.143851
"1364",1364,0.142956
"1365",1365,0.142199
"1366",1366,0.141723
"1367",1367,0.141271
"1368",1368,0.140363
"1369",1369,0.139616
"1370",1370,0.139065
"1371",1371,0.138343
"1372",1372,0.13808
"1373",1373,0.137752
"1374",1374,0.137092
"1375",1375,0.136566
"1376",1376,0.135674
"1377",1377,0.134712
"1378",1378,0.13384
"1379",1379,0.133057
"1380",1380,0.132516
"1381",1381,0.13185
"1382",1382,0.131363
"1383",1383,0.130707
"1384",1384,0.129729
"1385",1385,0.129005
"1386",1386,0.128338
"1387",1387,0.127479
"1388",1388,0.1265713
"1389",1389,0.125926
"1390",1390,0.125022
"1391",1391,0.1241826
"1392",1392,0.1235359
"1393",1393,0.1230256
"1394",1394,0.1225046
"1395",1395,0.1221752
"1396",1396,0.1217282
"1397",1397,0.121354
"1398",1398,0.1208232
"1399",1399,0.120279
"1400",1400,0.1194337
"1401",1401,0.1182157
"1402",1402,0.1174188
"1403",1403,0.1167246
"1404",1404,0.1158168
"1405",1405,0.1148653
"1406",1406,0.1140684
"1407",1407,0.1129722
"1408",1408,0.1124011
"1409",1409,0.1127904
"1410",1410,0.1123083
"1411",1411,0.1113404
"1412",1412,0.1106443
"1413",1413,0.1096564
"1414",1414,0.1087676
"1415",1415,0.108245
"1416",1416,0.1074751
"1417",1417,0.1063009
"1418",1418,0.1055436
"1419",1419,0.1049913
"1420",1420,0.1044356
"1421",1421,0.1042306
"1422",1422,0.1035117
"1423",1423,0.1025231
"1424",1424,0.1017149
"1425",1425,0.1003235
"1426",1426,0.0998048
"1427",1427,0.10019
"1428",1428,0.099927
"1429",1429,0.1000852
"1430",1430,0.0995366
"1431",1431,0.0978179
"1432",1432,0.0969662
"1433",1433,0.0964402
"1434",1434,0.0957691
"1435",1435,0.0954953
"1436",1436,0.094854
"1437",1437,0.0937445
"1438",1438,0.092732
"1439",1439,0.0916389
"1440",1440,0.0908958
"1441",1441,0.09018
"1442",1442,0.0896595
"1443",1443,0.0898766
"1444",1444,0.0892711
"1445",1445,0.0882466
"1446",1446,0.0873486
"1447",1447,0.0860047
"1448",1448,0.0848249
"1449",1449,0.0834994
"1450",1450,0.0827678
"1451",1451,0.0823715
"1452",1452,0.081903
"1453",1453,0.0822625
"1454",1454,0.0819456
"1455",1455,0.0807806
"1456",1456,0.0802854
"1457",1457,0.0800849
"1458",1458,0.0796577
"1459",1459,0.0798284
"1460",1460,0.0791774
"1461",1461,0.0772782
"1462",1462,0.0764991
"1463",1463,0.0761362
"1464",1464,0.0754754
"1465",1465,0.0757416
"1466",1466,0.0750158
"1467",1467,0.0725295
"1468",1468,0.0717764
"1469",1469,0.072194
"1470",1470,0.0715384
"1471",1471,0.0709626
"1472",1472,0.0708173
"1473",1473,0.0701822
"1474",1474,0.0695457
"1475",1475,0.0698658
"1476",1476,0.0696314
"1477",1477,0.068113
"1478",1478,0.0676221
"1479",1479,0.068176
"1480",1480,0.0680402
"1481",1481,0.0678291
"1482",1482,0.0675336
"1483",1483,0.0669534
"1484",1484,0.066363
"1485",1485,0.0654381
"1486",1486,0.065066
"1487",1487,0.0653059
"1488",1488,0.0647576
"1489",1489,0.0641918
"1490",1490,0.0634388
"1491",1491,0.0612753
"1492",1492,0.0605438
"1493",1493,0.0611759
"1494",1494,0.0610313
"1495",1495,0.0611532
"1496",1496,0.0611852
"1497",1497,0.0605756
"1498",1498,0.060468
"1499",1499,0.0610834
"1500",1500,0.0609257
"1501",1501,0.0604201
"1502",1502,0.0558402
"1503",1503,0.0538732
"1504",1504,0.0504271
"1505",1505,0.0574106
"1506",1506,0.0533345
"1507",1507,0.0479131
"1508",1508,0.0482905
"1509",1509,0.0471958
"1510",1510,0.0467274
"1511",1511,0.0485797
"1512",1512,0.055393
"1513",1513,0.0556515
"1514",1514,0.0500229
"1515",1515,0.0455051
"1516",1516,0.040875
"1517",1517,0.0396733
"1518",1518,0.0449202
"1519",1519,0.0509176
"1520",1520,0.0524475
"1521",1521,0.0481403
"1522",1522,0.0454707
"1523",1523,0.0508024
"1524",1524,0.0598133
"1525",1525,0.0520006
"1526",1526,0.0455617
"1527",1527,0.0444676
"1528",1528,0.0458911
"1529",1529,0.050621
"1530",1530,0.0526331
"1531",1531,0.0470332
"1532",1532,0.0466055
"1533",1533,0.0473312
"1534",1534,0.04587
"1535",1535,0.0451143
"1536",1536,0.046666
"1537",1537,0.0503073
"1538",1538,0.0542019
"1539",1539,0.052547
"1540",1540,0.0478952
"1541",1541,0.0472
"1542",1542,0.0473382
"1543",1543,0.0497093
"1544",1544,0.0546621
"1545",1545,0.052028
"1546",1546,0.0488465
"1547",1547,0.049912
"1548",1548,0.0520172
"1549",1549,0.0520789
"1550",1550,0.0498364
"1551",1551,0.0475536
"1552",1552,0.0503053
"1553",1553,0.0548429
"1554",1554,0.0544308
"1555",1555,0.05193
"1556",1556,0.0489258
"1557",1557,0.0470914
"1558",1558,0.0494723
"1559",1559,0.0513878
"1560",1560,0.0507877
"1561",1561,0.0518138
"1562",1562,0.0516565
"1563",1563,0.0506234
"1564",1564,0.0519172
"1565",1565,0.05183
"1566",1566,0.0516197
"1567",1567,0.0538111
"1568",1568,0.0528927
"1569",1569,0.0506822
"1570",1570,0.0497453
"1571",1571,0.0505105
"1572",1572,0.0516166
"1573",1573,0.052026
"1574",1574,0.050862
"1575",1575,0.0514762
"1576",1576,0.0531076
"1577",1577,0.0517783
"1578",1578,0.0518527
"1579",1579,0.0524729
"1580",1580,0.0515028
"1581",1581,0.0506731
"1582",1582,0.0509472
"1583",1583,0.0522995
"1584",1584,0.0518213
"1585",1585,0.0515688
"1586",1586,0.0521533
"1587",1587,0.0516607
"1588",1588,0.0518055
"1589",1589,0.0524763
"1590",1590,0.0524878
"1591",1591,0.0519599
"1592",1592,0.0514315
"1593",1593,0.0514618
"1594",1594,0.0514783
"1595",1595,0.0516
"1596",1596,0.0518653
"1597",1597,0.0517385
"1598",1598,0.0522616
"1599",1599,0.0533515
"1600",1600,0.0533823
"1601",1601,0.0528917
"1602",1602,0.0524914
"1603",1603,0.0529241
"1604",1604,0.0533274
"1605",1605,0.0533968
"1606",1606,0.0531181
"1607",1607,0.0533377
"1608",1608,0.0535706
"1609",1609,0.0535593
"1610",1610,0.0538667
"1611",1611,0.053939
"1612",1612,0.0538539
"1613",1613,0.0543728
"1614",1614,0.0543799
"1615",1615,0.0538923
"1616",1616,0.0533814
"1617",1617,0.0528744
"1618",1618,0.0529765
"1619",1619,0.0539044
"1620",1620,0.0541538
"1621",1621,0.0535959
"1622",1622,0.0526993
"1623",1623,0.053033
"1624",1624,0.0534328
"1625",1625,0.053571
"1626",1626,0.0535984
"1627",1627,0.0536224
"1628",1628,0.053622
"1629",1629,0.0535907
"1630",1630,0.0540707
"1631",1631,0.054226
"1632",1632,0.0536861
"1633",1633,0.0538488
"1634",1634,0.054397
"1635",1635,0.0548779
"1636",1636,0.0545021
"1637",1637,0.0547001
"1638",1638,0.0552291
"1639",1639,0.0551037
"1640",1640,0.0553487
"1641",1641,0.0555374
"1642",1642,0.055263
"1643",1643,0.0556149
"1644",1644,0.0564698
"1645",1645,0.0574939
"1646",1646,0.0580762
"1647",1647,0.0583722
"1648",1648,0.0587059
"1649",1649,0.0596173
"1650",1650,0.0605242
"1651",1651,0.0614325
"1652",1652,0.062512
"1653",1653,0.0636495
"1654",1654,0.0647741
"1655",1655,0.0659682
"1656",1656,0.0678396
"1657",1657,0.0697245
"1658",1658,0.0713999
"1659",1659,0.0732181
"1660",1660,0.0753424
"1661",1661,0.0775818
"1662",1662,0.079576
"1663",1663,0.0820211
"1664",1664,0.0848332
"1665",1665,0.0878005
"1666",1666,0.0909942
"1667",1667,0.0942948
"1668",1668,0.0976257
"1669",1669,0.1009925
"1670",1670,0.1046398
"1671",1671,0.1085394
"1672",1672,0.1124485
"1673",1673,0.116138
"1674",1674,0.119804
"1675",1675,0.123732
"1676",1676,0.127516
"1677",1677,0.131184
"1678",1678,0.134757
"1679",1679,0.138113
"1680",1680,0.141271
"1681",1681,0.144244
"1682",1682,0.147046
"1683",1683,0.149557
"1684",1684,0.151904
"1685",1685,0.154306
"1686",1686,0.156276
"1687",1687,0.158041
"1688",1688,0.159822
"1689",1689,0.161045
"1690",1690,0.162139
"1691",1691,0.16331
"1692",1692,0.16425
"1693",1693,0.165132
"1694",1694,0.16596
"1695",1695,0.166629
"1696",1696,0.16725
"1697",1697,0.167776
"1698",1698,0.168168
"1699",1699,0.168655
"1700",1700,0.169209
"1701",1701,0.169742
"1702",1702,0.170133
"1703",1703,0.17048
"1704",1704,0.170742
"1705",1705,0.170691
"1706",1706,0.170526
"1707",1707,0.170262
"1708",1708,0.169823
"1709",1709,0.169042
"1710",1710,0.168059
"1711",1711,0.167007
"1712",1712,0.165813
"1713",1713,0.164393
"1714",1714,0.16275
"1715",1715,0.160998
"1716",1716,0.159129
"1717",1717,0.157149
"1718",1718,0.155078
"1719",1719,0.152864
"1720",1720,0.150458
"1721",1721,0.147859
"1722",1722,0.14538
"1723",1723,0.142899
"1724",1724,0.140346
"1725",1725,0.137826
"1726",1726,0.135427
"1727",1727,0.133169
"1728",1728,0.131003
"1729",1729,0.128952
"1730",1730,0.126968
"1731",1731,0.125005
"1732",1732,0.123338
"1733",1733,0.121779
"1734",1734,0.120199
"1735",1735,0.118721
"1736",1736,0.117374
"1737",1737,0.1161004
"1738",1738,0.1147133
"1739",1739,0.113494
"1740",1740,0.1124564
"1741",1741,0.1114938
"1742",1742,0.1104344
"1743",1743,0.1094449
"1744",1744,0.1086586
"1745",1745,0.107824
"1746",1746,0.1070998
"1747",1747,0.1065063
"1748",1748,0.1058451
"1749",1749,0.1052566
"1750",1750,0.1047707
"1751",1751,0.1043564
"1752",1752,0.103733
"1753",1753,0.1031345
"1754",1754,0.1027562
"1755",1755,0.1020892
"1756",1756,0.1013894
"1757",1757,0.1007647
"1758",1758,0.1000225
"1759",1759,0.0992917
"1760",1760,0.0985261
"1761",1761,0.0975875
"1762",1762,0.0966172
"1763",1763,0.0956421
"1764",1764,0.0946663
"1765",1765,0.0936899
"1766",1766,0.0926745
"1767",1767,0.0916455
"1768",1768,0.0907647
"1769",1769,0.0898186
"1770",1770,0.0888607
"1771",1771,0.0881098
"1772",1772,0.0872615
"1773",1773,0.0863902
"1774",1774,0.0856335
"1775",1775,0.0849215
"1776",1776,0.0843639
"1777",1777,0.0839635
"1778",1778,0.0834818
"1779",1779,0.0830761
"1780",1780,0.0827186
"1781",1781,0.0822546
"1782",1782,0.0819435
"1783",1783,0.0817165
"1784",1784,0.0814172
"1785",1785,0.0810294
"1786",1786,0.0805288
"1787",1787,0.0799137
"1788",1788,0.0792484
"1789",1789,0.0783185
"1790",1790,0.0771994
"1791",1791,0.0762088
"1792",1792,0.0749188
"1793",1793,0.0735228
"1794",1794,0.0723324
"1795",1795,0.0709078
"1796",1796,0.069561
"1797",1797,0.0684313
"1798",1798,0.0670338
"1799",1799,0.0657541
"1800",1800,0.06468
"1801",1801,0.0636401
"1802",1802,0.0627458
"1803",1803,0.0620176
"1804",1804,0.0614369
"1805",1805,0.0609153
"1806",1806,0.060444
"1807",1807,0.0600014
"1808",1808,0.0595073
"1809",1809,0.0589623
"1810",1810,0.0583855
"1811",1811,0.0578163
"1812",1812,0.0571545
"1813",1813,0.0564403
"1814",1814,0.0557533
"1815",1815,0.0550793
"1816",1816,0.0544586
"1817",1817,0.0539352
"1818",1818,0.0535662
"1819",1819,0.0532439
"1820",1820,0.05297
"1821",1821,0.0528443
"1822",1822,0.0529276
"1823",1823,0.0531477
"1824",1824,0.0534011
"1825",1825,0.0537059
"1826",1826,0.0541556
"1827",1827,0.054775
"1828",1828,0.0554129
"1829",1829,0.05613
"1830",1830,0.0570046
"1831",1831,0.0581388
"1832",1832,0.0591318
"1833",1833,0.0601733
"1834",1834,0.0615456
"1835",1835,0.0628677
"1836",1836,0.0644137
"1837",1837,0.0663402
"1838",1838,0.0684003
"1839",1839,0.0708445
"1840",1840,0.0738003
"1841",1841,0.0773174
"1842",1842,0.0816
"1843",1843,0.0866703
"1844",1844,0.0925246
"1845",1845,0.0993121
"1846",1846,0.1069711
"1847",1847,0.1154122
"1848",1848,0.124529
"1849",1849,0.134332
"1850",1850,0.144765
"1851",1851,0.155715
"1852",1852,0.167012
"1853",1853,0.178561
"1854",1854,0.190287
"1855",1855,0.202144
"1856",1856,0.214058
"1857",1857,0.225979
"1858",1858,0.237905
"1859",1859,0.249821
"1860",1860,0.261712
"1861",1861,0.273584
"1862",1862,0.285587
"1863",1863,0.297656
"1864",1864,0.309721
"1865",1865,0.321954
"1866",1866,0.334363
"1867",1867,0.346921
"1868",1868,0.359563
"1869",1869,0.372389
"1870",1870,0.385355
"1871",1871,0.398378
"1872",1872,0.411572
"1873",1873,0.42493
"1874",1874,0.438419
"1875",1875,0.451941
"1876",1876,0.46552
"1877",1877,0.47913
"1878",1878,0.492688
"1879",1879,0.506267
"1880",1880,0.519798
"1881",1881,0.533209
"1882",1882,0.546499
"1883",1883,0.559603
"1884",1884,0.572474
"1885",1885,0.585176
"1886",1886,0.597657
"1887",1887,0.609853
"1888",1888,0.621692
"1889",1889,0.633308
"1890",1890,0.644589
"1891",1891,0.655389
"1892",1892,0.665852
"1893",1893,0.675931
"1894",1894,0.685578
"1895",1895,0.694744
"1896",1896,0.703468
"1897",1897,0.71177
"1898",1898,0.719656
"1899",1899,0.727015
"1900",1900,0.733881
"1901",1901,0.740307
"1902",1902,0.746347
"1903",1903,0.75193
"1904",1904,0.757069
"1905",1905,0.761934
"1906",1906,0.76638
"1907",1907,0.770447
"1908",1908,0.774243
"1909",1909,0.777711
"1910",1910,0.780903
"1911",1911,0.78387
"1912",1912,0.786532
"1913",1913,0.788938
"1914",1914,0.791127
"1915",1915,0.793131
"1916",1916,0.794956
"1917",1917,0.796627
"1918",1918,0.798149
"1919",1919,0.799482
"1920",1920,0.80071
"1921",1921,0.801865
"1922",1922,0.802895
"1923",1923,0.803799
"1924",1924,0.80463
"1925",1925,0.805468
"1926",1926,0.806258
"1927",1927,0.806996
"1928",1928,0.807693
"1929",1929,0.808331
"1930",1930,0.808942
"1931",1931,0.809545
"1932",1932,0.81014
"1933",1933,0.810706
"1934",1934,0.811247
"1935",1935,0.811781
"1936",1936,0.81229
"1937",1937,0.812783
"1938",1938,0.813266
"1939",1939,0.813707
"1940",1940,0.814183
"1941",1941,0.814683
"1942",1942,0.815139
"1943",1943,0.815575
"1944",1944,0.816026
"1945",1945,0.816497
"1946",1946,0.816909
"1947",1947,0.817287
"1948",1948,0.817666
"1949",1949,0.818067
"1950",1950,0.818496
"1951",1951,0.818934
"1952",1952,0.819352
"1953",1953,0.81971
"1954",1954,0.820028
"1955",1955,0.820364
"1956",1956,0.820833
"1957",1957,0.821222
"1958",1958,0.821532
"1959",1959,0.82194
"1960",1960,0.822292
"1961",1961,0.82258
"1962",1962,0.822854
"1963",1963,0.823185
"1964",1964,0.823539
"1965",1965,0.823887
"1966",1966,0.824224
"1967",1967,0.82453
"1968",1968,0.824856
"1969",1969,0.825254
"1970",1970,0.825558
"1971",1971,0.825845
"1972",1972,0.82617
"1973",1973,0.826446
"1974",1974,0.82674
"1975",1975,0.827034
"1976",1976,0.827268
"1977",1977,0.827421
"1978",1978,0.827616
"1979",1979,0.827929
"1980",1980,0.828112
"1981",1981,0.828211
"1982",1982,0.828296
"1983",1983,0.82845
"1984",1984,0.828567
"1985",1985,0.828724
"1986",1986,0.829028
"1987",1987,0.829235
"1988",1988,0.829482
"1989",1989,0.829824
"1990",1990,0.830099
"1991",1991,0.830408
"1992",1992,0.830755
"1993",1993,0.831098
"1994",1994,0.831445
"1995",1995,0.831751
"1996",1996,0.832017
"1997",1997,0.832424
"1998",1998,0.832765
"1999",1999,0.832984
"2000",2000,0.833193
"2001",2001,0.833539
"2002",2002,0.833913
"2003",2003,0.834175
"2004",2004,0.834484
"2005",2005,0.834789
"2006",2006,0.835069
"2007",2007,0.835397
"2008",2008,0.835645
"2009",2009,0.835877
"2010",2010,0.836219
"2011",2011,0.836487
"2012",2012,0.836743
"2013",2013,0.837016
"2014",2014,0.837212
"2015",2015,0.837506
"2016",2016,0.837834
"2017",2017,0.838014
"2018",2018,0.838304
"2019",2019,0.838579
"2020",2020,0.838738
"2021",2021,0.838995
"2022",2022,0.839286
"2023",2023,0.839552
"2024",2024,0.839726
"2025",2025,0.839881
"2026",2026,0.840079
"2027",2027,0.840343
"2028",2028,0.840471
"2029",2029,0.84068
"2030",2030,0.840995
"2031",2031,0.841154
"2032",2032,0.84135
"2033",2033,0.841573
"2034",2034,0.841756
"2035",2035,0.841889
"2036",2036,0.84204
"2037",2037,0.842231
"2038",2038,0.842411
"2039",2039,0.842598
"2040",2040,0.842774
"2041",2041,0.842932
"2042",2042,0.843051
"2043",2043,0.843203
"2044",2044,0.843412
"2045",2045,0.843509
"2046",2046,0.8436
"2047",2047,0.843683
"2048",2048,0.843697
"2049",2049,0.843921
"2050",2050,0.844196
"2051",2051,0.844353
"2052",2052,0.844453
"2053",2053,0.844601
"2054",2054,0.844755
"2055",2055,0.844753
"2056",2056,0.844912
"2057",2057,0.845059
"2058",2058,0.844989
"2059",2059,0.844943
"2060",2060,0.845006
"2061",2061,0.845143
"2062",2062,0.84516
"2063",2063,0.845229
"2064",2064,0.845279
"2065",2065,0.845203
"2066",2066,0.845233
"2067",2067,0.845203
"2068",2068,0.845058
"2069",2069,0.844928
"2070",2070,0.844801
"2071",2071,0.844648
"2072",2072,0.844414
"2073",2073,0.844088
"2074",2074,0.843722
"2075",2075,0.84334
"2076",2076,0.842903
"2077",2077,0.842398
"2078",2078,0.841901
"2079",2079,0.841484
"2080",2080,0.840668
"2081",2081,0.839768
"2082",2082,0.839
"2083",2083,0.838057
"2084",2084,0.837181
"2085",2085,0.836352
"2086",2086,0.835414
"2087",2087,0.834467
"2088",2088,0.833365
"2089",2089,0.832088
"2090",2090,0.830979
"2091",2091,0.829791
"2092",2092,0.828551
"2093",2093,0.827412
"2094",2094,0.826074
"2095",2095,0.824594
"2096",2096,0.823078
"2097",2097,0.821546
"2098",2098,0.8198
"2099",2099,0.817857
"2100",2100,0.815891
"2101",2101,0.813685
"2102",2102,0.811436
"2103",2103,0.809239
"2104",2104,0.806543
"2105",2105,0.804025
"2106",2106,0.801737
"2107",2107,0.799252
"2108",2108,0.79694
"2109",2109,0.79473
"2110",2110,0.792569
"2111",2111,0.79071
"2112",2112,0.789133
"2113",2113,0.78778
"2114",2114,0.786549
"2115",2115,0.785592
"2116",2116,0.784831
"2117",2117,0.784151
"2118",2118,0.783512
"2119",2119,0.783036
"2120",2120,0.782661
"2121",2121,0.782178
"2122",2122,0.781834
"2123",2123,0.781702
"2124",2124,0.781725
"2125",2125,0.781547
"2126",2126,0.781432
"2127",2127,0.781382
"2128",2128,0.781194
"2129",2129,0.781264
"2130",2130,0.7815
"2131",2131,0.781727
"2132",2132,0.781791
"2133",2133,0.782127
"2134",2134,0.782654
"2135",2135,0.782891
"2136",2136,0.783313
"2137",2137,0.783913
"2138",2138,0.78454
"2139",2139,0.78489
"2140",2140,0.785308
"2141",2141,0.785942
"2142",2142,0.786757
"2143",2143,0.787331
"2144",2144,0.787989
"2145",2145,0.788969
"2146",2146,0.789789
"2147",2147,0.790497
"2148",2148,0.791346
"2149",2149,0.792644
"2150",2150,0.793154
"2151",2151,0.793659
