"","wavelength","rho_mean_reflectance"
"1",1,0.533788333333333
"2",2,0.533612222222222
"3",3,0.533757777777778
"4",4,0.533998333333333
"5",5,0.534284444444444
"6",6,0.534575555555556
"7",7,0.534881666666667
"8",8,0.535195555555556
"9",9,0.535545555555555
"10",10,0.535839444444444
"11",11,0.536185
"12",12,0.536489444444444
"13",13,0.536726666666667
"14",14,0.537001666666667
"15",15,0.537302777777778
"16",16,0.537601666666667
"17",17,0.537930555555556
"18",18,0.538351666666667
"19",19,0.538647222222222
"20",20,0.538819444444444
"21",21,0.539117777777778
"22",22,0.539463333333333
"23",23,0.539736666666667
"24",24,0.540011111111111
"25",25,0.540273333333333
"26",26,0.540408333333333
"27",27,0.540581111111111
"28",28,0.540854444444444
"29",29,0.541170555555556
"30",30,0.541487222222222
"31",31,0.541864444444444
"32",32,0.542143888888889
"33",33,0.542406666666667
"34",34,0.542628888888889
"35",35,0.542764444444444
"36",36,0.542946666666667
"37",37,0.543200555555556
"38",38,0.543402777777778
"39",39,0.543631111111111
"40",40,0.543818888888889
"41",41,0.543923888888889
"42",42,0.544141666666667
"43",43,0.544363888888889
"44",44,0.544524444444444
"45",45,0.544718888888889
"46",46,0.544916111111111
"47",47,0.545081666666667
"48",48,0.545226111111111
"49",49,0.545395555555556
"50",50,0.545521666666667
"51",51,0.54557
"52",52,0.545682222222222
"53",53,0.545835555555556
"54",54,0.545927777777778
"55",55,0.546015
"56",56,0.546113888888889
"57",57,0.546156111111111
"58",58,0.546246666666667
"59",59,0.546412777777778
"60",60,0.546521666666667
"61",61,0.546576111111111
"62",62,0.546581111111111
"63",63,0.5466
"64",64,0.546597777777778
"65",65,0.546571666666667
"66",66,0.546621666666667
"67",67,0.546684444444444
"68",68,0.546703888888889
"69",69,0.546768333333333
"70",70,0.546822777777778
"71",71,0.546795
"72",72,0.546771666666667
"73",73,0.546785555555556
"74",74,0.546773333333333
"75",75,0.546762222222222
"76",76,0.54674
"77",77,0.546707222222222
"78",78,0.546652222222222
"79",79,0.546567222222222
"80",80,0.546497222222222
"81",81,0.546455555555556
"82",82,0.546438888888889
"83",83,0.546379444444444
"84",84,0.546328888888889
"85",85,0.546278888888889
"86",86,0.546159444444444
"87",87,0.546021666666667
"88",88,0.545906666666667
"89",89,0.545789444444444
"90",90,0.545652222222222
"91",91,0.545512222222222
"92",92,0.545383888888889
"93",93,0.545254444444444
"94",94,0.54511
"95",95,0.544962777777778
"96",96,0.544843333333333
"97",97,0.544752777777778
"98",98,0.544605
"99",99,0.544438888888889
"100",100,0.544275
"101",101,0.544081666666667
"102",102,0.543883888888889
"103",103,0.543671111111111
"104",104,0.543480555555556
"105",105,0.543303888888889
"106",106,0.543112222222222
"107",107,0.542938888888889
"108",108,0.542742777777778
"109",109,0.542530555555556
"110",110,0.542297777777778
"111",111,0.542036666666667
"112",112,0.541800555555556
"113",113,0.541515
"114",114,0.541242222222222
"115",115,0.540991666666667
"116",116,0.540703333333333
"117",117,0.54042
"118",118,0.540081111111111
"119",119,0.539716111111111
"120",120,0.539318333333333
"121",121,0.538894444444444
"122",122,0.538457777777778
"123",123,0.537966666666667
"124",124,0.537452222222222
"125",125,0.536875
"126",126,0.536266111111111
"127",127,0.535576666666667
"128",128,0.534845
"129",129,0.534021111111111
"130",130,0.533106111111111
"131",131,0.532129444444444
"132",132,0.531077777777778
"133",133,0.529958333333333
"134",134,0.528737222222222
"135",135,0.527453888888889
"136",136,0.526064444444444
"137",137,0.524565555555556
"138",138,0.523004444444444
"139",139,0.521346666666667
"140",140,0.519662222222222
"141",141,0.517907222222222
"142",142,0.516120555555556
"143",143,0.514255555555556
"144",144,0.512421666666667
"145",145,0.510552222222222
"146",146,0.508700555555556
"147",147,0.50688
"148",148,0.505135
"149",149,0.503441111111111
"150",150,0.501774444444444
"151",151,0.500218333333333
"152",152,0.498723888888889
"153",153,0.497341111111111
"154",154,0.496049444444444
"155",155,0.494848333333333
"156",156,0.493734444444444
"157",157,0.492723333333333
"158",158,0.491793888888889
"159",159,0.490971111111111
"160",160,0.490281111111111
"161",161,0.489627777777778
"162",162,0.489069444444444
"163",163,0.488546666666667
"164",164,0.48807
"165",165,0.487630555555556
"166",166,0.487263333333333
"167",167,0.486975555555556
"168",168,0.486671666666667
"169",169,0.486408888888889
"170",170,0.486158333333333
"171",171,0.485912777777778
"172",172,0.485695555555556
"173",173,0.485547222222222
"174",174,0.485352222222222
"175",175,0.485146111111111
"176",176,0.48495
"177",177,0.484743888888889
"178",178,0.484546111111111
"179",179,0.484375
"180",180,0.484182777777778
"181",181,0.483980555555556
"182",182,0.483767222222222
"183",183,0.483569444444444
"184",184,0.483363888888889
"185",185,0.483168888888889
"186",186,0.482978888888889
"187",187,0.4828
"188",188,0.482616111111111
"189",189,0.482453888888889
"190",190,0.482310555555556
"191",191,0.482171666666667
"192",192,0.482033888888889
"193",193,0.481921111111111
"194",194,0.481815555555556
"195",195,0.481739444444444
"196",196,0.48169
"197",197,0.481657222222222
"198",198,0.481645
"199",199,0.48164
"200",200,0.481662222222222
"201",201,0.481697777777778
"202",202,0.48176
"203",203,0.48185
"204",204,0.481947222222222
"205",205,0.48207
"206",206,0.482193333333333
"207",207,0.482310555555556
"208",208,0.482467777777778
"209",209,0.482645555555556
"210",210,0.482839444444444
"211",211,0.483065555555556
"212",212,0.483296666666667
"213",213,0.483538888888889
"214",214,0.483795
"215",215,0.484080555555556
"216",216,0.484358888888889
"217",217,0.484618333333333
"218",218,0.484910555555556
"219",219,0.485206111111111
"220",220,0.485497777777778
"221",221,0.485812222222222
"222",222,0.486158333333333
"223",223,0.486480555555556
"224",224,0.486808333333333
"225",225,0.487128333333333
"226",226,0.487443888888889
"227",227,0.487756666666667
"228",228,0.488075
"229",229,0.488375555555556
"230",230,0.488665555555556
"231",231,0.488950555555556
"232",232,0.489221666666667
"233",233,0.489494444444444
"234",234,0.489776111111111
"235",235,0.490047222222222
"236",236,0.490285
"237",237,0.490528888888889
"238",238,0.490771111111111
"239",239,0.490998888888889
"240",240,0.491232222222222
"241",241,0.49148
"242",242,0.491707777777778
"243",243,0.491924444444444
"244",244,0.492134444444444
"245",245,0.492331666666667
"246",246,0.492528333333333
"247",247,0.49272
"248",248,0.492902222222222
"249",249,0.493083888888889
"250",250,0.493253333333333
"251",251,0.493410555555556
"252",252,0.493558333333333
"253",253,0.493692777777778
"254",254,0.493825
"255",255,0.493948888888889
"256",256,0.494059444444444
"257",257,0.494162777777778
"258",258,0.494252222222222
"259",259,0.494334444444444
"260",260,0.494411111111111
"261",261,0.494468888888889
"262",262,0.494518888888889
"263",263,0.494550555555556
"264",264,0.494556111111111
"265",265,0.494561111111111
"266",266,0.494566666666667
"267",267,0.49455
"268",268,0.494531111111111
"269",269,0.494489444444444
"270",270,0.494421111111111
"271",271,0.494347777777778
"272",272,0.494273333333333
"273",273,0.494181111111111
"274",274,0.494078888888889
"275",275,0.493962777777778
"276",276,0.493819444444444
"277",277,0.493655
"278",278,0.493475555555556
"279",279,0.493276111111111
"280",280,0.493066111111111
"281",281,0.492848888888889
"282",282,0.492605
"283",283,0.492345555555556
"284",284,0.492068333333333
"285",285,0.491766111111111
"286",286,0.491444444444444
"287",287,0.491104444444444
"288",288,0.490748333333333
"289",289,0.490383888888889
"290",290,0.489979444444444
"291",291,0.489550555555556
"292",292,0.489086111111111
"293",293,0.488601666666667
"294",294,0.488083333333333
"295",295,0.487569444444444
"296",296,0.487055555555556
"297",297,0.48649
"298",298,0.485897222222222
"299",299,0.485262777777778
"300",300,0.484582777777778
"301",301,0.483893888888889
"302",302,0.483183888888889
"303",303,0.482443888888889
"304",304,0.481686666666667
"305",305,0.480880555555556
"306",306,0.480035
"307",307,0.479154444444444
"308",308,0.478233333333333
"309",309,0.477272777777778
"310",310,0.476271111111111
"311",311,0.475234444444444
"312",312,0.474156666666667
"313",313,0.473058333333333
"314",314,0.471903333333333
"315",315,0.47071
"316",316,0.469483333333333
"317",317,0.468192777777778
"318",318,0.466893333333333
"319",319,0.465547222222222
"320",320,0.464137222222222
"321",321,0.462714444444444
"322",322,0.461232777777778
"323",323,0.459722222222222
"324",324,0.458174444444444
"325",325,0.456591111111111
"326",326,0.454967777777778
"327",327,0.453302222222222
"328",328,0.451611111111111
"329",329,0.449885555555556
"330",330,0.448144444444444
"331",331,0.446377777777778
"332",332,0.444591111111111
"333",333,0.442766111111111
"334",334,0.440945555555556
"335",335,0.439119444444444
"336",336,0.437272222222222
"337",337,0.435424444444444
"338",338,0.433613888888889
"339",339,0.431793888888889
"340",340,0.429987222222222
"341",341,0.428202777777778
"342",342,0.426402222222222
"343",343,0.424618888888889
"344",344,0.422862777777778
"345",345,0.421127222222222
"346",346,0.41943
"347",347,0.417763888888889
"348",348,0.416119444444444
"349",349,0.414495555555556
"350",350,0.412892777777778
"351",351,0.411308888888889
"352",352,0.409742777777778
"353",353,0.408196111111111
"354",354,0.406685555555556
"355",355,0.405151666666667
"356",356,0.403636111111111
"357",357,0.402088888888889
"358",358,0.400536111111111
"359",359,0.398941666666667
"360",360,0.397321111111111
"361",361,0.395648888888889
"362",362,0.393918333333333
"363",363,0.392138333333333
"364",364,0.390277222222222
"365",365,0.388337222222222
"366",366,0.38632
"367",367,0.384163333333333
"368",368,0.381894444444444
"369",369,0.379484444444444
"370",370,0.376893333333333
"371",371,0.37418
"372",372,0.371268888888889
"373",373,0.368167222222222
"374",374,0.364856666666667
"375",375,0.36135
"376",376,0.357561666666667
"377",377,0.353555555555556
"378",378,0.349255
"379",379,0.344700555555556
"380",380,0.339845
"381",381,0.334707222222222
"382",382,0.329285
"383",383,0.323559444444444
"384",384,0.317571666666667
"385",385,0.311327222222222
"386",386,0.304864444444444
"387",387,0.298158333333333
"388",388,0.291367222222222
"389",389,0.284387222222222
"390",390,0.277314444444444
"391",391,0.270230555555556
"392",392,0.262995555555556
"393",393,0.255798888888889
"394",394,0.248643333333333
"395",395,0.241483333333333
"396",396,0.234505555555556
"397",397,0.227635
"398",398,0.220918888888889
"399",399,0.214442222222222
"400",400,0.208097222222222
"401",401,0.202021111111111
"402",402,0.1962
"403",403,0.190639444444444
"404",404,0.185322777777778
"405",405,0.180298888888889
"406",406,0.175540555555556
"407",407,0.171056111111111
"408",408,0.166838333333333
"409",409,0.162856666666667
"410",410,0.159135
"411",411,0.15565
"412",412,0.152413333333333
"413",413,0.149390555555556
"414",414,0.146601111111111
"415",415,0.144003888888889
"416",416,0.141613333333333
"417",417,0.1393665
"418",418,0.137302055555556
"419",419,0.135403666666667
"420",420,0.133627388888889
"421",421,0.132006166666667
"422",422,0.130505777777778
"423",423,0.129112444444444
"424",424,0.127844222222222
"425",425,0.126665666666667
"426",426,0.125584888888889
"427",427,0.124605388888889
"428",428,0.123696444444444
"429",429,0.1228675
"430",430,0.122099
"431",431,0.121401666666667
"432",432,0.120767722222222
"433",433,0.120203166666667
"434",434,0.119688
"435",435,0.119241111111111
"436",436,0.118835277777778
"437",437,0.118478222222222
"438",438,0.1181695
"439",439,0.117913277777778
"440",440,0.117687666666667
"441",441,0.117506555555556
"442",442,0.117357111111111
"443",443,0.117245055555556
"444",444,0.117158888888889
"445",445,0.1171115
"446",446,0.117081222222222
"447",447,0.117076111111111
"448",448,0.117090722222222
"449",449,0.117126388888889
"450",450,0.117188333333333
"451",451,0.117264333333333
"452",452,0.117367722222222
"453",453,0.117490888888889
"454",454,0.117629
"455",455,0.117789333333333
"456",456,0.117976166666667
"457",457,0.118196166666667
"458",458,0.118447722222222
"459",459,0.118734777777778
"460",460,0.119055166666667
"461",461,0.119406444444444
"462",462,0.119796888888889
"463",463,0.120239388888889
"464",464,0.12073
"465",465,0.1212685
"466",466,0.121864166666667
"467",467,0.122508222222222
"468",468,0.123202888888889
"469",469,0.123946055555556
"470",470,0.124740055555556
"471",471,0.125579111111111
"472",472,0.126470055555556
"473",473,0.127399444444444
"474",474,0.128382666666667
"475",475,0.129399333333333
"476",476,0.130454333333333
"477",477,0.131539555555556
"478",478,0.132659777777778
"479",479,0.133804722222222
"480",480,0.134980611111111
"481",481,0.136178888888889
"482",482,0.137409444444444
"483",483,0.138661111111111
"484",484,0.139933333333333
"485",485,0.141222777777778
"486",486,0.142541111111111
"487",487,0.143858888888889
"488",488,0.145203888888889
"489",489,0.146565555555556
"490",490,0.147927222222222
"491",491,0.149314444444444
"492",492,0.150704444444444
"493",493,0.152098333333333
"494",494,0.153513333333333
"495",495,0.154927222222222
"496",496,0.15636
"497",497,0.157800555555556
"498",498,0.159244444444444
"499",499,0.160709444444444
"500",500,0.162168888888889
"501",501,0.163633333333333
"502",502,0.165108333333333
"503",503,0.166578888888889
"504",504,0.168061111111111
"505",505,0.169534444444444
"506",506,0.171006666666667
"507",507,0.1725
"508",508,0.173986666666667
"509",509,0.175476111111111
"510",510,0.176966666666667
"511",511,0.178461111111111
"512",512,0.179948333333333
"513",513,0.181435
"514",514,0.182918888888889
"515",515,0.184407222222222
"516",516,0.185885555555556
"517",517,0.187361666666667
"518",518,0.188828333333333
"519",519,0.190279444444444
"520",520,0.191737777777778
"521",521,0.1932
"522",522,0.194650555555556
"523",523,0.196106666666667
"524",524,0.197545
"525",525,0.198963333333333
"526",526,0.200382222222222
"527",527,0.201791666666667
"528",528,0.203195555555556
"529",529,0.204598888888889
"530",530,0.205987222222222
"531",531,0.207373333333333
"532",532,0.208747222222222
"533",533,0.210106666666667
"534",534,0.21146
"535",535,0.212803333333333
"536",536,0.214136111111111
"537",537,0.215462222222222
"538",538,0.216776111111111
"539",539,0.218077222222222
"540",540,0.219369444444444
"541",541,0.220643333333333
"542",542,0.221917777777778
"543",543,0.223195555555556
"544",544,0.224452222222222
"545",545,0.225711666666667
"546",546,0.226961666666667
"547",547,0.228193888888889
"548",548,0.229420555555556
"549",549,0.230637777777778
"550",550,0.231851111111111
"551",551,0.233050555555556
"552",552,0.234229444444444
"553",553,0.235402222222222
"554",554,0.236555
"555",555,0.237696111111111
"556",556,0.238838333333333
"557",557,0.239969444444444
"558",558,0.241092777777778
"559",559,0.242204444444444
"560",560,0.243298333333333
"561",561,0.244385555555556
"562",562,0.245458888888889
"563",563,0.246528333333333
"564",564,0.247586111111111
"565",565,0.248626666666667
"566",566,0.249663888888889
"567",567,0.250688333333333
"568",568,0.251701111111111
"569",569,0.252712222222222
"570",570,0.253722222222222
"571",571,0.254712222222222
"572",572,0.255690555555556
"573",573,0.256661111111111
"574",574,0.257616666666667
"575",575,0.258567222222222
"576",576,0.259503888888889
"577",577,0.260442222222222
"578",578,0.261371111111111
"579",579,0.262290555555556
"580",580,0.263207222222222
"581",581,0.264116666666667
"582",582,0.265013333333333
"583",583,0.265906666666667
"584",584,0.266795
"585",585,0.26768
"586",586,0.26856
"587",587,0.269431111111111
"588",588,0.270298888888889
"589",589,0.271163333333333
"590",590,0.272016666666667
"591",591,0.272864444444444
"592",592,0.273709444444444
"593",593,0.274542222222222
"594",594,0.275357777777778
"595",595,0.276171111111111
"596",596,0.276976666666667
"597",597,0.277781666666667
"598",598,0.278591666666667
"599",599,0.279382222222222
"600",600,0.280162777777778
"601",601,0.280938333333333
"602",602,0.281703888888889
"603",603,0.28246
"604",604,0.283213333333333
"605",605,0.283955555555556
"606",606,0.284686111111111
"607",607,0.285408333333333
"608",608,0.286120555555556
"609",609,0.286827777777778
"610",610,0.287522222222222
"611",611,0.288213888888889
"612",612,0.288908333333333
"613",613,0.289586111111111
"614",614,0.290258333333333
"615",615,0.290918888888889
"616",616,0.291572222222222
"617",617,0.292212777777778
"618",618,0.292845555555556
"619",619,0.293465
"620",620,0.294068888888889
"621",621,0.294668333333333
"622",622,0.295264444444444
"623",623,0.295846111111111
"624",624,0.296419444444444
"625",625,0.296981666666667
"626",626,0.297523888888889
"627",627,0.298065
"628",628,0.298602222222222
"629",629,0.299127777777778
"630",630,0.299650555555556
"631",631,0.300153333333333
"632",632,0.300640555555556
"633",633,0.301114444444444
"634",634,0.301573888888889
"635",635,0.302019444444444
"636",636,0.30246
"637",637,0.302877777777778
"638",638,0.303283888888889
"639",639,0.303663888888889
"640",640,0.304016111111111
"641",641,0.304355
"642",642,0.304676666666667
"643",643,0.304974444444444
"644",644,0.305253888888889
"645",645,0.30551
"646",646,0.305745
"647",647,0.30595
"648",648,0.306123888888889
"649",649,0.306286111111111
"650",650,0.306415555555556
"651",651,0.306540555555556
"652",652,0.30666
"653",653,0.306757777777778
"654",654,0.306829444444444
"655",655,0.306902777777778
"656",656,0.306954444444444
"657",657,0.307022222222222
"658",658,0.30709
"659",659,0.307168333333333
"660",660,0.307246111111111
"661",661,0.307338333333333
"662",662,0.307439444444444
"663",663,0.307546666666667
"664",664,0.307660555555556
"665",665,0.307790555555556
"666",666,0.307929444444444
"667",667,0.308074444444444
"668",668,0.308244444444444
"669",669,0.308392777777778
"670",670,0.308544444444444
"671",671,0.308672222222222
"672",672,0.308791666666667
"673",673,0.308882222222222
"674",674,0.308949444444444
"675",675,0.308997222222222
"676",676,0.309025555555556
"677",677,0.309020555555556
"678",678,0.308993333333333
"679",679,0.30893
"680",680,0.308832222222222
"681",681,0.308705
"682",682,0.308545555555556
"683",683,0.308346111111111
"684",684,0.308106666666667
"685",685,0.307843888888889
"686",686,0.307543333333333
"687",687,0.307237777777778
"688",688,0.306915555555556
"689",689,0.306572222222222
"690",690,0.306206666666667
"691",691,0.305828333333333
"692",692,0.305426111111111
"693",693,0.305015
"694",694,0.304590555555556
"695",695,0.304156666666667
"696",696,0.303704444444444
"697",697,0.303243333333333
"698",698,0.302772222222222
"699",699,0.302286666666667
"700",700,0.301781666666667
"701",701,0.301275555555556
"702",702,0.300754444444444
"703",703,0.300232222222222
"704",704,0.299699444444444
"705",705,0.299168333333333
"706",706,0.298628888888889
"707",707,0.298098888888889
"708",708,0.297574444444444
"709",709,0.297041666666667
"710",710,0.296511111111111
"711",711,0.295974444444444
"712",712,0.295429444444444
"713",713,0.294888888888889
"714",714,0.294346666666667
"715",715,0.293797222222222
"716",716,0.293247777777778
"717",717,0.292683333333333
"718",718,0.292109444444444
"719",719,0.291525555555556
"720",720,0.290928333333333
"721",721,0.29034
"722",722,0.289731111111111
"723",723,0.289125
"724",724,0.288502777777778
"725",725,0.287853888888889
"726",726,0.287222222222222
"727",727,0.286576666666667
"728",728,0.285937222222222
"729",729,0.285321111111111
"730",730,0.284699444444444
"731",731,0.284112777777778
"732",732,0.283547777777778
"733",733,0.282987777777778
"734",734,0.282447222222222
"735",735,0.281902222222222
"736",736,0.281345
"737",737,0.280795555555556
"738",738,0.280212777777778
"739",739,0.279622777777778
"740",740,0.279007222222222
"741",741,0.278376666666667
"742",742,0.277716666666667
"743",743,0.277027222222222
"744",744,0.276318333333333
"745",745,0.275572777777778
"746",746,0.274818888888889
"747",747,0.274045
"748",748,0.273268888888889
"749",749,0.272471111111111
"750",750,0.271677222222222
"751",751,0.270883333333333
"752",752,0.270076666666667
"753",753,0.26926
"754",754,0.268448333333333
"755",755,0.267632777777778
"756",756,0.266822222222222
"757",757,0.266013888888889
"758",758,0.265222777777778
"759",759,0.264431111111111
"760",760,0.263665555555556
"761",761,0.262922777777778
"762",762,0.262184444444444
"763",763,0.261450555555556
"764",764,0.260744444444444
"765",765,0.260047777777778
"766",766,0.259391111111111
"767",767,0.25877
"768",768,0.258156111111111
"769",769,0.25757
"770",770,0.256995
"771",771,0.25643
"772",772,0.255893888888889
"773",773,0.255387222222222
"774",774,0.254897777777778
"775",775,0.254426111111111
"776",776,0.253975555555556
"777",777,0.253528333333333
"778",778,0.253109444444444
"779",779,0.252716666666667
"780",780,0.252341111111111
"781",781,0.252005
"782",782,0.251688888888889
"783",783,0.251390555555556
"784",784,0.251130555555556
"785",785,0.250886666666667
"786",786,0.250663333333333
"787",787,0.250463888888889
"788",788,0.250283888888889
"789",789,0.250127222222222
"790",790,0.249998333333333
"791",791,0.249894444444444
"792",792,0.249817777777778
"793",793,0.249756111111111
"794",794,0.249719444444444
"795",795,0.249697222222222
"796",796,0.249696666666667
"797",797,0.249703888888889
"798",798,0.249732777777778
"799",799,0.249765555555556
"800",800,0.249805
"801",801,0.249858333333333
"802",802,0.249934444444444
"803",803,0.250000555555556
"804",804,0.250070555555556
"805",805,0.250140555555556
"806",806,0.250208333333333
"807",807,0.250293333333333
"808",808,0.250381111111111
"809",809,0.250468888888889
"810",810,0.250551666666667
"811",811,0.250617222222222
"812",812,0.250676111111111
"813",813,0.250731111111111
"814",814,0.250773888888889
"815",815,0.250810555555556
"816",816,0.250843333333333
"817",817,0.250859444444444
"818",818,0.250871111111111
"819",819,0.250874444444444
"820",820,0.250867777777778
"821",821,0.250846111111111
"822",822,0.250802777777778
"823",823,0.25074
"824",824,0.250657777777778
"825",825,0.250557222222222
"826",826,0.250430555555556
"827",827,0.250286666666667
"828",828,0.250112222222222
"829",829,0.249905
"830",830,0.249675
"831",831,0.249426666666667
"832",832,0.249718333333333
"833",833,0.249382777777778
"834",834,0.248903888888889
"835",835,0.248400555555556
"836",836,0.247932777777778
"837",837,0.247386666666667
"838",838,0.246713888888889
"839",839,0.245965555555556
"840",840,0.245157777777778
"841",841,0.244233888888889
"842",842,0.243271111111111
"843",843,0.242269444444444
"844",844,0.241201666666667
"845",845,0.240037222222222
"846",846,0.238689444444444
"847",847,0.237272222222222
"848",848,0.235823333333333
"849",849,0.234167222222222
"850",850,0.232395
"851",851,0.23047
"852",852,0.228378888888889
"853",853,0.226142222222222
"854",854,0.223872777777778
"855",855,0.221376666666667
"856",856,0.218725
"857",857,0.215938888888889
"858",858,0.212955
"859",859,0.209740555555556
"860",860,0.206415555555556
"861",861,0.202927777777778
"862",862,0.199301666666667
"863",863,0.195528888888889
"864",864,0.191520555555556
"865",865,0.187329444444444
"866",866,0.182922777777778
"867",867,0.178366111111111
"868",868,0.173625555555556
"869",869,0.168705
"870",870,0.163607222222222
"871",871,0.15838
"872",872,0.152982777777778
"873",873,0.147423333333333
"874",874,0.141817777777778
"875",875,0.1361965
"876",876,0.130606388888889
"877",877,0.124934111111111
"878",878,0.119428611111111
"879",879,0.113965611111111
"880",880,0.108580722222222
"881",881,0.103214444444444
"882",882,0.0979505
"883",883,0.0927952777777778
"884",884,0.0877171666666667
"885",885,0.0828808888888889
"886",886,0.0781663333333333
"887",887,0.0737216111111111
"888",888,0.0694147777777778
"889",889,0.0654105
"890",890,0.0616745
"891",891,0.0581326666666667
"892",892,0.0548163333333333
"893",893,0.0517445
"894",894,0.0489360555555556
"895",895,0.0463768888888889
"896",896,0.044041
"897",897,0.0420327222222222
"898",898,0.0401179444444444
"899",899,0.0384113333333333
"900",900,0.0368528333333333
"901",901,0.0354947222222222
"902",902,0.0342650555555556
"903",903,0.0332093888888889
"904",904,0.032309
"905",905,0.0314902777777778
"906",906,0.0308350555555556
"907",907,0.0302018888888889
"908",908,0.0296863333333333
"909",909,0.0291903333333333
"910",910,0.0287506666666667
"911",911,0.0283584444444444
"912",912,0.0280298888888889
"913",913,0.0277262222222222
"914",914,0.0274628888888889
"915",915,0.0272626111111111
"916",916,0.0270517222222222
"917",917,0.0268543333333333
"918",918,0.0266964444444444
"919",919,0.0265736111111111
"920",920,0.0264521666666667
"921",921,0.0263507777777778
"922",922,0.0262725
"923",923,0.0262148333333333
"924",924,0.0261568333333333
"925",925,0.0261195555555556
"926",926,0.0261055
"927",927,0.0261182222222222
"928",928,0.0261727777777778
"929",929,0.0261808333333333
"930",930,0.0261822222222222
"931",931,0.0262101111111111
"932",932,0.0261876111111111
"933",933,0.026224
"934",934,0.0262965
"935",935,0.0264410555555556
"936",936,0.0265419444444444
"937",937,0.0266472222222222
"938",938,0.0267639444444444
"939",939,0.0268889444444444
"940",940,0.0270085555555556
"941",941,0.0271227777777778
"942",942,0.0272621666666667
"943",943,0.0274038333333333
"944",944,0.0275568888888889
"945",945,0.0277243888888889
"946",946,0.0279283888888889
"947",947,0.0281057777777778
"948",948,0.0282686666666667
"949",949,0.0284566666666667
"950",950,0.0286487777777778
"951",951,0.0288508888888889
"952",952,0.0290614444444444
"953",953,0.0292913333333333
"954",954,0.0295553888888889
"955",955,0.0297959444444444
"956",956,0.0300346111111111
"957",957,0.0302696111111111
"958",958,0.0305290555555556
"959",959,0.0307719444444444
"960",960,0.0310513888888889
"961",961,0.0313968333333333
"962",962,0.0316930555555556
"963",963,0.0319771666666667
"964",964,0.032259
"965",965,0.0324812222222222
"966",966,0.0327763333333333
"967",967,0.0331013333333333
"968",968,0.0334444444444444
"969",969,0.0338135
"970",970,0.0342613888888889
"971",971,0.0346398888888889
"972",972,0.034988
"973",973,0.0353786111111111
"974",974,0.0357716666666667
"975",975,0.0361627777777778
"976",976,0.0365713333333333
"977",977,0.0369906666666667
"978",978,0.0373948888888889
"979",979,0.0378151666666667
"980",980,0.0382668888888889
"981",981,0.0387811666666667
"982",982,0.0392274444444444
"983",983,0.0396452777777778
"984",984,0.0401087777777778
"985",985,0.0405299444444444
"986",986,0.0410178888888889
"987",987,0.0416460555555556
"988",988,0.0421463333333333
"989",989,0.0425498888888889
"990",990,0.0430442222222222
"991",991,0.043537
"992",992,0.0439602222222222
"993",993,0.0444948333333333
"994",994,0.0451596111111111
"995",995,0.0457284444444444
"996",996,0.0462685555555556
"997",997,0.0468295555555556
"998",998,0.0473878888888889
"999",999,0.0479486666666667
"1000",1000,0.0484994444444444
"1001",1001,0.0491178333333333
"1002",1002,0.0496888333333333
"1003",1003,0.050189
"1004",1004,0.0507403888888889
"1005",1005,0.0512886666666667
"1006",1006,0.0518443888888889
"1007",1007,0.0524107222222222
"1008",1008,0.0530021666666667
"1009",1009,0.0536306666666667
"1010",1010,0.0542253888888889
"1011",1011,0.0548557777777778
"1012",1012,0.0554026666666667
"1013",1013,0.0559527222222222
"1014",1014,0.0565215555555556
"1015",1015,0.0571321111111111
"1016",1016,0.0578317777777778
"1017",1017,0.0584392222222222
"1018",1018,0.0590272777777778
"1019",1019,0.0595952777777778
"1020",1020,0.0600654444444444
"1021",1021,0.0606146666666667
"1022",1022,0.0612153888888889
"1023",1023,0.0618098333333333
"1024",1024,0.0624425555555556
"1025",1025,0.0630628888888889
"1026",1026,0.0636045
"1027",1027,0.0641451666666667
"1028",1028,0.0647075
"1029",1029,0.0652268888888889
"1030",1030,0.0658046666666667
"1031",1031,0.0664826666666667
"1032",1032,0.0670440555555556
"1033",1033,0.0675636111111111
"1034",1034,0.0680971666666667
"1035",1035,0.0685736111111111
"1036",1036,0.0690625555555556
"1037",1037,0.0696398333333333
"1038",1038,0.0701699444444445
"1039",1039,0.0706388333333333
"1040",1040,0.0710997777777778
"1041",1041,0.0715771111111111
"1042",1042,0.0719854444444444
"1043",1043,0.0724966666666667
"1044",1044,0.0731075555555556
"1045",1045,0.0736572222222222
"1046",1046,0.0742525
"1047",1047,0.0747760555555556
"1048",1048,0.0752405
"1049",1049,0.0756937777777778
"1050",1050,0.0761537222222222
"1051",1051,0.0766288888888889
"1052",1052,0.0771398333333333
"1053",1053,0.0776826666666667
"1054",1054,0.0781897222222222
"1055",1055,0.0786793888888889
"1056",1056,0.0791788333333333
"1057",1057,0.0796752777777778
"1058",1058,0.0801599444444444
"1059",1059,0.0806502222222222
"1060",1060,0.0811308333333333
"1061",1061,0.0816146111111111
"1062",1062,0.082035
"1063",1063,0.08245
"1064",1064,0.0829493888888889
"1065",1065,0.0834431111111111
"1066",1066,0.0839411666666667
"1067",1067,0.0844776666666667
"1068",1068,0.0850920555555556
"1069",1069,0.0856007222222222
"1070",1070,0.0860959444444444
"1071",1071,0.086574
"1072",1072,0.0869437777777778
"1073",1073,0.0874078333333333
"1074",1074,0.0879166666666667
"1075",1075,0.0884107777777778
"1076",1076,0.0889480555555556
"1077",1077,0.0895308888888889
"1078",1078,0.0900666666666667
"1079",1079,0.0905925
"1080",1080,0.0911054444444444
"1081",1081,0.0915312222222222
"1082",1082,0.0920046666666667
"1083",1083,0.0924865
"1084",1084,0.0929693333333333
"1085",1085,0.0934733333333333
"1086",1086,0.0939517777777778
"1087",1087,0.0944121111111111
"1088",1088,0.0948422777777778
"1089",1089,0.0953452777777778
"1090",1090,0.0959126111111111
"1091",1091,0.0964828333333333
"1092",1092,0.0970070555555556
"1093",1093,0.0974623333333333
"1094",1094,0.0979052777777778
"1095",1095,0.0983636111111111
"1096",1096,0.0988194444444444
"1097",1097,0.0992943333333333
"1098",1098,0.0997765
"1099",1099,0.100246944444444
"1100",1100,0.100729444444444
"1101",1101,0.101196833333333
"1102",1102,0.101629444444444
"1103",1103,0.102096111111111
"1104",1104,0.102572
"1105",1105,0.103059166666667
"1106",1106,0.103549888888889
"1107",1107,0.104049333333333
"1108",1108,0.104519111111111
"1109",1109,0.104937277777778
"1110",1110,0.105391444444444
"1111",1111,0.10584
"1112",1112,0.106319888888889
"1113",1113,0.106875833333333
"1114",1114,0.107343888888889
"1115",1115,0.107783944444444
"1116",1116,0.108212277777778
"1117",1117,0.1085665
"1118",1118,0.108908111111111
"1119",1119,0.109351555555556
"1120",1120,0.109785333333333
"1121",1121,0.110296555555556
"1122",1122,0.110841777777778
"1123",1123,0.111251333333333
"1124",1124,0.111631833333333
"1125",1125,0.112030444444444
"1126",1126,0.11234
"1127",1127,0.112735333333333
"1128",1128,0.113218722222222
"1129",1129,0.113654277777778
"1130",1130,0.114104944444444
"1131",1131,0.114498888888889
"1132",1132,0.114906888888889
"1133",1133,0.115327055555556
"1134",1134,0.1157245
"1135",1135,0.116201833333333
"1136",1136,0.116602277777778
"1137",1137,0.116949055555556
"1138",1138,0.117361833333333
"1139",1139,0.117684555555556
"1140",1140,0.118071944444444
"1141",1141,0.118542222222222
"1142",1142,0.118945555555556
"1143",1143,0.119325888888889
"1144",1144,0.119711111111111
"1145",1145,0.120064166666667
"1146",1146,0.120439888888889
"1147",1147,0.120871277777778
"1148",1148,0.121281277777778
"1149",1149,0.121735222222222
"1150",1150,0.122132666666667
"1151",1151,0.122480388888889
"1152",1152,0.122873222222222
"1153",1153,0.123213611111111
"1154",1154,0.123545277777778
"1155",1155,0.123903888888889
"1156",1156,0.124250166666667
"1157",1157,0.124640555555556
"1158",1158,0.125033333333333
"1159",1159,0.125381722222222
"1160",1160,0.125670777777778
"1161",1161,0.126002222222222
"1162",1162,0.126329111111111
"1163",1163,0.126659
"1164",1164,0.126998888888889
"1165",1165,0.127324888888889
"1166",1166,0.127585722222222
"1167",1167,0.127787111111111
"1168",1168,0.128009722222222
"1169",1169,0.128242166666667
"1170",1170,0.128463722222222
"1171",1171,0.128749888888889
"1172",1172,0.129028666666667
"1173",1173,0.129305666666667
"1174",1174,0.129657111111111
"1175",1175,0.129944555555556
"1176",1176,0.130217055555556
"1177",1177,0.130478222222222
"1178",1178,0.130753277777778
"1179",1179,0.130995055555556
"1180",1180,0.131270555555556
"1181",1181,0.131542055555556
"1182",1182,0.131734444444444
"1183",1183,0.131985166666667
"1184",1184,0.132206222222222
"1185",1185,0.132465111111111
"1186",1186,0.132877111111111
"1187",1187,0.133196944444444
"1188",1188,0.13348
"1189",1189,0.133800111111111
"1190",1190,0.133910888888889
"1191",1191,0.134029222222222
"1192",1192,0.134291611111111
"1193",1193,0.134519833333333
"1194",1194,0.134854666666667
"1195",1195,0.135126666666667
"1196",1196,0.135369166666667
"1197",1197,0.135591722222222
"1198",1198,0.1358005
"1199",1199,0.135953888888889
"1200",1200,0.136108888888889
"1201",1201,0.136361111111111
"1202",1202,0.136537222222222
"1203",1203,0.136727777777778
"1204",1204,0.137000555555556
"1205",1205,0.137146111111111
"1206",1206,0.137326666666667
"1207",1207,0.137563888888889
"1208",1208,0.137710555555556
"1209",1209,0.137921111111111
"1210",1210,0.13809
"1211",1211,0.138123888888889
"1212",1212,0.138196111111111
"1213",1213,0.138251111111111
"1214",1214,0.138357222222222
"1215",1215,0.138574444444444
"1216",1216,0.138693888888889
"1217",1217,0.138784444444444
"1218",1218,0.138900555555556
"1219",1219,0.138902777777778
"1220",1220,0.138823333333333
"1221",1221,0.138910555555556
"1222",1222,0.138897777777778
"1223",1223,0.138847777777778
"1224",1224,0.138853888888889
"1225",1225,0.138668888888889
"1226",1226,0.138505555555556
"1227",1227,0.138445
"1228",1228,0.138346666666667
"1229",1229,0.138329444444444
"1230",1230,0.13825
"1231",1231,0.138025555555556
"1232",1232,0.137818333333333
"1233",1233,0.137583888888889
"1234",1234,0.13733
"1235",1235,0.137015555555556
"1236",1236,0.136653333333333
"1237",1237,0.136293888888889
"1238",1238,0.135873333333333
"1239",1239,0.135423888888889
"1240",1240,0.135156166666667
"1241",1241,0.1348515
"1242",1242,0.134421833333333
"1243",1243,0.134033166666667
"1244",1244,0.133532
"1245",1245,0.132989888888889
"1246",1246,0.132619722222222
"1247",1247,0.132296166666667
"1248",1248,0.131814
"1249",1249,0.131280666666667
"1250",1250,0.130699055555556
"1251",1251,0.130036277777778
"1252",1252,0.129500666666667
"1253",1253,0.128999444444444
"1254",1254,0.128338444444444
"1255",1255,0.127622944444444
"1256",1256,0.126990222222222
"1257",1257,0.126305666666667
"1258",1258,0.1257365
"1259",1259,0.125371388888889
"1260",1260,0.124821055555556
"1261",1261,0.124167388888889
"1262",1262,0.123525666666667
"1263",1263,0.122840444444444
"1264",1264,0.122151166666667
"1265",1265,0.121404333333333
"1266",1266,0.120798277777778
"1267",1267,0.120175611111111
"1268",1268,0.119522388888889
"1269",1269,0.118963055555556
"1270",1270,0.118452611111111
"1271",1271,0.117889611111111
"1272",1272,0.117298333333333
"1273",1273,0.116776833333333
"1274",1274,0.116194277777778
"1275",1275,0.115595611111111
"1276",1276,0.115087611111111
"1277",1277,0.114527
"1278",1278,0.1139115
"1279",1279,0.113406722222222
"1280",1280,0.112899833333333
"1281",1281,0.1123705
"1282",1282,0.111894444444444
"1283",1283,0.111429722222222
"1284",1284,0.110894666666667
"1285",1285,0.110401055555556
"1286",1286,0.109996666666667
"1287",1287,0.109496388888889
"1288",1288,0.1089985
"1289",1289,0.108455777777778
"1290",1290,0.107831777777778
"1291",1291,0.107224888888889
"1292",1292,0.106687277777778
"1293",1293,0.106093277777778
"1294",1294,0.105689666666667
"1295",1295,0.105273722222222
"1296",1296,0.104707833333333
"1297",1297,0.104195777777778
"1298",1298,0.103591611111111
"1299",1299,0.102861277777778
"1300",1300,0.102178111111111
"1301",1301,0.101530888888889
"1302",1302,0.100850333333333
"1303",1303,0.100338888888889
"1304",1304,0.0999380555555556
"1305",1305,0.0994074444444445
"1306",1306,0.098972
"1307",1307,0.0984675555555556
"1308",1308,0.0978017222222222
"1309",1309,0.0972417777777778
"1310",1310,0.0967016666666667
"1311",1311,0.0961226666666667
"1312",1312,0.0956621111111111
"1313",1313,0.0952765555555556
"1314",1314,0.094926
"1315",1315,0.0946963888888889
"1316",1316,0.0943908333333333
"1317",1317,0.0940925555555556
"1318",1318,0.0938126666666667
"1319",1319,0.0934517222222222
"1320",1320,0.0931916666666667
"1321",1321,0.0929830555555556
"1322",1322,0.0929226666666667
"1323",1323,0.0927509444444444
"1324",1324,0.0924540555555556
"1325",1325,0.0919912222222222
"1326",1326,0.0913687777777778
"1327",1327,0.0908597222222222
"1328",1328,0.0904641111111111
"1329",1329,0.0900598888888889
"1330",1330,0.0896960555555556
"1331",1331,0.0892857777777778
"1332",1332,0.0887043888888889
"1333",1333,0.0882444444444444
"1334",1334,0.0878396666666667
"1335",1335,0.0872627777777778
"1336",1336,0.0867558888888889
"1337",1337,0.0862348333333333
"1338",1338,0.0857341666666667
"1339",1339,0.0852711111111111
"1340",1340,0.0847861111111111
"1341",1341,0.0843148888888889
"1342",1342,0.0838198888888889
"1343",1343,0.0834856666666667
"1344",1344,0.0831132777777778
"1345",1345,0.0826231666666667
"1346",1346,0.0820657777777778
"1347",1347,0.0814526666666667
"1348",1348,0.0806267777777778
"1349",1349,0.0801312222222222
"1350",1350,0.0797546666666667
"1351",1351,0.0794147222222222
"1352",1352,0.0792846666666667
"1353",1353,0.0789692222222222
"1354",1354,0.0786598333333333
"1355",1355,0.0782633333333333
"1356",1356,0.0776865
"1357",1357,0.0773375
"1358",1358,0.0770482777777778
"1359",1359,0.0766690555555556
"1360",1360,0.0764775555555556
"1361",1361,0.0760931666666667
"1362",1362,0.0755024444444444
"1363",1363,0.0749971666666667
"1364",1364,0.0743777222222222
"1365",1365,0.0738923888888889
"1366",1366,0.0734977777777778
"1367",1367,0.0730575555555556
"1368",1368,0.0727473333333333
"1369",1369,0.0725065555555556
"1370",1370,0.0721048333333333
"1371",1371,0.0717793888888889
"1372",1372,0.0713976666666667
"1373",1373,0.0709045555555556
"1374",1374,0.0705751111111111
"1375",1375,0.0700502222222222
"1376",1376,0.0695332222222222
"1377",1377,0.0692534444444445
"1378",1378,0.0686938888888889
"1379",1379,0.0682999444444444
"1380",1380,0.0680080555555556
"1381",1381,0.0674405555555556
"1382",1382,0.0671297222222222
"1383",1383,0.0666568333333333
"1384",1384,0.0661326666666667
"1385",1385,0.0659702777777778
"1386",1386,0.0655247777777778
"1387",1387,0.0653052222222222
"1388",1388,0.0650530555555556
"1389",1389,0.0641973333333333
"1390",1390,0.0636708333333333
"1391",1391,0.063061
"1392",1392,0.0625652222222222
"1393",1393,0.0622541666666667
"1394",1394,0.061808
"1395",1395,0.0612801111111111
"1396",1396,0.0609071666666667
"1397",1397,0.0604841111111111
"1398",1398,0.0601946666666667
"1399",1399,0.0601789444444444
"1400",1400,0.0598595
"1401",1401,0.0594396111111111
"1402",1402,0.0590121666666667
"1403",1403,0.0584884444444444
"1404",1404,0.0579861666666667
"1405",1405,0.0575394444444444
"1406",1406,0.0569321111111111
"1407",1407,0.0560930555555556
"1408",1408,0.0554425
"1409",1409,0.0546669444444444
"1410",1410,0.0542527777777778
"1411",1411,0.0542339444444444
"1412",1412,0.0539961111111111
"1413",1413,0.0538839444444444
"1414",1414,0.0536507222222222
"1415",1415,0.0532472222222222
"1416",1416,0.0529097222222222
"1417",1417,0.0527757222222222
"1418",1418,0.0522551111111111
"1419",1419,0.0512944444444444
"1420",1420,0.0507428333333333
"1421",1421,0.0501830555555556
"1422",1422,0.0496875555555556
"1423",1423,0.0496181666666667
"1424",1424,0.0492296111111111
"1425",1425,0.0484605
"1426",1426,0.0480417222222222
"1427",1427,0.0475711666666667
"1428",1428,0.0474723888888889
"1429",1429,0.0481397777777778
"1430",1430,0.047893
"1431",1431,0.0474646666666667
"1432",1432,0.046917
"1433",1433,0.0453294444444444
"1434",1434,0.0446674444444444
"1435",1435,0.0446376111111111
"1436",1436,0.0443850555555556
"1437",1437,0.044629
"1438",1438,0.044298
"1439",1439,0.0434656111111111
"1440",1440,0.0428863888888889
"1441",1441,0.0418588333333333
"1442",1442,0.041489
"1443",1443,0.041925
"1444",1444,0.0417325555555556
"1445",1445,0.0418438888888889
"1446",1446,0.0412967222222222
"1447",1447,0.0396366111111111
"1448",1448,0.0387292222222222
"1449",1449,0.0377857222222222
"1450",1450,0.0371932777777778
"1451",1451,0.0371075
"1452",1452,0.0370677777777778
"1453",1453,0.0374568333333333
"1454",1454,0.0373682777777778
"1455",1455,0.0372355
"1456",1456,0.0370343333333333
"1457",1457,0.0363761666666667
"1458",1458,0.0359393333333333
"1459",1459,0.0356446111111111
"1460",1460,0.0353752222222222
"1461",1461,0.0352926666666667
"1462",1462,0.0348571111111111
"1463",1463,0.0342368333333333
"1464",1464,0.0337305
"1465",1465,0.0326150555555556
"1466",1466,0.0323164444444444
"1467",1467,0.0330412777777778
"1468",1468,0.0329387222222222
"1469",1469,0.0328636111111111
"1470",1470,0.0326372777777778
"1471",1471,0.0316073888888889
"1472",1472,0.0311651111111111
"1473",1473,0.0312655
"1474",1474,0.0309246111111111
"1475",1475,0.0303067222222222
"1476",1476,0.0300647777777778
"1477",1477,0.0301970555555556
"1478",1478,0.0296142777777778
"1479",1479,0.0285284444444444
"1480",1480,0.0281801666666667
"1481",1481,0.0273757222222222
"1482",1482,0.0272865555555556
"1483",1483,0.0288230555555556
"1484",1484,0.0291706111111111
"1485",1485,0.0290492222222222
"1486",1486,0.0288092777777778
"1487",1487,0.027987
"1488",1488,0.0275455
"1489",1489,0.0268880555555556
"1490",1490,0.0266772222222222
"1491",1491,0.0270184055555556
"1492",1492,0.0270081277777778
"1493",1493,0.0272989444444444
"1494",1494,0.0271847777777778
"1495",1495,0.0265658888888889
"1496",1496,0.0263232222222222
"1497",1497,0.0261382722222222
"1498",1498,0.0256633888944444
"1499",1499,0.0247570000055556
"1500",1500,0.0243855055611111
"1501",1501,0.0238009222222222
"1502",1502,0.0367581833333333
"1503",1503,0.0332030611111111
"1504",1504,0.031557
"1505",1505,0.035005
"1506",1506,0.0359878888888889
"1507",1507,0.0385705
"1508",1508,0.0436275555555556
"1509",1509,0.0401338333333333
"1510",1510,0.0374328333333333
"1511",1511,0.0391877222222222
"1512",1512,0.0429903333333333
"1513",1513,0.0415682222222222
"1514",1514,0.0370532777777778
"1515",1515,0.0365763333333333
"1516",1516,0.0362616111111111
"1517",1517,0.0354838888888889
"1518",1518,0.0343337777777778
"1519",1519,0.0318775
"1520",1520,0.0310926111111111
"1521",1521,0.0333858333333333
"1522",1522,0.0351447777777778
"1523",1523,0.0351095
"1524",1524,0.0336461111111111
"1525",1525,0.0338416111111111
"1526",1526,0.0327017777777778
"1527",1527,0.0306779444444444
"1528",1528,0.0300904444444444
"1529",1529,0.0335124444444444
"1530",1530,0.0357868333333333
"1531",1531,0.0319923888888889
"1532",1532,0.0329497777777778
"1533",1533,0.0330892222222222
"1534",1534,0.0295422222222222
"1535",1535,0.0313923888888889
"1536",1536,0.0330207222222222
"1537",1537,0.0324423333333333
"1538",1538,0.0318009444444444
"1539",1539,0.0306477777777778
"1540",1540,0.0305713333333333
"1541",1541,0.0338792222222222
"1542",1542,0.0338642222222222
"1543",1543,0.0323001666666667
"1544",1544,0.0323885555555556
"1545",1545,0.0340372777777778
"1546",1546,0.0337496666666667
"1547",1547,0.0308916666666667
"1548",1548,0.0324711666666667
"1549",1549,0.033433
"1550",1550,0.0324758333333333
"1551",1551,0.0319605555555556
"1552",1552,0.0313495
"1553",1553,0.0310148333333333
"1554",1554,0.0315323333333333
"1555",1555,0.0312007222222222
"1556",1556,0.030558
"1557",1557,0.030564
"1558",1558,0.0323502777777778
"1559",1559,0.0325985555555556
"1560",1560,0.0305767777777778
"1561",1561,0.031409
"1562",1562,0.0319288333333333
"1563",1563,0.0312529444444444
"1564",1564,0.0301612777777778
"1565",1565,0.0310277222222222
"1566",1566,0.0320471111111111
"1567",1567,0.0302599444444444
"1568",1568,0.030506
"1569",1569,0.0310228888888889
"1570",1570,0.0300445555555556
"1571",1571,0.0303617777777778
"1572",1572,0.0307576111111111
"1573",1573,0.0306192777777778
"1574",1574,0.0306937777777778
"1575",1575,0.0305808888888889
"1576",1576,0.0305528888888889
"1577",1577,0.0314365
"1578",1578,0.0315474444444444
"1579",1579,0.0308575
"1580",1580,0.0299955
"1581",1581,0.0304088333333333
"1582",1582,0.0311644444444444
"1583",1583,0.0313656111111111
"1584",1584,0.0314268333333333
"1585",1585,0.0314315
"1586",1586,0.0313951111111111
"1587",1587,0.0311970555555556
"1588",1588,0.0312494444444444
"1589",1589,0.0315074444444444
"1590",1590,0.0316312222222222
"1591",1591,0.0315085555555556
"1592",1592,0.0312876111111111
"1593",1593,0.0311805
"1594",1594,0.0311166666666667
"1595",1595,0.0313616666666667
"1596",1596,0.0318472777777778
"1597",1597,0.0313606666666667
"1598",1598,0.0310811111111111
"1599",1599,0.0313833333333333
"1600",1600,0.0316419444444444
"1601",1601,0.0317070555555556
"1602",1602,0.0317001666666667
"1603",1603,0.0319132222222222
"1604",1604,0.0319360555555556
"1605",1605,0.0319311666666667
"1606",1606,0.0321679444444444
"1607",1607,0.0328609444444444
"1608",1608,0.0330354444444444
"1609",1609,0.0323713888888889
"1610",1610,0.032193
"1611",1611,0.0322636111111111
"1612",1612,0.0325014444444444
"1613",1613,0.0329632222222222
"1614",1614,0.0330360555555556
"1615",1615,0.0328513888888889
"1616",1616,0.0328323888888889
"1617",1617,0.0327620555555556
"1618",1618,0.0326945
"1619",1619,0.0327011666666667
"1620",1620,0.0327625
"1621",1621,0.0328848333333333
"1622",1622,0.0329942222222222
"1623",1623,0.0328031111111111
"1624",1624,0.0328279444444444
"1625",1625,0.0330006111111111
"1626",1626,0.0328421666666667
"1627",1627,0.0327055555555556
"1628",1628,0.0328116111111111
"1629",1629,0.0332206666666667
"1630",1630,0.0330223888888889
"1631",1631,0.0327873333333333
"1632",1632,0.0329800555555556
"1633",1633,0.0332962777777778
"1634",1634,0.0334122222222222
"1635",1635,0.0333105
"1636",1636,0.033378
"1637",1637,0.0333766666666667
"1638",1638,0.0334252777777778
"1639",1639,0.0337741666666667
"1640",1640,0.0339257222222222
"1641",1641,0.0340305555555556
"1642",1642,0.0343346111111111
"1643",1643,0.0349019444444444
"1644",1644,0.0352123333333333
"1645",1645,0.0351463333333333
"1646",1646,0.0354467222222222
"1647",1647,0.0358715555555556
"1648",1648,0.036333
"1649",1649,0.0368298888888889
"1650",1650,0.0373056111111111
"1651",1651,0.0379506666666667
"1652",1652,0.0389567777777778
"1653",1653,0.0397311111111111
"1654",1654,0.0403704444444444
"1655",1655,0.0410920555555556
"1656",1656,0.0421570555555556
"1657",1657,0.0434607222222222
"1658",1658,0.0448694444444444
"1659",1659,0.0461647777777778
"1660",1660,0.0476572777777778
"1661",1661,0.0493533333333333
"1662",1662,0.0511245555555556
"1663",1663,0.0531785555555556
"1664",1664,0.0553615
"1665",1665,0.0575335
"1666",1666,0.0600257777777778
"1667",1667,0.0627277222222222
"1668",1668,0.0655753888888889
"1669",1669,0.0686682222222222
"1670",1670,0.0719326666666667
"1671",1671,0.0752435555555555
"1672",1672,0.078405
"1673",1673,0.0820308333333333
"1674",1674,0.0858510555555556
"1675",1675,0.0893756666666667
"1676",1676,0.0929978333333333
"1677",1677,0.0967048888888889
"1678",1678,0.100380555555556
"1679",1679,0.103778
"1680",1680,0.106984333333333
"1681",1681,0.110063111111111
"1682",1682,0.113057888888889
"1683",1683,0.115763555555556
"1684",1684,0.118241
"1685",1685,0.120687888888889
"1686",1686,0.122837111111111
"1687",1687,0.124727888888889
"1688",1688,0.126436555555556
"1689",1689,0.127852222222222
"1690",1690,0.129093
"1691",1691,0.130273333333333
"1692",1692,0.131536222222222
"1693",1693,0.132505166666667
"1694",1694,0.133200944444444
"1695",1695,0.133937666666667
"1696",1696,0.134759388888889
"1697",1697,0.135519666666667
"1698",1698,0.136074944444444
"1699",1699,0.1367895
"1700",1700,0.137462388888889
"1701",1701,0.137947388888889
"1702",1702,0.138409555555556
"1703",1703,0.138785944444444
"1704",1704,0.139037888888889
"1705",1705,0.139151444444444
"1706",1706,0.139076222222222
"1707",1707,0.138813833333333
"1708",1708,0.138378944444444
"1709",1709,0.137624
"1710",1710,0.136714611111111
"1711",1711,0.135775388888889
"1712",1712,0.134542722222222
"1713",1713,0.133179944444444
"1714",1714,0.131725555555556
"1715",1715,0.129976277777778
"1716",1716,0.128115444444444
"1717",1717,0.126174388888889
"1718",1718,0.124118111111111
"1719",1719,0.121982888888889
"1720",1720,0.119740388888889
"1721",1721,0.117373388888889
"1722",1722,0.114965166666667
"1723",1723,0.112546333333333
"1724",1724,0.110139555555556
"1725",1725,0.107759388888889
"1726",1726,0.105491611111111
"1727",1727,0.103350333333333
"1728",1728,0.101281444444444
"1729",1729,0.0993693888888889
"1730",1730,0.0975698888888889
"1731",1731,0.0958171111111111
"1732",1732,0.0942400555555556
"1733",1733,0.0927848888888889
"1734",1734,0.0913875555555556
"1735",1735,0.0900115
"1736",1736,0.0887230555555556
"1737",1737,0.0875511666666667
"1738",1738,0.0864937777777778
"1739",1739,0.0854384444444444
"1740",1740,0.0844543333333333
"1741",1741,0.0836513333333333
"1742",1742,0.082793
"1743",1743,0.0819601666666667
"1744",1744,0.0812417222222222
"1745",1745,0.0805840555555556
"1746",1746,0.0799572777777778
"1747",1747,0.0793706111111111
"1748",1748,0.0788843888888889
"1749",1749,0.0784569444444444
"1750",1750,0.0780537222222222
"1751",1751,0.0776372222222222
"1752",1752,0.0771113888888889
"1753",1753,0.0765841111111111
"1754",1754,0.0761467777777778
"1755",1755,0.0756036666666667
"1756",1756,0.0750345
"1757",1757,0.0744550555555556
"1758",1758,0.0737391111111111
"1759",1759,0.0730016666666667
"1760",1760,0.072262
"1761",1761,0.0714910555555556
"1762",1762,0.0706623333333333
"1763",1763,0.0698321666666667
"1764",1764,0.0690412222222222
"1765",1765,0.0681435
"1766",1766,0.0672446666666667
"1767",1767,0.0664048333333333
"1768",1768,0.0655855
"1769",1769,0.0647843888888889
"1770",1770,0.0639943333333333
"1771",1771,0.0632077777777778
"1772",1772,0.0624661111111111
"1773",1773,0.0618114444444444
"1774",1774,0.0612532777777778
"1775",1775,0.0606841111111111
"1776",1776,0.0601683888888889
"1777",1777,0.0597558333333333
"1778",1778,0.0594496666666667
"1779",1779,0.0592154444444444
"1780",1780,0.0589866666666667
"1781",1781,0.0586733888888889
"1782",1782,0.0584480555555556
"1783",1783,0.0582291111111111
"1784",1784,0.0579002777777778
"1785",1785,0.0576297222222222
"1786",1786,0.0573427777777778
"1787",1787,0.0569502777777778
"1788",1788,0.0563502777777778
"1789",1789,0.0556874444444444
"1790",1790,0.0549706666666667
"1791",1791,0.0540925555555556
"1792",1792,0.0531276111111111
"1793",1793,0.0520692222222222
"1794",1794,0.0509285555555556
"1795",1795,0.0498861666666667
"1796",1796,0.0488225555555556
"1797",1797,0.0476843888888889
"1798",1798,0.0466609444444444
"1799",1799,0.045716
"1800",1800,0.0448465
"1801",1801,0.0440691666666667
"1802",1802,0.0433953888888889
"1803",1803,0.0428653888888889
"1804",1804,0.0424986111111111
"1805",1805,0.0421060555555556
"1806",1806,0.0417276111111111
"1807",1807,0.041391
"1808",1808,0.0410207222222222
"1809",1809,0.0406325
"1810",1810,0.0402061666666667
"1811",1811,0.0396863333333333
"1812",1812,0.0391816666666667
"1813",1813,0.0386879444444444
"1814",1814,0.0381747777777778
"1815",1815,0.0376893333333333
"1816",1816,0.0372911666666667
"1817",1817,0.0370030555555556
"1818",1818,0.0367625
"1819",1819,0.0365882222222222
"1820",1820,0.0364869444444444
"1821",1821,0.0364564444444444
"1822",1822,0.036503
"1823",1823,0.0366414444444444
"1824",1824,0.0368798888888889
"1825",1825,0.0371683888888889
"1826",1826,0.0375016666666667
"1827",1827,0.037883
"1828",1828,0.0383064444444444
"1829",1829,0.0389253888888889
"1830",1830,0.0396727777777778
"1831",1831,0.0402933333333333
"1832",1832,0.0410516111111111
"1833",1833,0.0419124444444444
"1834",1834,0.0427923888888889
"1835",1835,0.0438391111111111
"1836",1836,0.0450297777777778
"1837",1837,0.0463736666666667
"1838",1838,0.0479658888888889
"1839",1839,0.0498597777777778
"1840",1840,0.0521876666666667
"1841",1841,0.0551385555555556
"1842",1842,0.0587047222222222
"1843",1843,0.0630106666666667
"1844",1844,0.0681922777777778
"1845",1845,0.0742276111111111
"1846",1846,0.0811910555555556
"1847",1847,0.0891107222222222
"1848",1848,0.0979593333333333
"1849",1849,0.107571111111111
"1850",1850,0.117885611111111
"1851",1851,0.128903166666667
"1852",1852,0.140478722222222
"1853",1853,0.152461944444444
"1854",1854,0.164716111111111
"1855",1855,0.177155555555556
"1856",1856,0.189718888888889
"1857",1857,0.202332222222222
"1858",1858,0.214892777777778
"1859",1859,0.227431111111111
"1860",1860,0.239932777777778
"1861",1861,0.252381666666667
"1862",1862,0.264767777777778
"1863",1863,0.277109444444444
"1864",1864,0.289394444444444
"1865",1865,0.301548333333333
"1866",1866,0.313577222222222
"1867",1867,0.325482222222222
"1868",1868,0.337283888888889
"1869",1869,0.348901666666667
"1870",1870,0.360323333333333
"1871",1871,0.371564444444444
"1872",1872,0.382518888888889
"1873",1873,0.393200555555556
"1874",1874,0.403617222222222
"1875",1875,0.413705555555556
"1876",1876,0.423465555555556
"1877",1877,0.432875
"1878",1878,0.441870555555556
"1879",1879,0.450503333333333
"1880",1880,0.458761111111111
"1881",1881,0.466621666666667
"1882",1882,0.47403
"1883",1883,0.481033333333333
"1884",1884,0.487652777777778
"1885",1885,0.493841111111111
"1886",1886,0.499679444444444
"1887",1887,0.505175555555556
"1888",1888,0.510267222222222
"1889",1889,0.515033333333333
"1890",1890,0.519453888888889
"1891",1891,0.523507777777778
"1892",1892,0.527286111111111
"1893",1893,0.530751111111111
"1894",1894,0.533892222222222
"1895",1895,0.536778888888889
"1896",1896,0.539382777777778
"1897",1897,0.541707777777778
"1898",1898,0.543766666666667
"1899",1899,0.545641111111111
"1900",1900,0.547325555555556
"1901",1901,0.548803888888889
"1902",1902,0.550108888888889
"1903",1903,0.551251111111111
"1904",1904,0.552243333333333
"1905",1905,0.553113333333333
"1906",1906,0.553888333333333
"1907",1907,0.554563888888889
"1908",1908,0.555123888888889
"1909",1909,0.555622777777778
"1910",1910,0.55605
"1911",1911,0.556402777777778
"1912",1912,0.556727222222222
"1913",1913,0.556997777777778
"1914",1914,0.557198888888889
"1915",1915,0.557348888888889
"1916",1916,0.557448888888889
"1917",1917,0.557506666666667
"1918",1918,0.557522222222222
"1919",1919,0.557533333333333
"1920",1920,0.557537777777778
"1921",1921,0.557520555555556
"1922",1922,0.557462777777778
"1923",1923,0.557392222222222
"1924",1924,0.557328888888889
"1925",1925,0.557283888888889
"1926",1926,0.557238888888889
"1927",1927,0.557187222222222
"1928",1928,0.557134444444444
"1929",1929,0.557103333333333
"1930",1930,0.557064444444444
"1931",1931,0.557015
"1932",1932,0.556996111111111
"1933",1933,0.556967222222222
"1934",1934,0.556939444444444
"1935",1935,0.556943333333333
"1936",1936,0.556911111111111
"1937",1937,0.556888888888889
"1938",1938,0.556898333333333
"1939",1939,0.556886111111111
"1940",1940,0.556891111111111
"1941",1941,0.556911666666667
"1942",1942,0.556921666666667
"1943",1943,0.556926666666667
"1944",1944,0.556923333333333
"1945",1945,0.556915555555556
"1946",1946,0.556931666666667
"1947",1947,0.556945
"1948",1948,0.556951666666667
"1949",1949,0.557003333333333
"1950",1950,0.557020555555556
"1951",1951,0.557023888888889
"1952",1952,0.557063888888889
"1953",1953,0.557084444444444
"1954",1954,0.557088888888889
"1955",1955,0.557090555555556
"1956",1956,0.557152222222222
"1957",1957,0.557168888888889
"1958",1958,0.557150555555556
"1959",1959,0.557182777777778
"1960",1960,0.557211666666667
"1961",1961,0.557230555555556
"1962",1962,0.557253333333333
"1963",1963,0.557296111111111
"1964",1964,0.557311666666667
"1965",1965,0.557297777777778
"1966",1966,0.557308888888889
"1967",1967,0.557337222222222
"1968",1968,0.557375555555556
"1969",1969,0.557405
"1970",1970,0.557398333333333
"1971",1971,0.557406666666667
"1972",1972,0.557447222222222
"1973",1973,0.557438333333333
"1974",1974,0.557424444444445
"1975",1975,0.557413333333333
"1976",1976,0.557397777777778
"1977",1977,0.557355555555556
"1978",1978,0.557321666666667
"1979",1979,0.557322222222222
"1980",1980,0.557288888888889
"1981",1981,0.557234444444444
"1982",1982,0.557183333333333
"1983",1983,0.557168888888889
"1984",1984,0.557115
"1985",1985,0.557053888888889
"1986",1986,0.557038888888889
"1987",1987,0.557024444444444
"1988",1988,0.557015555555556
"1989",1989,0.557007777777778
"1990",1990,0.556985
"1991",1991,0.556972777777778
"1992",1992,0.556977222222222
"1993",1993,0.557002777777778
"1994",1994,0.556975555555556
"1995",1995,0.556946111111111
"1996",1996,0.556956111111111
"1997",1997,0.556953888888889
"1998",1998,0.556926111111111
"1999",1999,0.556884444444444
"2000",2000,0.556873333333333
"2001",2001,0.556846111111111
"2002",2002,0.55684
"2003",2003,0.556877222222222
"2004",2004,0.556861111111111
"2005",2005,0.556836111111111
"2006",2006,0.556825
"2007",2007,0.55679
"2008",2008,0.556765555555556
"2009",2009,0.556766666666667
"2010",2010,0.556795555555556
"2011",2011,0.556720555555556
"2012",2012,0.556646111111111
"2013",2013,0.55664
"2014",2014,0.556616111111111
"2015",2015,0.556580555555556
"2016",2016,0.556557777777778
"2017",2017,0.556568333333333
"2018",2018,0.556543333333333
"2019",2019,0.556499444444444
"2020",2020,0.556471111111111
"2021",2021,0.556486111111111
"2022",2022,0.556452222222222
"2023",2023,0.556380555555556
"2024",2024,0.556389444444444
"2025",2025,0.556331666666667
"2026",2026,0.556274444444444
"2027",2027,0.556294444444444
"2028",2028,0.556254444444444
"2029",2029,0.556206666666667
"2030",2030,0.556178888888889
"2031",2031,0.556121666666667
"2032",2032,0.556074444444444
"2033",2033,0.556026666666667
"2034",2034,0.555957222222222
"2035",2035,0.555918888888889
"2036",2036,0.555902222222222
"2037",2037,0.555877222222222
"2038",2038,0.555753888888889
"2039",2039,0.555716111111111
"2040",2040,0.555713888888889
"2041",2041,0.555604444444444
"2042",2042,0.555555
"2043",2043,0.555505555555556
"2044",2044,0.555416666666667
"2045",2045,0.555366111111111
"2046",2046,0.555295
"2047",2047,0.555205555555556
"2048",2048,0.555135555555555
"2049",2049,0.555096666666667
"2050",2050,0.555050555555556
"2051",2051,0.554965555555556
"2052",2052,0.554888333333333
"2053",2053,0.554851666666667
"2054",2054,0.554812777777778
"2055",2055,0.554667777777778
"2056",2056,0.55463
"2057",2057,0.554601666666667
"2058",2058,0.554458888888889
"2059",2059,0.554362777777778
"2060",2060,0.554317222222222
"2061",2061,0.554277777777778
"2062",2062,0.554141111111111
"2063",2063,0.554027222222222
"2064",2064,0.553971666666667
"2065",2065,0.553955555555556
"2066",2066,0.553823888888889
"2067",2067,0.553706666666667
"2068",2068,0.553641111111111
"2069",2069,0.553511111111111
"2070",2070,0.553336666666667
"2071",2071,0.553185
"2072",2072,0.553109444444444
"2073",2073,0.552973888888889
"2074",2074,0.552785
"2075",2075,0.552591111111111
"2076",2076,0.5525
"2077",2077,0.552264444444444
"2078",2078,0.551985
"2079",2079,0.551901666666667
"2080",2080,0.551717777777778
"2081",2081,0.551478333333333
"2082",2082,0.55122
"2083",2083,0.550905
"2084",2084,0.550515
"2085",2085,0.550133333333333
"2086",2086,0.549864444444444
"2087",2087,0.549488888888889
"2088",2088,0.549119444444444
"2089",2089,0.548845
"2090",2090,0.548551111111111
"2091",2091,0.548188333333333
"2092",2092,0.547789444444444
"2093",2093,0.547433333333333
"2094",2094,0.546909444444444
"2095",2095,0.546386111111111
"2096",2096,0.545984444444444
"2097",2097,0.545558888888889
"2098",2098,0.544983888888889
"2099",2099,0.544317777777778
"2100",2100,0.543731111111111
"2101",2101,0.543084444444444
"2102",2102,0.542414444444444
"2103",2103,0.541731111111111
"2104",2104,0.540828333333333
"2105",2105,0.540007222222222
"2106",2106,0.53926
"2107",2107,0.538338333333333
"2108",2108,0.537605555555556
"2109",2109,0.536927777777778
"2110",2110,0.536160555555556
"2111",2111,0.535508333333333
"2112",2112,0.534868888888889
"2113",2113,0.534302222222222
"2114",2114,0.534002222222222
"2115",2115,0.533469444444444
"2116",2116,0.532932777777778
"2117",2117,0.532637777777778
"2118",2118,0.532342222222222
"2119",2119,0.532111111111111
"2120",2120,0.531942777777778
"2121",2121,0.531796111111111
"2122",2122,0.531545555555555
"2123",2123,0.531367222222222
"2124",2124,0.531367222222222
"2125",2125,0.531196666666667
"2126",2126,0.530983888888889
"2127",2127,0.530816666666667
"2128",2128,0.530740555555556
"2129",2129,0.530695555555556
"2130",2130,0.530687777777778
"2131",2131,0.530719444444444
"2132",2132,0.530762777777778
"2133",2133,0.530722777777778
"2134",2134,0.530680555555556
"2135",2135,0.530850555555556
"2136",2136,0.530865555555556
"2137",2137,0.53091
"2138",2138,0.531137777777778
"2139",2139,0.531178888888889
"2140",2140,0.531273888888889
"2141",2141,0.531485555555556
"2142",2142,0.531725555555556
"2143",2143,0.531832222222222
"2144",2144,0.531956111111111
"2145",2145,0.532225555555556
"2146",2146,0.53246
"2147",2147,0.532636111111111
"2148",2148,0.532828333333333
"2149",2149,0.533166666666667
"2150",2150,0.533395
"2151",2151,0.53358
