"","wavelength","sitka_mean_reflectance"
"1",1,0.597538571428571
"2",2,0.596881428571429
"3",3,0.597724285714286
"4",4,0.598502857142857
"5",5,0.599212857142857
"6",6,0.600017142857143
"7",7,0.600952857142857
"8",8,0.601728571428571
"9",9,0.602387142857143
"10",10,0.603225714285714
"11",11,0.60401
"12",12,0.604742857142857
"13",13,0.605667142857143
"14",14,0.606605714285714
"15",15,0.607411428571429
"16",16,0.608075714285714
"17",17,0.60888
"18",18,0.609674285714286
"19",19,0.610482857142857
"20",20,0.6114
"21",21,0.612271428571429
"22",22,0.61316
"23",23,0.613882857142857
"24",24,0.614707142857143
"25",25,0.615464285714286
"26",26,0.616115714285714
"27",27,0.616888571428571
"28",28,0.617622857142857
"29",29,0.61835
"30",30,0.619088571428571
"31",31,0.619868571428571
"32",32,0.620548571428571
"33",33,0.621138571428571
"34",34,0.621834285714286
"35",35,0.62254
"36",36,0.623215714285714
"37",37,0.623988571428571
"38",38,0.624687142857143
"39",39,0.625278571428571
"40",40,0.625881428571429
"41",41,0.626465714285714
"42",42,0.62708
"43",43,0.627617142857143
"44",44,0.628145714285714
"45",45,0.628725714285714
"46",46,0.629231428571429
"47",47,0.629754285714286
"48",48,0.630298571428571
"49",49,0.630855714285714
"50",50,0.631317142857143
"51",51,0.631732857142857
"52",52,0.632158571428571
"53",53,0.632598571428571
"54",54,0.632994285714286
"55",55,0.633448571428571
"56",56,0.633887142857143
"57",57,0.634267142857143
"58",58,0.63469
"59",59,0.634984285714286
"60",60,0.635264285714286
"61",61,0.635561428571428
"62",62,0.635845714285714
"63",63,0.636037142857143
"64",64,0.63629
"65",65,0.636544285714286
"66",66,0.636805714285714
"67",67,0.637062857142857
"68",68,0.637242857142857
"69",69,0.637454285714286
"70",70,0.637577142857143
"71",71,0.637627142857143
"72",72,0.637802857142857
"73",73,0.637931428571429
"74",74,0.637981428571429
"75",75,0.638082857142857
"76",76,0.638105714285714
"77",77,0.638005714285714
"78",78,0.637998571428571
"79",79,0.638041428571429
"80",80,0.638022857142857
"81",81,0.637988571428571
"82",82,0.63799
"83",83,0.637901428571429
"84",84,0.637777142857143
"85",85,0.637668571428571
"86",86,0.637527142857143
"87",87,0.637352857142857
"88",88,0.63711
"89",89,0.63685
"90",90,0.636547142857143
"91",91,0.636262857142857
"92",92,0.635951428571429
"93",93,0.635624285714286
"94",94,0.635295714285714
"95",95,0.634972857142857
"96",96,0.634564285714286
"97",97,0.634164285714286
"98",98,0.633815714285714
"99",99,0.633378571428571
"100",100,0.632967142857143
"101",101,0.632548571428571
"102",102,0.632024285714286
"103",103,0.631491428571429
"104",104,0.630935714285714
"105",105,0.630307142857143
"106",106,0.629738571428571
"107",107,0.629205714285714
"108",108,0.628604285714286
"109",109,0.628015714285714
"110",110,0.627365714285714
"111",111,0.626654285714286
"112",112,0.625944285714286
"113",113,0.625201428571429
"114",114,0.624414285714286
"115",115,0.623621428571429
"116",116,0.622785714285714
"117",117,0.6219
"118",118,0.620938571428571
"119",119,0.619887142857143
"120",120,0.618778571428571
"121",121,0.617555714285714
"122",122,0.616261428571429
"123",123,0.614857142857143
"124",124,0.61341
"125",125,0.611754285714286
"126",126,0.610005714285714
"127",127,0.608062857142857
"128",128,0.605981428571429
"129",129,0.603662857142857
"130",130,0.601165714285714
"131",131,0.598481428571429
"132",132,0.595507142857143
"133",133,0.592388571428571
"134",134,0.589108571428571
"135",135,0.585667142857143
"136",136,0.582028571428571
"137",137,0.578191428571429
"138",138,0.574261428571429
"139",139,0.570114285714286
"140",140,0.565971428571429
"141",141,0.561707142857143
"142",142,0.557471428571429
"143",143,0.553135714285714
"144",144,0.548877142857143
"145",145,0.544598571428571
"146",146,0.540414285714286
"147",147,0.536295714285714
"148",148,0.53231
"149",149,0.528532857142857
"150",150,0.52489
"151",151,0.521451428571429
"152",152,0.51818
"153",153,0.515121428571429
"154",154,0.512227142857143
"155",155,0.509568571428571
"156",156,0.50714
"157",157,0.504887142857143
"158",158,0.502841428571429
"159",159,0.500952857142857
"160",160,0.499258571428571
"161",161,0.497704285714286
"162",162,0.496358571428571
"163",163,0.495091428571429
"164",164,0.493942857142857
"165",165,0.492934285714286
"166",166,0.491985714285714
"167",167,0.491138571428571
"168",168,0.490341428571429
"169",169,0.489651428571429
"170",170,0.488962857142857
"171",171,0.488341428571429
"172",172,0.487707142857143
"173",173,0.487081428571429
"174",174,0.486485714285714
"175",175,0.485948571428571
"176",176,0.485354285714286
"177",177,0.484757142857143
"178",178,0.484164285714286
"179",179,0.483544285714286
"180",180,0.482927142857143
"181",181,0.482314285714286
"182",182,0.48173
"183",183,0.481114285714286
"184",184,0.480472857142857
"185",185,0.47987
"186",186,0.479268571428571
"187",187,0.478704285714286
"188",188,0.478151428571429
"189",189,0.477648571428571
"190",190,0.477158571428571
"191",191,0.476738571428571
"192",192,0.476361428571429
"193",193,0.476027142857143
"194",194,0.475727142857143
"195",195,0.475494285714286
"196",196,0.475311428571429
"197",197,0.475171428571429
"198",198,0.475078571428571
"199",199,0.475014285714286
"200",200,0.475011428571429
"201",201,0.475024285714286
"202",202,0.475127142857143
"203",203,0.475304285714286
"204",204,0.475498571428571
"205",205,0.475732857142857
"206",206,0.476015714285714
"207",207,0.476342857142857
"208",208,0.476701428571429
"209",209,0.477105714285714
"210",210,0.477545714285714
"211",211,0.477998571428571
"212",212,0.478525714285714
"213",213,0.479128571428571
"214",214,0.479748571428571
"215",215,0.4804
"216",216,0.481105714285714
"217",217,0.481828571428571
"218",218,0.482558571428571
"219",219,0.483328571428571
"220",220,0.484144285714286
"221",221,0.484957142857143
"222",222,0.485792857142857
"223",223,0.486641428571429
"224",224,0.487505714285714
"225",225,0.488372857142857
"226",226,0.489287142857143
"227",227,0.490144285714286
"228",228,0.49098
"229",229,0.4918
"230",230,0.492572857142857
"231",231,0.493354285714286
"232",232,0.494127142857143
"233",233,0.494922857142857
"234",234,0.495672857142857
"235",235,0.496407142857143
"236",236,0.497127142857143
"237",237,0.497808571428571
"238",238,0.498491428571429
"239",239,0.499165714285714
"240",240,0.499817142857143
"241",241,0.500448571428571
"242",242,0.50107
"243",243,0.501671428571429
"244",244,0.502258571428571
"245",245,0.50284
"246",246,0.50339
"247",247,0.503907142857143
"248",248,0.504418571428571
"249",249,0.504908571428571
"250",250,0.505384285714286
"251",251,0.505854285714286
"252",252,0.5063
"253",253,0.506721428571429
"254",254,0.507131428571429
"255",255,0.507534285714286
"256",256,0.507908571428571
"257",257,0.508237142857143
"258",258,0.508531428571429
"259",259,0.508814285714286
"260",260,0.509061428571429
"261",261,0.509304285714286
"262",262,0.509555714285714
"263",263,0.50975
"264",264,0.50992
"265",265,0.510047142857143
"266",266,0.510122857142857
"267",267,0.510201428571429
"268",268,0.510268571428571
"269",269,0.510292857142857
"270",270,0.510291428571429
"271",271,0.51027
"272",272,0.510194285714286
"273",273,0.510075714285714
"274",274,0.50996
"275",275,0.509818571428571
"276",276,0.509634285714286
"277",277,0.509424285714286
"278",278,0.50917
"279",279,0.50887
"280",280,0.508554285714286
"281",281,0.508221428571429
"282",282,0.507835714285714
"283",283,0.507411428571429
"284",284,0.506952857142857
"285",285,0.506448571428571
"286",286,0.505907142857143
"287",287,0.505345714285714
"288",288,0.504725714285714
"289",289,0.504062857142857
"290",290,0.50335
"291",291,0.502597142857143
"292",292,0.501785714285714
"293",293,0.500955714285714
"294",294,0.500067142857143
"295",295,0.499107142857143
"296",296,0.498125714285714
"297",297,0.497074285714286
"298",298,0.495962857142857
"299",299,0.494818571428571
"300",300,0.49359
"301",301,0.492307142857143
"302",302,0.490952857142857
"303",303,0.489545714285714
"304",304,0.488094285714286
"305",305,0.486564285714286
"306",306,0.484955714285714
"307",307,0.483291428571429
"308",308,0.481547142857143
"309",309,0.479738571428571
"310",310,0.477882857142857
"311",311,0.475935714285714
"312",312,0.473891428571429
"313",313,0.471798571428571
"314",314,0.469622857142857
"315",315,0.467364285714286
"316",316,0.465084285714286
"317",317,0.46272
"318",318,0.460274285714286
"319",319,0.457774285714286
"320",320,0.455192857142857
"321",321,0.452554285714286
"322",322,0.449851428571429
"323",323,0.447091428571429
"324",324,0.444287142857143
"325",325,0.4414
"326",326,0.4385
"327",327,0.43558
"328",328,0.432597142857143
"329",329,0.429564285714286
"330",330,0.426524285714286
"331",331,0.423432857142857
"332",332,0.420362857142857
"333",333,0.417292857142857
"334",334,0.414211428571429
"335",335,0.411128571428571
"336",336,0.408054285714286
"337",337,0.404984285714286
"338",338,0.401974285714286
"339",339,0.398982857142857
"340",340,0.396018571428571
"341",341,0.393098571428571
"342",342,0.390194285714286
"343",343,0.387362857142857
"344",344,0.384571428571429
"345",345,0.381815714285714
"346",346,0.379141428571429
"347",347,0.376488571428571
"348",348,0.373892857142857
"349",349,0.37136
"350",350,0.368885714285714
"351",351,0.366441428571429
"352",352,0.364055714285714
"353",353,0.361698571428571
"354",354,0.359398571428571
"355",355,0.357097142857143
"356",356,0.354837142857143
"357",357,0.35256
"358",358,0.350295714285714
"359",359,0.347982857142857
"360",360,0.345668571428571
"361",361,0.343318571428571
"362",362,0.340908571428571
"363",363,0.338481428571429
"364",364,0.335978571428571
"365",365,0.333385714285714
"366",366,0.330695714285714
"367",367,0.327861428571429
"368",368,0.324918571428571
"369",369,0.321862857142857
"370",370,0.318662857142857
"371",371,0.315332857142857
"372",372,0.311807142857143
"373",373,0.308082857142857
"374",374,0.304145714285714
"375",375,0.299994285714286
"376",376,0.295585714285714
"377",377,0.29095
"378",378,0.286058571428571
"379",379,0.280915714285714
"380",380,0.275534285714286
"381",381,0.269894285714286
"382",382,0.264041428571429
"383",383,0.257928571428571
"384",384,0.251644285714286
"385",385,0.245167142857143
"386",386,0.238567142857143
"387",387,0.231818571428571
"388",388,0.225094285714286
"389",389,0.218331428571429
"390",390,0.211564285714286
"391",391,0.204861428571429
"392",392,0.19816
"393",393,0.191591428571429
"394",394,0.185148571428571
"395",395,0.178832857142857
"396",396,0.17277
"397",397,0.16688
"398",398,0.161198571428571
"399",399,0.15579
"400",400,0.150554285714286
"401",401,0.14559
"402",402,0.140902857142857
"403",403,0.136474285714286
"404",404,0.132314285714286
"405",405,0.128407142857143
"406",406,0.124768571428571
"407",407,0.121341142857143
"408",408,0.118157
"409",409,0.115157285714286
"410",410,0.112384428571429
"411",411,0.109785
"412",412,0.107381
"413",413,0.105144
"414",414,0.103080857142857
"415",415,0.101177714285714
"416",416,0.0994261428571429
"417",417,0.0977895714285714
"418",418,0.0962878571428571
"419",419,0.0948947142857143
"420",420,0.0936082857142857
"421",421,0.0924381428571429
"422",422,0.0913515714285714
"423",423,0.0903495714285714
"424",424,0.0894294285714286
"425",425,0.0885648571428571
"426",426,0.0877682857142857
"427",427,0.087035
"428",428,0.0863577142857143
"429",429,0.0857507142857143
"430",430,0.0851927142857143
"431",431,0.0846815714285714
"432",432,0.0842131428571429
"433",433,0.0837897142857143
"434",434,0.0834027142857143
"435",435,0.0830595714285714
"436",436,0.0827448571428571
"437",437,0.082463
"438",438,0.0822157142857143
"439",439,0.0820038571428571
"440",440,0.0818188571428571
"441",441,0.0816722857142857
"442",442,0.0815345714285714
"443",443,0.0814168571428571
"444",444,0.0813172857142857
"445",445,0.0812285714285714
"446",446,0.0811707142857143
"447",447,0.08114
"448",448,0.0811261428571429
"449",449,0.081122
"450",450,0.0811345714285714
"451",451,0.0811612857142857
"452",452,0.0811904285714286
"453",453,0.0812374285714286
"454",454,0.0813088571428571
"455",455,0.0813831428571429
"456",456,0.081467
"457",457,0.0815797142857143
"458",458,0.0817127142857143
"459",459,0.0818635714285714
"460",460,0.0820415714285714
"461",461,0.0822404285714286
"462",462,0.0824555714285714
"463",463,0.0826962857142857
"464",464,0.0829708571428571
"465",465,0.0832765714285714
"466",466,0.0836135714285714
"467",467,0.0839848571428571
"468",468,0.084393
"469",469,0.0848267142857143
"470",470,0.085289
"471",471,0.0857841428571429
"472",472,0.0863057142857143
"473",473,0.0868595714285714
"474",474,0.0874558571428571
"475",475,0.088071
"476",476,0.0887134285714286
"477",477,0.0893807142857143
"478",478,0.0900727142857143
"479",479,0.090779
"480",480,0.0915135714285714
"481",481,0.0922611428571429
"482",482,0.093024
"483",483,0.0938117142857143
"484",484,0.0946161428571429
"485",485,0.0954342857142857
"486",486,0.0962712857142857
"487",487,0.0971235714285714
"488",488,0.097986
"489",489,0.0988621428571429
"490",490,0.099734
"491",491,0.100633
"492",492,0.101552428571429
"493",493,0.102470142857143
"494",494,0.103417142857143
"495",495,0.104364142857143
"496",496,0.105304714285714
"497",497,0.106268428571429
"498",498,0.107237571428571
"499",499,0.108209714285714
"500",500,0.109199142857143
"501",501,0.110194285714286
"502",502,0.111200571428571
"503",503,0.112212285714286
"504",504,0.113228142857143
"505",505,0.114253571428571
"506",506,0.115274571428571
"507",507,0.116308142857143
"508",508,0.117345714285714
"509",509,0.118384285714286
"510",510,0.119432857142857
"511",511,0.120497571428571
"512",512,0.121551
"513",513,0.122607142857143
"514",514,0.12366
"515",515,0.124707142857143
"516",516,0.12576
"517",517,0.126814285714286
"518",518,0.127871428571429
"519",519,0.128931428571429
"520",520,0.129992857142857
"521",521,0.131067142857143
"522",522,0.132121428571429
"523",523,0.133174285714286
"524",524,0.134225714285714
"525",525,0.135267142857143
"526",526,0.13632
"527",527,0.137391428571429
"528",528,0.138442857142857
"529",529,0.139494285714286
"530",530,0.140541428571429
"531",531,0.141581428571429
"532",532,0.142614285714286
"533",533,0.143635714285714
"534",534,0.144664285714286
"535",535,0.14569
"536",536,0.146712857142857
"537",537,0.14774
"538",538,0.148761428571429
"539",539,0.149762857142857
"540",540,0.150774285714286
"541",541,0.151788571428571
"542",542,0.152794285714286
"543",543,0.153795714285714
"544",544,0.1548
"545",545,0.155801428571429
"546",546,0.156794285714286
"547",547,0.157791428571429
"548",548,0.158791428571429
"549",549,0.159768571428571
"550",550,0.160745714285714
"551",551,0.161732857142857
"552",552,0.162698571428571
"553",553,0.16367
"554",554,0.164644285714286
"555",555,0.165598571428571
"556",556,0.166555714285714
"557",557,0.167502857142857
"558",558,0.168448571428571
"559",559,0.169395714285714
"560",560,0.170331428571429
"561",561,0.171271428571429
"562",562,0.172195714285714
"563",563,0.173104285714286
"564",564,0.174017142857143
"565",565,0.174914285714286
"566",566,0.175805714285714
"567",567,0.176705714285714
"568",568,0.177602857142857
"569",569,0.178491428571429
"570",570,0.179374285714286
"571",571,0.180247142857143
"572",572,0.181104285714286
"573",573,0.181967142857143
"574",574,0.182827142857143
"575",575,0.18368
"576",576,0.184527142857143
"577",577,0.185371428571429
"578",578,0.186197142857143
"579",579,0.187032857142857
"580",580,0.18787
"581",581,0.1887
"582",582,0.189531428571429
"583",583,0.190354285714286
"584",584,0.191167142857143
"585",585,0.19198
"586",586,0.192772857142857
"587",587,0.193585714285714
"588",588,0.194407142857143
"589",589,0.195215714285714
"590",590,0.196031428571429
"591",591,0.196841428571429
"592",592,0.19763
"593",593,0.198432857142857
"594",594,0.199244285714286
"595",595,0.20005
"596",596,0.200852857142857
"597",597,0.201654285714286
"598",598,0.20246
"599",599,0.203255714285714
"600",600,0.204047142857143
"601",601,0.204837142857143
"602",602,0.205617142857143
"603",603,0.206395714285714
"604",604,0.207181428571429
"605",605,0.207947142857143
"606",606,0.20871
"607",607,0.209467142857143
"608",608,0.210211428571429
"609",609,0.210954285714286
"610",610,0.211695714285714
"611",611,0.212418571428571
"612",612,0.213135714285714
"613",613,0.213838571428571
"614",614,0.214535714285714
"615",615,0.215208571428571
"616",616,0.215865714285714
"617",617,0.216501428571429
"618",618,0.217124285714286
"619",619,0.21772
"620",620,0.218304285714286
"621",621,0.218864285714286
"622",622,0.219397142857143
"623",623,0.219905714285714
"624",624,0.220384285714286
"625",625,0.220855714285714
"626",626,0.221298571428571
"627",627,0.221751428571429
"628",628,0.222195714285714
"629",629,0.222657142857143
"630",630,0.223125714285714
"631",631,0.2236
"632",632,0.224075714285714
"633",633,0.224577142857143
"634",634,0.225104285714286
"635",635,0.225625714285714
"636",636,0.22617
"637",637,0.2267
"638",638,0.227228571428571
"639",639,0.227741428571429
"640",640,0.228268571428571
"641",641,0.228755714285714
"642",642,0.229227142857143
"643",643,0.22965
"644",644,0.230035714285714
"645",645,0.230394285714286
"646",646,0.230715714285714
"647",647,0.230997142857143
"648",648,0.231251428571429
"649",649,0.231451428571429
"650",650,0.231587142857143
"651",651,0.231707142857143
"652",652,0.231788571428571
"653",653,0.231838571428571
"654",654,0.23187
"655",655,0.23186
"656",656,0.231791428571429
"657",657,0.231727142857143
"658",658,0.231635714285714
"659",659,0.231531428571429
"660",660,0.231415714285714
"661",661,0.231285714285714
"662",662,0.231124285714286
"663",663,0.23098
"664",664,0.230827142857143
"665",665,0.230688571428571
"666",666,0.230562857142857
"667",667,0.230444285714286
"668",668,0.230335714285714
"669",669,0.230235714285714
"670",670,0.230141428571429
"671",671,0.230062857142857
"672",672,0.230001428571429
"673",673,0.229932857142857
"674",674,0.229875714285714
"675",675,0.229817142857143
"676",676,0.229767142857143
"677",677,0.229704285714286
"678",678,0.229648571428571
"679",679,0.229557142857143
"680",680,0.229447142857143
"681",681,0.229317142857143
"682",682,0.229182857142857
"683",683,0.228998571428571
"684",684,0.228777142857143
"685",685,0.228527142857143
"686",686,0.22823
"687",687,0.227914285714286
"688",688,0.22757
"689",689,0.227208571428571
"690",690,0.22681
"691",691,0.226414285714286
"692",692,0.226002857142857
"693",693,0.225582857142857
"694",694,0.225151428571429
"695",695,0.224712857142857
"696",696,0.224261428571429
"697",697,0.223808571428571
"698",698,0.223351428571429
"699",699,0.222885714285714
"700",700,0.222414285714286
"701",701,0.221927142857143
"702",702,0.221432857142857
"703",703,0.220915714285714
"704",704,0.22038
"705",705,0.219841428571429
"706",706,0.219284285714286
"707",707,0.218731428571429
"708",708,0.218178571428571
"709",709,0.21762
"710",710,0.21706
"711",711,0.2165
"712",712,0.21594
"713",713,0.215377142857143
"714",714,0.214817142857143
"715",715,0.214251428571429
"716",716,0.213685714285714
"717",717,0.21312
"718",718,0.212555714285714
"719",719,0.211984285714286
"720",720,0.211405714285714
"721",721,0.210822857142857
"722",722,0.21022
"723",723,0.209607142857143
"724",724,0.208991428571429
"725",725,0.208374285714286
"726",726,0.207782857142857
"727",727,0.207205714285714
"728",728,0.20664
"729",729,0.206101428571429
"730",730,0.205552857142857
"731",731,0.205041428571429
"732",732,0.204562857142857
"733",733,0.204094285714286
"734",734,0.203662857142857
"735",735,0.20326
"736",736,0.202832857142857
"737",737,0.202415714285714
"738",738,0.201964285714286
"739",739,0.201488571428571
"740",740,0.200998571428571
"741",741,0.200497142857143
"742",742,0.199962857142857
"743",743,0.199408571428571
"744",744,0.198812857142857
"745",745,0.198161428571429
"746",746,0.197504285714286
"747",747,0.196808571428571
"748",748,0.196114285714286
"749",749,0.195402857142857
"750",750,0.194698571428571
"751",751,0.193995714285714
"752",752,0.193278571428571
"753",753,0.192555714285714
"754",754,0.191845714285714
"755",755,0.191128571428571
"756",756,0.190432857142857
"757",757,0.18976
"758",758,0.189084285714286
"759",759,0.188404285714286
"760",760,0.187751428571429
"761",761,0.187097142857143
"762",762,0.186484285714286
"763",763,0.185901428571429
"764",764,0.185338571428571
"765",765,0.184798571428571
"766",766,0.184284285714286
"767",767,0.183781428571429
"768",768,0.183317142857143
"769",769,0.182891428571429
"770",770,0.182471428571429
"771",771,0.182082857142857
"772",772,0.18169
"773",773,0.18131
"774",774,0.180952857142857
"775",775,0.180591428571429
"776",776,0.180251428571429
"777",777,0.179921428571429
"778",778,0.179615714285714
"779",779,0.179332857142857
"780",780,0.179065714285714
"781",781,0.178818571428571
"782",782,0.178594285714286
"783",783,0.178391428571429
"784",784,0.178215714285714
"785",785,0.178048571428571
"786",786,0.17792
"787",787,0.177801428571429
"788",788,0.177702857142857
"789",789,0.177628571428571
"790",790,0.17756
"791",791,0.17752
"792",792,0.177512857142857
"793",793,0.177508571428571
"794",794,0.177508571428571
"795",795,0.17753
"796",796,0.177562857142857
"797",797,0.177611428571429
"798",798,0.177694285714286
"799",799,0.177767142857143
"800",800,0.177847142857143
"801",801,0.177941428571429
"802",802,0.178047142857143
"803",803,0.178147142857143
"804",804,0.178264285714286
"805",805,0.178362857142857
"806",806,0.17845
"807",807,0.17855
"808",808,0.178645714285714
"809",809,0.178744285714286
"810",810,0.178837142857143
"811",811,0.178924285714286
"812",812,0.179008571428571
"813",813,0.179091428571429
"814",814,0.179174285714286
"815",815,0.17924
"816",816,0.179295714285714
"817",817,0.17934
"818",818,0.179372857142857
"819",819,0.179395714285714
"820",820,0.1794
"821",821,0.179411428571429
"822",822,0.179395714285714
"823",823,0.17937
"824",824,0.179332857142857
"825",825,0.179277142857143
"826",826,0.179202857142857
"827",827,0.179124285714286
"828",828,0.179015714285714
"829",829,0.17888
"830",830,0.178727142857143
"831",831,0.178564285714286
"832",832,0.178768571428571
"833",833,0.178521428571429
"834",834,0.17816
"835",835,0.177782857142857
"836",836,0.177317142857143
"837",837,0.176797142857143
"838",838,0.176268571428571
"839",839,0.175754285714286
"840",840,0.175128571428571
"841",841,0.17444
"842",842,0.17371
"843",843,0.172895714285714
"844",844,0.171977142857143
"845",845,0.17102
"846",846,0.170008571428571
"847",847,0.168888571428571
"848",848,0.16772
"849",849,0.166395714285714
"850",850,0.164905714285714
"851",851,0.163382857142857
"852",852,0.161744285714286
"853",853,0.160115714285714
"854",854,0.158354285714286
"855",855,0.156458571428571
"856",856,0.154427142857143
"857",857,0.15216
"858",858,0.149837142857143
"859",859,0.1474
"860",860,0.144878571428571
"861",861,0.142251428571429
"862",862,0.139502857142857
"863",863,0.136657142857143
"864",864,0.133667142857143
"865",865,0.13057
"866",866,0.127365714285714
"867",867,0.124097142857143
"868",868,0.120755
"869",869,0.117303714285714
"870",870,0.113742571428571
"871",871,0.110155142857143
"872",872,0.106517428571429
"873",873,0.102738571428571
"874",874,0.0989535714285714
"875",875,0.095259
"876",876,0.091624
"877",877,0.0880032857142857
"878",878,0.0844662857142857
"879",879,0.0809258571428571
"880",880,0.077568
"881",881,0.0742812857142857
"882",882,0.0711141428571429
"883",883,0.0679801428571429
"884",884,0.0650018571428571
"885",885,0.0621021428571429
"886",886,0.059124
"887",887,0.0564908571428571
"888",888,0.0540985714285714
"889",889,0.0518005714285714
"890",890,0.0497258571428571
"891",891,0.047705
"892",892,0.0457672857142857
"893",893,0.0439552857142857
"894",894,0.0423194285714286
"895",895,0.0408022857142857
"896",896,0.0394534285714286
"897",897,0.0383571428571429
"898",898,0.0372405714285714
"899",899,0.0362124285714286
"900",900,0.0352924285714286
"901",901,0.0345024285714286
"902",902,0.0337232857142857
"903",903,0.0330032857142857
"904",904,0.0323941428571429
"905",905,0.0318398571428571
"906",906,0.0313214285714286
"907",907,0.0308648571428571
"908",908,0.0305395714285714
"909",909,0.030196
"910",910,0.0298764285714286
"911",911,0.0295774285714286
"912",912,0.029319
"913",913,0.0290607142857143
"914",914,0.0288561428571429
"915",915,0.0286808571428571
"916",916,0.0285005714285714
"917",917,0.0283585714285714
"918",918,0.0282268571428571
"919",919,0.0280657142857143
"920",920,0.0279734285714286
"921",921,0.0280015714285714
"922",922,0.0279368571428571
"923",923,0.027865
"924",924,0.027737
"925",925,0.0277008571428571
"926",926,0.0276535714285714
"927",927,0.0276238571428571
"928",928,0.0276781428571429
"929",929,0.0276887142857143
"930",930,0.0276262857142857
"931",931,0.0276335714285714
"932",932,0.0277082857142857
"933",933,0.0277547142857143
"934",934,0.0278034285714286
"935",935,0.0278575714285714
"936",936,0.027923
"937",937,0.0279835714285714
"938",938,0.0280567142857143
"939",939,0.028189
"940",940,0.0282378571428571
"941",941,0.0281775714285714
"942",942,0.0282427142857143
"943",943,0.0283345714285714
"944",944,0.0284271428571429
"945",945,0.0285531428571429
"946",946,0.0287887142857143
"947",947,0.0289368571428571
"948",948,0.0290322857142857
"949",949,0.0291668571428571
"950",950,0.0293048571428571
"951",951,0.0294641428571429
"952",952,0.0296617142857143
"953",953,0.0298172857142857
"954",954,0.0299785714285714
"955",955,0.0301277142857143
"956",956,0.0302594285714286
"957",957,0.030329
"958",958,0.0304742857142857
"959",959,0.0306335714285714
"960",960,0.0308192857142857
"961",961,0.0310682857142857
"962",962,0.0312718571428571
"963",963,0.0314907142857143
"964",964,0.0316804285714286
"965",965,0.0318207142857143
"966",966,0.0319837142857143
"967",967,0.0321481428571429
"968",968,0.0322867142857143
"969",969,0.032489
"970",970,0.032741
"971",971,0.032959
"972",972,0.0332218571428571
"973",973,0.0334341428571429
"974",974,0.0335335714285714
"975",975,0.033763
"976",976,0.0340795714285714
"977",977,0.034338
"978",978,0.0346337142857143
"979",979,0.0349578571428571
"980",980,0.0352071428571429
"981",981,0.0353591428571429
"982",982,0.0355921428571429
"983",983,0.0358387142857143
"984",984,0.0360938571428571
"985",985,0.0363902857142857
"986",986,0.0366377142857143
"987",987,0.0368275714285714
"988",988,0.0370778571428571
"989",989,0.0372791428571429
"990",990,0.0376165714285714
"991",991,0.0379338571428571
"992",992,0.0383577142857143
"993",993,0.0386575714285714
"994",994,0.0388814285714286
"995",995,0.039154
"996",996,0.0394117142857143
"997",997,0.0396724285714286
"998",998,0.0399617142857143
"999",999,0.0402598571428571
"1000",1000,0.0405865714285714
"1001",1001,0.0407898571428571
"1002",1002,0.041116
"1003",1003,0.0414802857142857
"1004",1004,0.0417968571428571
"1005",1005,0.0421142857142857
"1006",1006,0.0424401428571429
"1007",1007,0.042728
"1008",1008,0.0430477142857143
"1009",1009,0.0434281428571429
"1010",1010,0.0437381428571429
"1011",1011,0.0439957142857143
"1012",1012,0.0443204285714286
"1013",1013,0.0445472857142857
"1014",1014,0.0447481428571429
"1015",1015,0.0450427142857143
"1016",1016,0.0453837142857143
"1017",1017,0.0456688571428571
"1018",1018,0.0459874285714286
"1019",1019,0.0463307142857143
"1020",1020,0.0466541428571429
"1021",1021,0.0469767142857143
"1022",1022,0.0473892857142857
"1023",1023,0.0476877142857143
"1024",1024,0.0478808571428571
"1025",1025,0.0480911428571429
"1026",1026,0.048303
"1027",1027,0.0486007142857143
"1028",1028,0.0488877142857143
"1029",1029,0.0492362857142857
"1030",1030,0.049523
"1031",1031,0.0497904285714286
"1032",1032,0.0500428571428571
"1033",1033,0.0502524285714286
"1034",1034,0.0505187142857143
"1035",1035,0.0507935714285714
"1036",1036,0.0510884285714286
"1037",1037,0.0514264285714286
"1038",1038,0.051689
"1039",1039,0.0519512857142857
"1040",1040,0.0521324285714286
"1041",1041,0.0523484285714286
"1042",1042,0.0525501428571429
"1043",1043,0.0527818571428571
"1044",1044,0.053046
"1045",1045,0.0532898571428571
"1046",1046,0.053519
"1047",1047,0.0537438571428571
"1048",1048,0.0539751428571429
"1049",1049,0.0541637142857143
"1050",1050,0.0543798571428571
"1051",1051,0.0546284285714286
"1052",1052,0.0548201428571429
"1053",1053,0.0550387142857143
"1054",1054,0.0552427142857143
"1055",1055,0.0554168571428571
"1056",1056,0.055614
"1057",1057,0.0558132857142857
"1058",1058,0.0560331428571429
"1059",1059,0.0563015714285714
"1060",1060,0.0565132857142857
"1061",1061,0.0566885714285714
"1062",1062,0.0568938571428571
"1063",1063,0.0571187142857143
"1064",1064,0.0573678571428571
"1065",1065,0.057693
"1066",1066,0.0579787142857143
"1067",1067,0.0582318571428571
"1068",1068,0.0584685714285714
"1069",1069,0.0586618571428571
"1070",1070,0.058747
"1071",1071,0.0589737142857143
"1072",1072,0.0592334285714286
"1073",1073,0.0594771428571429
"1074",1074,0.0597957142857143
"1075",1075,0.0601315714285714
"1076",1076,0.060345
"1077",1077,0.0605387142857143
"1078",1078,0.060729
"1079",1079,0.0609712857142857
"1080",1080,0.0611731428571429
"1081",1081,0.0613185714285714
"1082",1082,0.061601
"1083",1083,0.0620101428571429
"1084",1084,0.0622914285714286
"1085",1085,0.0626555714285714
"1086",1086,0.0628968571428571
"1087",1087,0.062968
"1088",1088,0.0630822857142857
"1089",1089,0.0633101428571429
"1090",1090,0.0636035714285714
"1091",1091,0.0639515714285714
"1092",1092,0.064159
"1093",1093,0.0643001428571429
"1094",1094,0.0645004285714286
"1095",1095,0.0647598571428571
"1096",1096,0.0651121428571429
"1097",1097,0.0654061428571429
"1098",1098,0.0657385714285714
"1099",1099,0.066003
"1100",1100,0.0662135714285714
"1101",1101,0.0664174285714286
"1102",1102,0.0666367142857143
"1103",1103,0.0668635714285714
"1104",1104,0.0671115714285714
"1105",1105,0.0674242857142857
"1106",1106,0.0677114285714286
"1107",1107,0.0679057142857143
"1108",1108,0.0680432857142857
"1109",1109,0.0681578571428571
"1110",1110,0.0683744285714286
"1111",1111,0.0686227142857143
"1112",1112,0.0689158571428571
"1113",1113,0.0693691428571429
"1114",1114,0.0696697142857143
"1115",1115,0.0699012857142857
"1116",1116,0.0701468571428571
"1117",1117,0.0703365714285714
"1118",1118,0.0705422857142857
"1119",1119,0.070841
"1120",1120,0.0710937142857143
"1121",1121,0.071376
"1122",1122,0.0716594285714286
"1123",1123,0.0718815714285714
"1124",1124,0.0721477142857143
"1125",1125,0.0723694285714286
"1126",1126,0.0725418571428571
"1127",1127,0.0727428571428571
"1128",1128,0.0729071428571429
"1129",1129,0.0731134285714286
"1130",1130,0.0733294285714286
"1131",1131,0.0736575714285714
"1132",1132,0.0738965714285714
"1133",1133,0.074097
"1134",1134,0.074367
"1135",1135,0.0745641428571429
"1136",1136,0.074733
"1137",1137,0.0750001428571429
"1138",1138,0.0751702857142857
"1139",1139,0.075284
"1140",1140,0.0754925714285714
"1141",1141,0.0756795714285714
"1142",1142,0.0759215714285714
"1143",1143,0.0762897142857143
"1144",1144,0.0765324285714286
"1145",1145,0.0767174285714286
"1146",1146,0.0769514285714286
"1147",1147,0.0771855714285714
"1148",1148,0.0773644285714286
"1149",1149,0.0777201428571428
"1150",1150,0.078023
"1151",1151,0.0782207142857143
"1152",1152,0.0784171428571429
"1153",1153,0.0785527142857143
"1154",1154,0.0788398571428571
"1155",1155,0.0791787142857143
"1156",1156,0.0794234285714286
"1157",1157,0.0796752857142857
"1158",1158,0.0798504285714286
"1159",1159,0.080058
"1160",1160,0.0802398571428571
"1161",1161,0.0804982857142857
"1162",1162,0.0808291428571429
"1163",1163,0.0811148571428571
"1164",1164,0.0813244285714286
"1165",1165,0.0814534285714286
"1166",1166,0.081526
"1167",1167,0.0816024285714286
"1168",1168,0.0817838571428571
"1169",1169,0.082026
"1170",1170,0.0823128571428571
"1171",1171,0.0825881428571429
"1172",1172,0.0828285714285714
"1173",1173,0.0831048571428571
"1174",1174,0.0832957142857143
"1175",1175,0.0834967142857143
"1176",1176,0.0836831428571429
"1177",1177,0.0838191428571429
"1178",1178,0.0839881428571429
"1179",1179,0.0841904285714286
"1180",1180,0.0843148571428571
"1181",1181,0.0845464285714286
"1182",1182,0.084784
"1183",1183,0.0849514285714286
"1184",1184,0.0852258571428571
"1185",1185,0.085438
"1186",1186,0.0855785714285714
"1187",1187,0.0857435714285714
"1188",1188,0.0859008571428571
"1189",1189,0.0860325714285714
"1190",1190,0.0861488571428571
"1191",1191,0.0862957142857143
"1192",1192,0.0864987142857143
"1193",1193,0.0866594285714286
"1194",1194,0.0869091428571429
"1195",1195,0.0871115714285714
"1196",1196,0.0872495714285714
"1197",1197,0.0874007142857143
"1198",1198,0.0875614285714286
"1199",1199,0.0877342857142857
"1200",1200,0.0878745714285714
"1201",1201,0.0881132857142857
"1202",1202,0.0882731428571429
"1203",1203,0.088314
"1204",1204,0.0884334285714286
"1205",1205,0.0886125714285714
"1206",1206,0.0887942857142857
"1207",1207,0.0889295714285714
"1208",1208,0.0889734285714286
"1209",1209,0.0888842857142857
"1210",1210,0.0887951428571429
"1211",1211,0.0889377142857143
"1212",1212,0.0889842857142857
"1213",1213,0.0889332857142857
"1214",1214,0.089011
"1215",1215,0.0891081428571429
"1216",1216,0.089143
"1217",1217,0.0891772857142857
"1218",1218,0.0894668571428571
"1219",1219,0.0893995714285714
"1220",1220,0.0893272857142857
"1221",1221,0.089448
"1222",1222,0.0891938571428571
"1223",1223,0.0890442857142857
"1224",1224,0.0891131428571429
"1225",1225,0.0888914285714286
"1226",1226,0.0888612857142857
"1227",1227,0.0889205714285714
"1228",1228,0.0886582857142857
"1229",1229,0.0884667142857143
"1230",1230,0.0883701428571429
"1231",1231,0.0881872857142857
"1232",1232,0.0880017142857143
"1233",1233,0.0878092857142857
"1234",1234,0.0875075714285714
"1235",1235,0.0872001428571429
"1236",1236,0.0868435714285714
"1237",1237,0.0865321428571429
"1238",1238,0.086222
"1239",1239,0.0858888571428571
"1240",1240,0.0856391428571429
"1241",1241,0.0853018571428571
"1242",1242,0.085046
"1243",1243,0.0847704285714286
"1244",1244,0.0843014285714286
"1245",1245,0.0839332857142857
"1246",1246,0.0834282857142857
"1247",1247,0.0828272857142857
"1248",1248,0.0824002857142857
"1249",1249,0.0820007142857143
"1250",1250,0.0816417142857143
"1251",1251,0.0813365714285714
"1252",1252,0.0810317142857143
"1253",1253,0.0805288571428571
"1254",1254,0.0799238571428571
"1255",1255,0.079294
"1256",1256,0.0786948571428571
"1257",1257,0.0780308571428571
"1258",1258,0.0775452857142857
"1259",1259,0.0772062857142857
"1260",1260,0.0767507142857143
"1261",1261,0.0762385714285714
"1262",1262,0.075744
"1263",1263,0.0752125714285714
"1264",1264,0.0748354285714286
"1265",1265,0.0741698571428571
"1266",1266,0.073614
"1267",1267,0.073105
"1268",1268,0.0724631428571429
"1269",1269,0.0722402857142857
"1270",1270,0.0722787142857143
"1271",1271,0.0720401428571429
"1272",1272,0.071753
"1273",1273,0.0713797142857143
"1274",1274,0.0707385714285714
"1275",1275,0.0704174285714286
"1276",1276,0.0702042857142857
"1277",1277,0.0697945714285714
"1278",1278,0.0696494285714286
"1279",1279,0.0694285714285714
"1280",1280,0.0690275714285714
"1281",1281,0.0687824285714286
"1282",1282,0.068676
"1283",1283,0.0684982857142857
"1284",1284,0.0683704285714286
"1285",1285,0.068222
"1286",1286,0.0680522857142857
"1287",1287,0.0678538571428571
"1288",1288,0.0676258571428571
"1289",1289,0.0673572857142857
"1290",1290,0.0670202857142857
"1291",1291,0.066826
"1292",1292,0.0665421428571429
"1293",1293,0.0662262857142857
"1294",1294,0.0657974285714286
"1295",1295,0.0654638571428571
"1296",1296,0.0652961428571429
"1297",1297,0.0649952857142857
"1298",1298,0.0646435714285714
"1299",1299,0.0642874285714286
"1300",1300,0.0638638571428571
"1301",1301,0.0633667142857143
"1302",1302,0.063115
"1303",1303,0.0629022857142857
"1304",1304,0.0624668571428571
"1305",1305,0.0622258571428571
"1306",1306,0.0618485714285714
"1307",1307,0.0613164285714286
"1308",1308,0.0611204285714286
"1309",1309,0.0609238571428571
"1310",1310,0.0607392857142857
"1311",1311,0.0608374285714286
"1312",1312,0.0606698571428571
"1313",1313,0.0602772857142857
"1314",1314,0.0600201428571429
"1315",1315,0.0597067142857143
"1316",1316,0.0594444285714286
"1317",1317,0.0591884285714286
"1318",1318,0.05902
"1319",1319,0.0589484285714286
"1320",1320,0.0589345714285714
"1321",1321,0.0590828571428571
"1322",1322,0.0590614285714286
"1323",1323,0.059078
"1324",1324,0.0587674285714286
"1325",1325,0.0581712857142857
"1326",1326,0.0579852857142857
"1327",1327,0.0578954285714286
"1328",1328,0.0579412857142857
"1329",1329,0.058211
"1330",1330,0.0581982857142857
"1331",1331,0.0578364285714286
"1332",1332,0.0572638571428571
"1333",1333,0.0567881428571429
"1334",1334,0.0563847142857143
"1335",1335,0.0561385714285714
"1336",1336,0.0560777142857143
"1337",1337,0.0557017142857143
"1338",1338,0.0554627142857143
"1339",1339,0.0552151428571429
"1340",1340,0.0546492857142857
"1341",1341,0.0545251428571429
"1342",1342,0.0545878571428571
"1343",1343,0.0545678571428571
"1344",1344,0.0545345714285714
"1345",1345,0.0543287142857143
"1346",1346,0.0537755714285714
"1347",1347,0.0534381428571429
"1348",1348,0.0532588571428571
"1349",1349,0.0529782857142857
"1350",1350,0.0526745714285714
"1351",1351,0.0524098571428571
"1352",1352,0.0518591428571429
"1353",1353,0.0515511428571429
"1354",1354,0.051646
"1355",1355,0.0514675714285714
"1356",1356,0.0511492857142857
"1357",1357,0.051101
"1358",1358,0.0510877142857143
"1359",1359,0.0509231428571429
"1360",1360,0.0510418571428571
"1361",1361,0.050886
"1362",1362,0.0501274285714286
"1363",1363,0.0499192857142857
"1364",1364,0.0501167142857143
"1365",1365,0.05
"1366",1366,0.0499348571428571
"1367",1367,0.0499311428571429
"1368",1368,0.0497311428571429
"1369",1369,0.0493344285714286
"1370",1370,0.0493077142857143
"1371",1371,0.0493928571428571
"1372",1372,0.0489954285714286
"1373",1373,0.0486838571428571
"1374",1374,0.0483494285714286
"1375",1375,0.047905
"1376",1376,0.047767
"1377",1377,0.0473342857142857
"1378",1378,0.0468057142857143
"1379",1379,0.0466425714285714
"1380",1380,0.0465058571428571
"1381",1381,0.046648
"1382",1382,0.046788
"1383",1383,0.0466571428571429
"1384",1384,0.0463522857142857
"1385",1385,0.0459347142857143
"1386",1386,0.0455647142857143
"1387",1387,0.0449502857142857
"1388",1388,0.0447197142857143
"1389",1389,0.0446678571428571
"1390",1390,0.0444072857142857
"1391",1391,0.044538
"1392",1392,0.0443158571428571
"1393",1393,0.0436484285714286
"1394",1394,0.0436028571428571
"1395",1395,0.0437915714285714
"1396",1396,0.0437887142857143
"1397",1397,0.0442421428571429
"1398",1398,0.044204
"1399",1399,0.0436475714285714
"1400",1400,0.043423
"1401",1401,0.0432318571428571
"1402",1402,0.0428787142857143
"1403",1403,0.0423645714285714
"1404",1404,0.0423105714285714
"1405",1405,0.0425195714285714
"1406",1406,0.042453
"1407",1407,0.0427325714285714
"1408",1408,0.0425444285714286
"1409",1409,0.0416075714285714
"1410",1410,0.0413697142857143
"1411",1411,0.041428
"1412",1412,0.0412918571428571
"1413",1413,0.0416278571428571
"1414",1414,0.0412677142857143
"1415",1415,0.0399592857142857
"1416",1416,0.0397567142857143
"1417",1417,0.0399998571428571
"1418",1418,0.0397955714285714
"1419",1419,0.0403991428571429
"1420",1420,0.0400328571428571
"1421",1421,0.0382602857142857
"1422",1422,0.0375431428571429
"1423",1423,0.0369741428571429
"1424",1424,0.0366427142857143
"1425",1425,0.0369537142857143
"1426",1426,0.0369758571428571
"1427",1427,0.0369714285714286
"1428",1428,0.0370475714285714
"1429",1429,0.0373717142857143
"1430",1430,0.0373191428571429
"1431",1431,0.0367272857142857
"1432",1432,0.0367787142857143
"1433",1433,0.0374114285714286
"1434",1434,0.037116
"1435",1435,0.0367941428571429
"1436",1436,0.0364658571428571
"1437",1437,0.0344411428571429
"1438",1438,0.0342245714285714
"1439",1439,0.036038
"1440",1440,0.0363611428571429
"1441",1441,0.0370471428571429
"1442",1442,0.0369127142857143
"1443",1443,0.035037
"1444",1444,0.034179
"1445",1445,0.0334987142857143
"1446",1446,0.0330374285714286
"1447",1447,0.033302
"1448",1448,0.0329568571428571
"1449",1449,0.0320891428571429
"1450",1450,0.0317994285714286
"1451",1451,0.0315111428571429
"1452",1452,0.0313361428571429
"1453",1453,0.0319118571428571
"1454",1454,0.0320244285714286
"1455",1455,0.0315792857142857
"1456",1456,0.0316021428571429
"1457",1457,0.0322357142857143
"1458",1458,0.0320101428571429
"1459",1459,0.031119
"1460",1460,0.0309504285714286
"1461",1461,0.0305204285714286
"1462",1462,0.0303264285714286
"1463",1463,0.0315994285714286
"1464",1464,0.0313481428571429
"1465",1465,0.0292477142857143
"1466",1466,0.0287677142857143
"1467",1467,0.0284904285714286
"1468",1468,0.0283715714285714
"1469",1469,0.0301524285714286
"1470",1470,0.0301521428571429
"1471",1471,0.0283964571428571
"1472",1472,0.0278336285714286
"1473",1473,0.0265825428571429
"1474",1474,0.0266311571428571
"1475",1475,0.0291425714285714
"1476",1476,0.0295045714285714
"1477",1477,0.0290277142857143
"1478",1478,0.029054
"1479",1479,0.0279252857142857
"1480",1480,0.0274053428571429
"1481",1481,0.0278779857142857
"1482",1482,0.0279271428571429
"1483",1483,0.0276327142857143
"1484",1484,0.0272743571428571
"1485",1485,0.0268195428571429
"1486",1486,0.0269620571428571
"1487",1487,0.0272265714428571
"1488",1488,0.0275658571571429
"1489",1489,0.0293018428571429
"1490",1490,0.0292328285714286
"1491",1491,0.0277305285714286
"1492",1492,0.0274059714285714
"1493",1493,0.0264199142857143
"1494",1494,0.0260066714285714
"1495",1495,0.0264664285714286
"1496",1496,0.0267794285714286
"1497",1497,0.0276228714285714
"1498",1498,0.0273020714285714
"1499",1499,0.0268549285714286
"1500",1500,0.0262257143
"1501",1501,0.0235881428714286
"1502",1502,0.060325
"1503",1503,0.0630377142857143
"1504",1504,0.0620882857142857
"1505",1505,0.0626941428571429
"1506",1506,0.0606692857142857
"1507",1507,0.0591665714285714
"1508",1508,0.0588331428571429
"1509",1509,0.0510960571428571
"1510",1510,0.0497536142857143
"1511",1511,0.0554131428571429
"1512",1512,0.0500685714285714
"1513",1513,0.0497745714285714
"1514",1514,0.0522315714285714
"1515",1515,0.0465211428571429
"1516",1516,0.0470362857142857
"1517",1517,0.0500101428571429
"1518",1518,0.0488604285714286
"1519",1519,0.0471045714285714
"1520",1520,0.0492431428571429
"1521",1521,0.0552471428571429
"1522",1522,0.0517251428571429
"1523",1523,0.0491598571428571
"1524",1524,0.050878
"1525",1525,0.0507401428571429
"1526",1526,0.0495784285714286
"1527",1527,0.0478048571428571
"1528",1528,0.0460014285714286
"1529",1529,0.046502
"1530",1530,0.0478558571428571
"1531",1531,0.048007
"1532",1532,0.048288
"1533",1533,0.0481025714285714
"1534",1534,0.0472988571428571
"1535",1535,0.0468208571428571
"1536",1536,0.0469505714285714
"1537",1537,0.0475994285714286
"1538",1538,0.0483624285714286
"1539",1539,0.0477864285714286
"1540",1540,0.0468645714285714
"1541",1541,0.0477861428571429
"1542",1542,0.0484248571428571
"1543",1543,0.0480845714285714
"1544",1544,0.0468571428571429
"1545",1545,0.0473182857142857
"1546",1546,0.0478654285714286
"1547",1547,0.0475368571428571
"1548",1548,0.0475497142857143
"1549",1549,0.0484492857142857
"1550",1550,0.0493327142857143
"1551",1551,0.0473435714285714
"1552",1552,0.0463777142857143
"1553",1553,0.0465872857142857
"1554",1554,0.0466045714285714
"1555",1555,0.0478938571428571
"1556",1556,0.0486851428571429
"1557",1557,0.0476371428571429
"1558",1558,0.0483251428571429
"1559",1559,0.0484895714285714
"1560",1560,0.0473491428571429
"1561",1561,0.0478708571428571
"1562",1562,0.0488705714285714
"1563",1563,0.0494574285714286
"1564",1564,0.0487614285714286
"1565",1565,0.0480558571428571
"1566",1566,0.0477575714285714
"1567",1567,0.0479684285714286
"1568",1568,0.048734
"1569",1569,0.0489938571428571
"1570",1570,0.0481865714285714
"1571",1571,0.0482424285714286
"1572",1572,0.0488352857142857
"1573",1573,0.049574
"1574",1574,0.0502577142857143
"1575",1575,0.049992
"1576",1576,0.0493674285714286
"1577",1577,0.0502131428571429
"1578",1578,0.050444
"1579",1579,0.0503955714285714
"1580",1580,0.0509751428571429
"1581",1581,0.0511391428571429
"1582",1582,0.050757
"1583",1583,0.0501787142857143
"1584",1584,0.0510945714285714
"1585",1585,0.0514568571428571
"1586",1586,0.0507681428571429
"1587",1587,0.0510531428571429
"1588",1588,0.0514538571428571
"1589",1589,0.0515928571428571
"1590",1590,0.0512634285714286
"1591",1591,0.0515471428571429
"1592",1592,0.051746
"1593",1593,0.0510074285714286
"1594",1594,0.0513238571428571
"1595",1595,0.0517262857142857
"1596",1596,0.0514898571428571
"1597",1597,0.051537
"1598",1598,0.0517417142857143
"1599",1599,0.0519694285714286
"1600",1600,0.0520397142857143
"1601",1601,0.0522001428571429
"1602",1602,0.0524202857142857
"1603",1603,0.0525365714285714
"1604",1604,0.052645
"1605",1605,0.0526944285714286
"1606",1606,0.0526677142857143
"1607",1607,0.0529471428571429
"1608",1608,0.053116
"1609",1609,0.0530117142857143
"1610",1610,0.0532558571428571
"1611",1611,0.0532142857142857
"1612",1612,0.0527864285714286
"1613",1613,0.052347
"1614",1614,0.0525375714285714
"1615",1615,0.0529781428571429
"1616",1616,0.0529012857142857
"1617",1617,0.0529695714285714
"1618",1618,0.0531264285714286
"1619",1619,0.0532488571428571
"1620",1620,0.0534821428571429
"1621",1621,0.0535001428571429
"1622",1622,0.053253
"1623",1623,0.0532307142857143
"1624",1624,0.0531692857142857
"1625",1625,0.053007
"1626",1626,0.0527962857142857
"1627",1627,0.0529314285714286
"1628",1628,0.0531704285714286
"1629",1629,0.0531432857142857
"1630",1630,0.0532042857142857
"1631",1631,0.0532171428571429
"1632",1632,0.0531442857142857
"1633",1633,0.0534597142857143
"1634",1634,0.0535425714285714
"1635",1635,0.0533387142857143
"1636",1636,0.0535442857142857
"1637",1637,0.0538921428571429
"1638",1638,0.0541187142857143
"1639",1639,0.0539482857142857
"1640",1640,0.0538591428571429
"1641",1641,0.0539458571428571
"1642",1642,0.0542037142857143
"1643",1643,0.054632
"1644",1644,0.055024
"1645",1645,0.0552154285714286
"1646",1646,0.0550467142857143
"1647",1647,0.0551091428571429
"1648",1648,0.0555627142857143
"1649",1649,0.0562395714285714
"1650",1650,0.0567042857142857
"1651",1651,0.0570025714285714
"1652",1652,0.0573631428571429
"1653",1653,0.0579024285714286
"1654",1654,0.0584008571428571
"1655",1655,0.0588334285714286
"1656",1656,0.0600397142857143
"1657",1657,0.0610518571428571
"1658",1658,0.0616721428571429
"1659",1659,0.0628131428571429
"1660",1660,0.0638548571428571
"1661",1661,0.0648815714285714
"1662",1662,0.0662795714285714
"1663",1663,0.0675368571428571
"1664",1664,0.0688504285714286
"1665",1665,0.0704711428571429
"1666",1666,0.072124
"1667",1667,0.0739125714285714
"1668",1668,0.0758695714285714
"1669",1669,0.0778307142857143
"1670",1670,0.0798147142857143
"1671",1671,0.0818381428571429
"1672",1672,0.0839268571428572
"1673",1673,0.086198
"1674",1674,0.0885218571428571
"1675",1675,0.0906954285714286
"1676",1676,0.0926572857142857
"1677",1677,0.0945555714285714
"1678",1678,0.0964992857142857
"1679",1679,0.0984004285714286
"1680",1680,0.100062857142857
"1681",1681,0.101498285714286
"1682",1682,0.103010714285714
"1683",1683,0.104472857142857
"1684",1684,0.105749857142857
"1685",1685,0.106695
"1686",1686,0.107746571428571
"1687",1687,0.108730142857143
"1688",1688,0.109445
"1689",1689,0.110166
"1690",1690,0.110844142857143
"1691",1691,0.111415142857143
"1692",1692,0.111824285714286
"1693",1693,0.112203857142857
"1694",1694,0.112594
"1695",1695,0.112977285714286
"1696",1696,0.113325428571429
"1697",1697,0.113673142857143
"1698",1698,0.114065571428571
"1699",1699,0.114468
"1700",1700,0.114844285714286
"1701",1701,0.115168
"1702",1702,0.115441142857143
"1703",1703,0.115625285714286
"1704",1704,0.115754
"1705",1705,0.115957428571429
"1706",1706,0.115968857142857
"1707",1707,0.115770857142857
"1708",1708,0.115456285714286
"1709",1709,0.115054857142857
"1710",1710,0.114486
"1711",1711,0.113719714285714
"1712",1712,0.11299
"1713",1713,0.112175857142857
"1714",1714,0.111231428571429
"1715",1715,0.110238857142857
"1716",1716,0.109148
"1717",1717,0.107959
"1718",1718,0.106707857142857
"1719",1719,0.105421571428571
"1720",1720,0.104062714285714
"1721",1721,0.102619857142857
"1722",1722,0.101259285714286
"1723",1723,0.0998252857142857
"1724",1724,0.0982835714285714
"1725",1725,0.096879
"1726",1726,0.095474
"1727",1727,0.0941007142857143
"1728",1728,0.0929094285714286
"1729",1729,0.0917421428571429
"1730",1730,0.0906355714285714
"1731",1731,0.0896634285714286
"1732",1732,0.088777
"1733",1733,0.0879432857142857
"1734",1734,0.0871364285714286
"1735",1735,0.0863187142857143
"1736",1736,0.0856227142857143
"1737",1737,0.0850185714285714
"1738",1738,0.0842884285714286
"1739",1739,0.08374
"1740",1740,0.0832777142857143
"1741",1741,0.0826752857142857
"1742",1742,0.0821698571428571
"1743",1743,0.0817547142857143
"1744",1744,0.081384
"1745",1745,0.0810105714285714
"1746",1746,0.0807195714285714
"1747",1747,0.0804985714285714
"1748",1748,0.080172
"1749",1749,0.0798504285714286
"1750",1750,0.0796002857142857
"1751",1751,0.0794655714285714
"1752",1752,0.0792834285714286
"1753",1753,0.0790031428571429
"1754",1754,0.0786357142857143
"1755",1755,0.0783481428571429
"1756",1756,0.0780345714285714
"1757",1757,0.0776491428571429
"1758",1758,0.0772561428571429
"1759",1759,0.0768111428571429
"1760",1760,0.076309
"1761",1761,0.0757694285714286
"1762",1762,0.0752731428571429
"1763",1763,0.074788
"1764",1764,0.0742638571428571
"1765",1765,0.0737232857142857
"1766",1766,0.0731868571428571
"1767",1767,0.0726664285714286
"1768",1768,0.0721618571428571
"1769",1769,0.07169
"1770",1770,0.0712382857142857
"1771",1771,0.0707657142857143
"1772",1772,0.0703604285714286
"1773",1773,0.0699977142857143
"1774",1774,0.0696281428571429
"1775",1775,0.0692288571428571
"1776",1776,0.0689305714285714
"1777",1777,0.0687594285714286
"1778",1778,0.0685107142857143
"1779",1779,0.0682044285714286
"1780",1780,0.0679158571428571
"1781",1781,0.0677727142857143
"1782",1782,0.0676804285714286
"1783",1783,0.0676097142857143
"1784",1784,0.0675364285714286
"1785",1785,0.0673967142857143
"1786",1786,0.0671924285714286
"1787",1787,0.0669422857142857
"1788",1788,0.0666998571428571
"1789",1789,0.0664051428571429
"1790",1790,0.06604
"1791",1791,0.0656165714285714
"1792",1792,0.0650871428571429
"1793",1793,0.0644855714285714
"1794",1794,0.0638754285714286
"1795",1795,0.0632514285714286
"1796",1796,0.0626664285714286
"1797",1797,0.0621192857142857
"1798",1798,0.0614438571428571
"1799",1799,0.0608528571428571
"1800",1800,0.060365
"1801",1801,0.0598215714285714
"1802",1802,0.0593815714285714
"1803",1803,0.0590431428571429
"1804",1804,0.0587495714285714
"1805",1805,0.0584665714285714
"1806",1806,0.0581814285714286
"1807",1807,0.0578962857142857
"1808",1808,0.0576587142857143
"1809",1809,0.057291
"1810",1810,0.0568347142857143
"1811",1811,0.0565402857142857
"1812",1812,0.0561498571428571
"1813",1813,0.0556945714285714
"1814",1814,0.0552814285714286
"1815",1815,0.0548641428571429
"1816",1816,0.0545031428571429
"1817",1817,0.0542265714285714
"1818",1818,0.053951
"1819",1819,0.0536932857142857
"1820",1820,0.0534915714285714
"1821",1821,0.0534128571428571
"1822",1822,0.0534322857142857
"1823",1823,0.053485
"1824",1824,0.0535138571428571
"1825",1825,0.0536228571428571
"1826",1826,0.0538077142857143
"1827",1827,0.0540462857142857
"1828",1828,0.0542964285714286
"1829",1829,0.0546165714285714
"1830",1830,0.0550024285714286
"1831",1831,0.0553975714285714
"1832",1832,0.055855
"1833",1833,0.0564038571428571
"1834",1834,0.0570662857142857
"1835",1835,0.0578478571428571
"1836",1836,0.0587217142857143
"1837",1837,0.0596891428571429
"1838",1838,0.0608057142857143
"1839",1839,0.0621218571428571
"1840",1840,0.06372
"1841",1841,0.0657067142857143
"1842",1842,0.0680581428571429
"1843",1843,0.070842
"1844",1844,0.0741467142857143
"1845",1845,0.078011
"1846",1846,0.0824044285714286
"1847",1847,0.0873182857142857
"1848",1848,0.0927914285714286
"1849",1849,0.0988071428571429
"1850",1850,0.105352428571429
"1851",1851,0.112389857142857
"1852",1852,0.119808428571429
"1853",1853,0.127548714285714
"1854",1854,0.135585142857143
"1855",1855,0.143952857142857
"1856",1856,0.152467142857143
"1857",1857,0.161087142857143
"1858",1858,0.170027142857143
"1859",1859,0.1791
"1860",1860,0.188304285714286
"1861",1861,0.197744285714286
"1862",1862,0.207342857142857
"1863",1863,0.217171428571429
"1864",1864,0.227271428571429
"1865",1865,0.23753
"1866",1866,0.248004285714286
"1867",1867,0.258714285714286
"1868",1868,0.269661428571429
"1869",1869,0.280814285714286
"1870",1870,0.292164285714286
"1871",1871,0.303717142857143
"1872",1872,0.3154
"1873",1873,0.32722
"1874",1874,0.339178571428571
"1875",1875,0.351172857142857
"1876",1876,0.36317
"1877",1877,0.375141428571429
"1878",1878,0.387038571428571
"1879",1879,0.398864285714286
"1880",1880,0.410511428571429
"1881",1881,0.421871428571429
"1882",1882,0.433095714285714
"1883",1883,0.44405
"1884",1884,0.454638571428571
"1885",1885,0.464948571428571
"1886",1886,0.474895714285714
"1887",1887,0.484471428571429
"1888",1888,0.493725714285714
"1889",1889,0.502598571428571
"1890",1890,0.51106
"1891",1891,0.519092857142857
"1892",1892,0.52675
"1893",1893,0.534011428571429
"1894",1894,0.540855714285714
"1895",1895,0.547281428571429
"1896",1896,0.553301428571429
"1897",1897,0.558921428571429
"1898",1898,0.564151428571429
"1899",1899,0.569048571428571
"1900",1900,0.573578571428571
"1901",1901,0.577721428571429
"1902",1902,0.581575714285714
"1903",1903,0.585107142857143
"1904",1904,0.58833
"1905",1905,0.591344285714286
"1906",1906,0.594068571428571
"1907",1907,0.596531428571429
"1908",1908,0.598792857142857
"1909",1909,0.600891428571429
"1910",1910,0.60279
"1911",1911,0.604485714285714
"1912",1912,0.606047142857143
"1913",1913,0.607464285714286
"1914",1914,0.608752857142857
"1915",1915,0.609961428571429
"1916",1916,0.61104
"1917",1917,0.612
"1918",1918,0.612871428571429
"1919",1919,0.613721428571429
"1920",1920,0.614487142857143
"1921",1921,0.615151428571429
"1922",1922,0.615792857142857
"1923",1923,0.616391428571429
"1924",1924,0.616947142857143
"1925",1925,0.617481428571429
"1926",1926,0.61794
"1927",1927,0.618371428571429
"1928",1928,0.618817142857143
"1929",1929,0.619258571428571
"1930",1930,0.61966
"1931",1931,0.620025714285714
"1932",1932,0.620405714285714
"1933",1933,0.620752857142857
"1934",1934,0.62109
"1935",1935,0.621445714285714
"1936",1936,0.62176
"1937",1937,0.622065714285714
"1938",1938,0.622381428571429
"1939",1939,0.6227
"1940",1940,0.623024285714286
"1941",1941,0.623324285714286
"1942",1942,0.62357
"1943",1943,0.623854285714286
"1944",1944,0.624155714285714
"1945",1945,0.624412857142857
"1946",1946,0.624647142857143
"1947",1947,0.624868571428571
"1948",1948,0.625111428571429
"1949",1949,0.625434285714286
"1950",1950,0.625691428571429
"1951",1951,0.625905714285714
"1952",1952,0.62617
"1953",1953,0.626425714285714
"1954",1954,0.626667142857143
"1955",1955,0.626877142857143
"1956",1956,0.627081428571429
"1957",1957,0.627335714285714
"1958",1958,0.627597142857143
"1959",1959,0.627762857142857
"1960",1960,0.627994285714286
"1961",1961,0.628241428571429
"1962",1962,0.628445714285714
"1963",1963,0.628677142857143
"1964",1964,0.628884285714286
"1965",1965,0.62906
"1966",1966,0.629247142857143
"1967",1967,0.629508571428571
"1968",1968,0.6298
"1969",1969,0.630037142857143
"1970",1970,0.630297142857143
"1971",1971,0.63057
"1972",1972,0.630842857142857
"1973",1973,0.631098571428571
"1974",1974,0.631371428571429
"1975",1975,0.631648571428571
"1976",1976,0.631897142857143
"1977",1977,0.632152857142857
"1978",1978,0.632398571428571
"1979",1979,0.632604285714286
"1980",1980,0.632774285714286
"1981",1981,0.632912857142857
"1982",1982,0.633055714285714
"1983",1983,0.633294285714286
"1984",1984,0.633508571428571
"1985",1985,0.633718571428571
"1986",1986,0.633977142857143
"1987",1987,0.634192857142857
"1988",1988,0.634467142857143
"1989",1989,0.634821428571429
"1990",1990,0.63507
"1991",1991,0.635367142857143
"1992",1992,0.635725714285714
"1993",1993,0.636068571428571
"1994",1994,0.636384285714286
"1995",1995,0.636691428571429
"1996",1996,0.637012857142857
"1997",1997,0.637342857142857
"1998",1998,0.637668571428571
"1999",1999,0.637967142857143
"2000",2000,0.638205714285714
"2001",2001,0.63849
"2002",2002,0.638775714285714
"2003",2003,0.639011428571429
"2004",2004,0.639327142857143
"2005",2005,0.639604285714286
"2006",2006,0.639815714285714
"2007",2007,0.640091428571429
"2008",2008,0.640341428571429
"2009",2009,0.640568571428571
"2010",2010,0.640817142857143
"2011",2011,0.641051428571429
"2012",2012,0.641272857142857
"2013",2013,0.641477142857143
"2014",2014,0.641628571428571
"2015",2015,0.641795714285714
"2016",2016,0.642
"2017",2017,0.642227142857143
"2018",2018,0.642392857142857
"2019",2019,0.64251
"2020",2020,0.642624285714286
"2021",2021,0.642837142857143
"2022",2022,0.642985714285714
"2023",2023,0.643061428571429
"2024",2024,0.643211428571429
"2025",2025,0.643344285714286
"2026",2026,0.643494285714286
"2027",2027,0.643682857142857
"2028",2028,0.643751428571429
"2029",2029,0.643835714285714
"2030",2030,0.643977142857143
"2031",2031,0.644121428571429
"2032",2032,0.644165714285714
"2033",2033,0.644182857142857
"2034",2034,0.644284285714286
"2035",2035,0.644395714285714
"2036",2036,0.644411428571429
"2037",2037,0.64433
"2038",2038,0.64435
"2039",2039,0.644388571428571
"2040",2040,0.644422857142857
"2041",2041,0.644428571428571
"2042",2042,0.644415714285714
"2043",2043,0.644422857142857
"2044",2044,0.644452857142857
"2045",2045,0.64442
"2046",2046,0.644388571428571
"2047",2047,0.644348571428571
"2048",2048,0.644258571428571
"2049",2049,0.644238571428571
"2050",2050,0.644225714285714
"2051",2051,0.644147142857143
"2052",2052,0.644101428571429
"2053",2053,0.644057142857143
"2054",2054,0.643985714285714
"2055",2055,0.64386
"2056",2056,0.643805714285714
"2057",2057,0.643758571428571
"2058",2058,0.643624285714286
"2059",2059,0.643482857142857
"2060",2060,0.643352857142857
"2061",2061,0.643231428571429
"2062",2062,0.643098571428571
"2063",2063,0.64299
"2064",2064,0.642901428571429
"2065",2065,0.642805714285714
"2066",2066,0.6427
"2067",2067,0.642598571428571
"2068",2068,0.642471428571429
"2069",2069,0.642201428571429
"2070",2070,0.642018571428571
"2071",2071,0.641865714285714
"2072",2072,0.641597142857143
"2073",2073,0.641301428571429
"2074",2074,0.641025714285714
"2075",2075,0.640795714285714
"2076",2076,0.640608571428571
"2077",2077,0.64031
"2078",2078,0.639865714285714
"2079",2079,0.639307142857143
"2080",2080,0.638565714285714
"2081",2081,0.637855714285714
"2082",2082,0.637295714285714
"2083",2083,0.636675714285714
"2084",2084,0.636237142857143
"2085",2085,0.635874285714286
"2086",2086,0.635312857142857
"2087",2087,0.634651428571429
"2088",2088,0.633864285714286
"2089",2089,0.632965714285714
"2090",2090,0.632098571428571
"2091",2091,0.631215714285714
"2092",2092,0.630341428571429
"2093",2093,0.629545714285714
"2094",2094,0.628508571428571
"2095",2095,0.627415714285714
"2096",2096,0.62642
"2097",2097,0.625304285714286
"2098",2098,0.62398
"2099",2099,0.622554285714286
"2100",2100,0.621257142857143
"2101",2101,0.619585714285714
"2102",2102,0.617818571428571
"2103",2103,0.616157142857143
"2104",2104,0.614052857142857
"2105",2105,0.612005714285714
"2106",2106,0.610131428571429
"2107",2107,0.608224285714286
"2108",2108,0.60629
"2109",2109,0.604334285714286
"2110",2110,0.602422857142857
"2111",2111,0.600778571428571
"2112",2112,0.599264285714286
"2113",2113,0.59789
"2114",2114,0.59679
"2115",2115,0.595707142857143
"2116",2116,0.594755714285714
"2117",2117,0.594022857142857
"2118",2118,0.59323
"2119",2119,0.592491428571429
"2120",2120,0.591881428571429
"2121",2121,0.591431428571429
"2122",2122,0.590987142857143
"2123",2123,0.590481428571429
"2124",2124,0.589971428571429
"2125",2125,0.589855714285714
"2126",2126,0.589584285714286
"2127",2127,0.589185714285714
"2128",2128,0.589157142857143
"2129",2129,0.589141428571429
"2130",2130,0.588992857142857
"2131",2131,0.58874
"2132",2132,0.588844285714286
"2133",2133,0.589
"2134",2134,0.58913
"2135",2135,0.589338571428571
"2136",2136,0.589451428571429
"2137",2137,0.589684285714286
"2138",2138,0.590151428571429
"2139",2139,0.590355714285714
"2140",2140,0.59079
"2141",2141,0.591384285714286
"2142",2142,0.59163
"2143",2143,0.59207
"2144",2144,0.592647142857143
"2145",2145,0.59323
"2146",2146,0.593845714285714
"2147",2147,0.594442857142857
"2148",2148,0.595018571428571
"2149",2149,0.595624285714286
"2150",2150,0.596392857142857
"2151",2151,0.597065714285714
