"","wavelength","syc_mean_reflectance"
"1",1,0.441635
"2",2,0.44167
"3",3,0.44165
"4",4,0.441705
"5",5,0.44172
"6",6,0.44179
"7",7,0.442
"8",8,0.442085
"9",9,0.44209
"10",10,0.44212
"11",11,0.442185
"12",12,0.442365
"13",13,0.442505
"14",14,0.44245
"15",15,0.442415
"16",16,0.44219
"17",17,0.44217
"18",18,0.442265
"19",19,0.442335
"20",20,0.44247
"21",21,0.44258
"22",22,0.44269
"23",23,0.44275
"24",24,0.44281
"25",25,0.442725
"26",26,0.44252
"27",27,0.442305
"28",28,0.44229
"29",29,0.4425
"30",30,0.44259
"31",31,0.442785
"32",32,0.4429
"33",33,0.442945
"34",34,0.44293
"35",35,0.442865
"36",36,0.442875
"37",37,0.44275
"38",38,0.442685
"39",39,0.442785
"40",40,0.4428
"41",41,0.442795
"42",42,0.442865
"43",43,0.442835
"44",44,0.442835
"45",45,0.442935
"46",46,0.442995
"47",47,0.443035
"48",48,0.44304
"49",49,0.44308
"50",50,0.443085
"51",51,0.44312
"52",52,0.4432
"53",53,0.44329
"54",54,0.443395
"55",55,0.44329
"56",56,0.4432
"57",57,0.44323
"58",58,0.443175
"59",59,0.44314
"60",60,0.443095
"61",61,0.44305
"62",62,0.442875
"63",63,0.44286
"64",64,0.44294
"65",65,0.442935
"66",66,0.442975
"67",67,0.44296
"68",68,0.442885
"69",69,0.44288
"70",70,0.44278
"71",71,0.442715
"72",72,0.44276
"73",73,0.44269
"74",74,0.442615
"75",75,0.4426
"76",76,0.442605
"77",77,0.44263
"78",78,0.442635
"79",79,0.442705
"80",80,0.44262
"81",81,0.44253
"82",82,0.44238
"83",83,0.44229
"84",84,0.442285
"85",85,0.442205
"86",86,0.442125
"87",87,0.442055
"88",88,0.442045
"89",89,0.44207
"90",90,0.44219
"91",91,0.442165
"92",92,0.442105
"93",93,0.442055
"94",94,0.441935
"95",95,0.4418
"96",96,0.4418
"97",97,0.441705
"98",98,0.441565
"99",99,0.441555
"100",100,0.441475
"101",101,0.44143
"102",102,0.441455
"103",103,0.441345
"104",104,0.44126
"105",105,0.441155
"106",106,0.44108
"107",107,0.440995
"108",108,0.44091
"109",109,0.440825
"110",110,0.440775
"111",111,0.440755
"112",112,0.44072
"113",113,0.440685
"114",114,0.440685
"115",115,0.44061
"116",116,0.44042
"117",117,0.440275
"118",118,0.44016
"119",119,0.44003
"120",120,0.439895
"121",121,0.43978
"122",122,0.43969
"123",123,0.439565
"124",124,0.439435
"125",125,0.43929
"126",126,0.43915
"127",127,0.438975
"128",128,0.438775
"129",129,0.43858
"130",130,0.43835
"131",131,0.438045
"132",132,0.437725
"133",133,0.43741
"134",134,0.437095
"135",135,0.436785
"136",136,0.436445
"137",137,0.43611
"138",138,0.43573
"139",139,0.43532
"140",140,0.43488
"141",141,0.434365
"142",142,0.43391
"143",143,0.433465
"144",144,0.433
"145",145,0.432545
"146",146,0.43211
"147",147,0.431735
"148",148,0.43131
"149",149,0.430895
"150",150,0.430545
"151",151,0.430105
"152",152,0.429525
"153",153,0.429145
"154",154,0.428825
"155",155,0.428525
"156",156,0.428365
"157",157,0.42812
"158",158,0.42784
"159",159,0.4276
"160",160,0.427355
"161",161,0.42715
"162",162,0.426975
"163",163,0.42683
"164",164,0.426715
"165",165,0.426635
"166",166,0.42655
"167",167,0.4265
"168",168,0.42643
"169",169,0.426365
"170",170,0.426295
"171",171,0.426205
"172",172,0.426165
"173",173,0.426185
"174",174,0.42614
"175",175,0.42608
"176",176,0.426035
"177",177,0.42597
"178",178,0.425895
"179",179,0.42584
"180",180,0.42578
"181",181,0.425715
"182",182,0.42561
"183",183,0.425545
"184",184,0.42549
"185",185,0.425435
"186",186,0.425365
"187",187,0.425335
"188",188,0.425355
"189",189,0.425325
"190",190,0.42529
"191",191,0.425245
"192",192,0.425145
"193",193,0.425105
"194",194,0.42512
"195",195,0.42509
"196",196,0.425045
"197",197,0.425025
"198",198,0.424975
"199",199,0.424935
"200",200,0.424935
"201",201,0.424975
"202",202,0.42501
"203",203,0.425055
"204",204,0.42508
"205",205,0.425105
"206",206,0.425125
"207",207,0.425135
"208",208,0.425155
"209",209,0.42519
"210",210,0.425225
"211",211,0.425275
"212",212,0.425325
"213",213,0.42539
"214",214,0.425445
"215",215,0.42551
"216",216,0.425545
"217",217,0.425595
"218",218,0.425675
"219",219,0.425735
"220",220,0.42578
"221",221,0.42585
"222",222,0.425905
"223",223,0.42599
"224",224,0.426125
"225",225,0.426215
"226",226,0.42629
"227",227,0.426365
"228",228,0.426415
"229",229,0.42648
"230",230,0.426565
"231",231,0.42664
"232",232,0.42671
"233",233,0.42677
"234",234,0.426795
"235",235,0.42684
"236",236,0.426895
"237",237,0.426935
"238",238,0.42699
"239",239,0.427085
"240",240,0.427125
"241",241,0.42713
"242",242,0.427185
"243",243,0.427245
"244",244,0.427285
"245",245,0.42736
"246",246,0.427395
"247",247,0.42739
"248",248,0.42741
"249",249,0.42743
"250",250,0.42746
"251",251,0.427535
"252",252,0.427555
"253",253,0.427575
"254",254,0.427635
"255",255,0.427615
"256",256,0.42761
"257",257,0.427645
"258",258,0.42765
"259",259,0.42766
"260",260,0.427685
"261",261,0.4277
"262",262,0.427705
"263",263,0.42769
"264",264,0.42768
"265",265,0.427675
"266",266,0.42766
"267",267,0.42763
"268",268,0.427605
"269",269,0.427575
"270",270,0.427515
"271",271,0.42747
"272",272,0.42744
"273",273,0.427415
"274",274,0.427375
"275",275,0.427325
"276",276,0.427275
"277",277,0.42723
"278",278,0.42719
"279",279,0.42712
"280",280,0.42706
"281",281,0.426995
"282",282,0.426925
"283",283,0.426855
"284",284,0.426775
"285",285,0.42668
"286",286,0.426585
"287",287,0.4265
"288",288,0.4264
"289",289,0.426305
"290",290,0.426185
"291",291,0.426055
"292",292,0.425885
"293",293,0.425735
"294",294,0.42559
"295",295,0.425435
"296",296,0.425295
"297",297,0.42512
"298",298,0.42493
"299",299,0.42474
"300",300,0.424555
"301",301,0.424355
"302",302,0.424165
"303",303,0.42395
"304",304,0.42373
"305",305,0.42349
"306",306,0.423215
"307",307,0.422965
"308",308,0.422715
"309",309,0.422435
"310",310,0.422155
"311",311,0.421865
"312",312,0.42155
"313",313,0.421205
"314",314,0.42086
"315",315,0.42052
"316",316,0.42016
"317",317,0.419795
"318",318,0.419425
"319",319,0.41901
"320",320,0.418595
"321",321,0.418185
"322",322,0.41775
"323",323,0.417325
"324",324,0.41688
"325",325,0.41641
"326",326,0.41594
"327",327,0.41549
"328",328,0.415
"329",329,0.41449
"330",330,0.413975
"331",331,0.413415
"332",332,0.412885
"333",333,0.412375
"334",334,0.41184
"335",335,0.411295
"336",336,0.41074
"337",337,0.410185
"338",338,0.409625
"339",339,0.40907
"340",340,0.408535
"341",341,0.407995
"342",342,0.40744
"343",343,0.406885
"344",344,0.406335
"345",345,0.40579
"346",346,0.40526
"347",347,0.40474
"348",348,0.404195
"349",349,0.403675
"350",350,0.40315
"351",351,0.40263
"352",352,0.402115
"353",353,0.40161
"354",354,0.401095
"355",355,0.400585
"356",356,0.4001
"357",357,0.39959
"358",358,0.399085
"359",359,0.398555
"360",360,0.397995
"361",361,0.39743
"362",362,0.396835
"363",363,0.3962
"364",364,0.39554
"365",365,0.39484
"366",366,0.39409
"367",367,0.393305
"368",368,0.39247
"369",369,0.391595
"370",370,0.39065
"371",371,0.38964
"372",372,0.388575
"373",373,0.387425
"374",374,0.38616
"375",375,0.38482
"376",376,0.383345
"377",377,0.381755
"378",378,0.380055
"379",379,0.37828
"380",380,0.3763
"381",381,0.374175
"382",382,0.371895
"383",383,0.369435
"384",384,0.366835
"385",385,0.36411
"386",386,0.361225
"387",387,0.358155
"388",388,0.35498
"389",389,0.35163
"390",390,0.348165
"391",391,0.34463
"392",392,0.34098
"393",393,0.33725
"394",394,0.33345
"395",395,0.32957
"396",396,0.325665
"397",397,0.321735
"398",398,0.31787
"399",399,0.314055
"400",400,0.31022
"401",401,0.306465
"402",402,0.30278
"403",403,0.2992
"404",404,0.2957
"405",405,0.292355
"406",406,0.28911
"407",407,0.28602
"408",408,0.28304
"409",409,0.28022
"410",410,0.27754
"411",411,0.27501
"412",412,0.27262
"413",413,0.270385
"414",414,0.268295
"415",415,0.26634
"416",416,0.264515
"417",417,0.26283
"418",418,0.26127
"419",419,0.259795
"420",420,0.25844
"421",421,0.25719
"422",422,0.25602
"423",423,0.25497
"424",424,0.254005
"425",425,0.2531
"426",426,0.252315
"427",427,0.2516
"428",428,0.25096
"429",429,0.25039
"430",430,0.24986
"431",431,0.249385
"432",432,0.248955
"433",433,0.248565
"434",434,0.248255
"435",435,0.247995
"436",436,0.24778
"437",437,0.24763
"438",438,0.24749
"439",439,0.247385
"440",440,0.247315
"441",441,0.24727
"442",442,0.24726
"443",443,0.247285
"444",444,0.247325
"445",445,0.24741
"446",446,0.247495
"447",447,0.247595
"448",448,0.24773
"449",449,0.24787
"450",450,0.24802
"451",451,0.248215
"452",452,0.248405
"453",453,0.248605
"454",454,0.248825
"455",455,0.249045
"456",456,0.249305
"457",457,0.2496
"458",458,0.24992
"459",459,0.250275
"460",460,0.250645
"461",461,0.251055
"462",462,0.251495
"463",463,0.251985
"464",464,0.252535
"465",465,0.25315
"466",466,0.25382
"467",467,0.25452
"468",468,0.255245
"469",469,0.256035
"470",470,0.25687
"471",471,0.257755
"472",472,0.258715
"473",473,0.259675
"474",474,0.26066
"475",475,0.26167
"476",476,0.2627
"477",477,0.263755
"478",478,0.264845
"479",479,0.265935
"480",480,0.267055
"481",481,0.268175
"482",482,0.269305
"483",483,0.270435
"484",484,0.27156
"485",485,0.272705
"486",486,0.273865
"487",487,0.27502
"488",488,0.276185
"489",489,0.27734
"490",490,0.27848
"491",491,0.27964
"492",492,0.28082
"493",493,0.282005
"494",494,0.283185
"495",495,0.28435
"496",496,0.285495
"497",497,0.286625
"498",498,0.287765
"499",499,0.288915
"500",500,0.29006
"501",501,0.2912
"502",502,0.292335
"503",503,0.29345
"504",504,0.29458
"505",505,0.295705
"506",506,0.296825
"507",507,0.297965
"508",508,0.299065
"509",509,0.30015
"510",510,0.30123
"511",511,0.302305
"512",512,0.303365
"513",513,0.30441
"514",514,0.305445
"515",515,0.30647
"516",516,0.30749
"517",517,0.3085
"518",518,0.3095
"519",519,0.310495
"520",520,0.31147
"521",521,0.312425
"522",522,0.313385
"523",523,0.314335
"524",524,0.315275
"525",525,0.316215
"526",526,0.317135
"527",527,0.31804
"528",528,0.318945
"529",529,0.319855
"530",530,0.32073
"531",531,0.321595
"532",532,0.322445
"533",533,0.323255
"534",534,0.324085
"535",535,0.324935
"536",536,0.325755
"537",537,0.32656
"538",538,0.327355
"539",539,0.328115
"540",540,0.328875
"541",541,0.32963
"542",542,0.3304
"543",543,0.33114
"544",544,0.33187
"545",545,0.332595
"546",546,0.33328
"547",547,0.333965
"548",548,0.33466
"549",549,0.335355
"550",550,0.336045
"551",551,0.33673
"552",552,0.33738
"553",553,0.33803
"554",554,0.33867
"555",555,0.339285
"556",556,0.3399
"557",557,0.340485
"558",558,0.341055
"559",559,0.34164
"560",560,0.34222
"561",561,0.342815
"562",562,0.34338
"563",563,0.34395
"564",564,0.34451
"565",565,0.345045
"566",566,0.345575
"567",567,0.34609
"568",568,0.34659
"569",569,0.347095
"570",570,0.34759
"571",571,0.348085
"572",572,0.348565
"573",573,0.349045
"574",574,0.349515
"575",575,0.349985
"576",576,0.35047
"577",577,0.35093
"578",578,0.35138
"579",579,0.35182
"580",580,0.35224
"581",581,0.35267
"582",582,0.353105
"583",583,0.353525
"584",584,0.35394
"585",585,0.354345
"586",586,0.354725
"587",587,0.35512
"588",588,0.35553
"589",589,0.35592
"590",590,0.35631
"591",591,0.35669
"592",592,0.357045
"593",593,0.35741
"594",594,0.357775
"595",595,0.35813
"596",596,0.35848
"597",597,0.358815
"598",598,0.359125
"599",599,0.359465
"600",600,0.35983
"601",601,0.360165
"602",602,0.360505
"603",603,0.36082
"604",604,0.361105
"605",605,0.361405
"606",606,0.3617
"607",607,0.36199
"608",608,0.362275
"609",609,0.36256
"610",610,0.36284
"611",611,0.363115
"612",612,0.36339
"613",613,0.363655
"614",614,0.36389
"615",615,0.36415
"616",616,0.364405
"617",617,0.36465
"618",618,0.3649
"619",619,0.36513
"620",620,0.36534
"621",621,0.36554
"622",622,0.36573
"623",623,0.36593
"624",624,0.366125
"625",625,0.366325
"626",626,0.366535
"627",627,0.36673
"628",628,0.36691
"629",629,0.367095
"630",630,0.367265
"631",631,0.367445
"632",632,0.36763
"633",633,0.3678
"634",634,0.36796
"635",635,0.36812
"636",636,0.368275
"637",637,0.36842
"638",638,0.368555
"639",639,0.368685
"640",640,0.368815
"641",641,0.36893
"642",642,0.36905
"643",643,0.369155
"644",644,0.369235
"645",645,0.36932
"646",646,0.369405
"647",647,0.369475
"648",648,0.36954
"649",649,0.36959
"650",650,0.36962
"651",651,0.36965
"652",652,0.36967
"653",653,0.36968
"654",654,0.36968
"655",655,0.36967
"656",656,0.369635
"657",657,0.369615
"658",658,0.369605
"659",659,0.369575
"660",660,0.36954
"661",661,0.3695
"662",662,0.369455
"663",663,0.36939
"664",664,0.369305
"665",665,0.369245
"666",666,0.36919
"667",667,0.36912
"668",668,0.369075
"669",669,0.369005
"670",670,0.368915
"671",671,0.368835
"672",672,0.36877
"673",673,0.36868
"674",674,0.368585
"675",675,0.36846
"676",676,0.368315
"677",677,0.36816
"678",678,0.367965
"679",679,0.36779
"680",680,0.367615
"681",681,0.36743
"682",682,0.367265
"683",683,0.36705
"684",684,0.366795
"685",685,0.366555
"686",686,0.36631
"687",687,0.36606
"688",688,0.365815
"689",689,0.365575
"690",690,0.365325
"691",691,0.36507
"692",692,0.36481
"693",693,0.364545
"694",694,0.36427
"695",695,0.364
"696",696,0.36373
"697",697,0.363455
"698",698,0.363175
"699",699,0.3629
"700",700,0.362645
"701",701,0.362375
"702",702,0.36209
"703",703,0.361805
"704",704,0.36151
"705",705,0.361215
"706",706,0.360905
"707",707,0.360625
"708",708,0.36035
"709",709,0.36007
"710",710,0.3598
"711",711,0.359535
"712",712,0.359275
"713",713,0.358995
"714",714,0.35872
"715",715,0.35845
"716",716,0.358155
"717",717,0.35789
"718",718,0.357655
"719",719,0.35737
"720",720,0.357065
"721",721,0.35676
"722",722,0.356415
"723",723,0.3561
"724",724,0.355805
"725",725,0.35549
"726",726,0.35518
"727",727,0.354885
"728",728,0.354585
"729",729,0.3543
"730",730,0.35403
"731",731,0.353745
"732",732,0.353475
"733",733,0.353235
"734",734,0.35302
"735",735,0.35281
"736",736,0.352585
"737",737,0.35235
"738",738,0.352125
"739",739,0.35193
"740",740,0.351675
"741",741,0.3514
"742",742,0.3511
"743",743,0.35076
"744",744,0.350415
"745",745,0.350065
"746",746,0.3497
"747",747,0.349315
"748",748,0.34891
"749",749,0.34848
"750",750,0.34806
"751",751,0.347625
"752",752,0.347185
"753",753,0.34674
"754",754,0.3463
"755",755,0.34587
"756",756,0.34544
"757",757,0.345025
"758",758,0.3446
"759",759,0.34414
"760",760,0.34373
"761",761,0.34334
"762",762,0.342955
"763",763,0.342605
"764",764,0.342235
"765",765,0.34184
"766",766,0.34149
"767",767,0.34115
"768",768,0.340845
"769",769,0.34061
"770",770,0.34033
"771",771,0.340065
"772",772,0.339785
"773",773,0.3395
"774",774,0.33927
"775",775,0.339065
"776",776,0.338855
"777",777,0.33863
"778",778,0.3384
"779",779,0.338185
"780",780,0.33801
"781",781,0.33785
"782",782,0.33769
"783",783,0.33753
"784",784,0.337375
"785",785,0.33725
"786",786,0.33711
"787",787,0.336985
"788",788,0.33686
"789",789,0.336745
"790",790,0.336645
"791",791,0.33656
"792",792,0.33645
"793",793,0.33639
"794",794,0.336375
"795",795,0.33634
"796",796,0.336315
"797",797,0.336295
"798",798,0.33625
"799",799,0.33623
"800",800,0.33622
"801",801,0.336205
"802",802,0.336195
"803",803,0.336185
"804",804,0.336175
"805",805,0.336175
"806",806,0.33618
"807",807,0.336205
"808",808,0.336215
"809",809,0.336245
"810",810,0.336255
"811",811,0.33625
"812",812,0.336265
"813",813,0.336275
"814",814,0.336305
"815",815,0.336375
"816",816,0.336405
"817",817,0.336425
"818",818,0.336425
"819",819,0.336375
"820",820,0.336355
"821",821,0.33637
"822",822,0.33633
"823",823,0.336245
"824",824,0.336175
"825",825,0.336085
"826",826,0.33598
"827",827,0.335905
"828",828,0.335795
"829",829,0.335625
"830",830,0.33547
"831",831,0.3353
"832",832,0.33547
"833",833,0.3353
"834",834,0.33512
"835",835,0.334835
"836",836,0.334665
"837",837,0.334365
"838",838,0.333975
"839",839,0.33346
"840",840,0.332955
"841",841,0.332385
"842",842,0.33185
"843",843,0.33127
"844",844,0.330525
"845",845,0.32973
"846",846,0.328955
"847",847,0.32809
"848",848,0.32715
"849",849,0.326225
"850",850,0.325385
"851",851,0.324265
"852",852,0.323035
"853",853,0.321655
"854",854,0.320135
"855",855,0.318355
"856",856,0.31654
"857",857,0.31488
"858",858,0.31301
"859",859,0.311175
"860",860,0.309025
"861",861,0.30675
"862",862,0.304075
"863",863,0.301365
"864",864,0.29848
"865",865,0.29552
"866",866,0.292515
"867",867,0.289105
"868",868,0.28537
"869",869,0.28149
"870",870,0.27738
"871",871,0.273
"872",872,0.268465
"873",873,0.263625
"874",874,0.25858
"875",875,0.25351
"876",876,0.248205
"877",877,0.2427
"878",878,0.237205
"879",879,0.231545
"880",880,0.22574
"881",881,0.219775
"882",882,0.213855
"883",883,0.20769
"884",884,0.20153
"885",885,0.195465
"886",886,0.18945
"887",887,0.183415
"888",888,0.17718
"889",889,0.171325
"890",890,0.16556
"891",891,0.15998
"892",892,0.154575
"893",893,0.14944
"894",894,0.144515
"895",895,0.139635
"896",896,0.13524
"897",897,0.13128
"898",898,0.127425
"899",899,0.12385
"900",900,0.12051
"901",901,0.11732
"902",902,0.11446
"903",903,0.111945
"904",904,0.109745
"905",905,0.10759
"906",906,0.10568
"907",907,0.10388
"908",908,0.102091
"909",909,0.1006585
"910",910,0.099672
"911",911,0.098567
"912",912,0.097605
"913",913,0.096725
"914",914,0.095864
"915",915,0.0948605
"916",916,0.094261
"917",917,0.0940025
"918",918,0.09356
"919",919,0.093228
"920",920,0.092904
"921",921,0.092485
"922",922,0.0921745
"923",923,0.091932
"924",924,0.091802
"925",925,0.0917735
"926",926,0.091836
"927",927,0.0918775
"928",928,0.0920415
"929",929,0.092189
"930",930,0.0922505
"931",931,0.092445
"932",932,0.0927835
"933",933,0.0930995
"934",934,0.09344
"935",935,0.0938195
"936",936,0.094195
"937",937,0.094568
"938",938,0.094999
"939",939,0.0954395
"940",940,0.0959395
"941",941,0.0964415
"942",942,0.09707
"943",943,0.0979305
"944",944,0.098604
"945",945,0.0992475
"946",946,0.099918
"947",947,0.1005605
"948",948,0.101035
"949",949,0.101645
"950",950,0.10231
"951",951,0.10304
"952",952,0.103765
"953",953,0.104585
"954",954,0.10565
"955",955,0.106545
"956",956,0.107395
"957",957,0.10822
"958",958,0.10909
"959",959,0.109875
"960",960,0.110765
"961",961,0.11175
"962",962,0.112705
"963",963,0.11371
"964",964,0.11465
"965",965,0.115425
"966",966,0.11642
"967",967,0.11748
"968",968,0.118585
"969",969,0.11965
"970",970,0.120955
"971",971,0.12196
"972",972,0.12265
"973",973,0.123595
"974",974,0.124485
"975",975,0.12552
"976",976,0.12681
"977",977,0.12796
"978",978,0.129105
"979",979,0.130265
"980",980,0.13136
"981",981,0.132335
"982",982,0.133405
"983",983,0.134475
"984",984,0.135605
"985",985,0.136815
"986",986,0.13797
"987",987,0.139105
"988",988,0.14028
"989",989,0.141455
"990",990,0.14264
"991",991,0.143835
"992",992,0.14514
"993",993,0.146285
"994",994,0.147375
"995",995,0.14842
"996",996,0.14928
"997",997,0.150355
"998",998,0.15144
"999",999,0.152615
"1000",1000,0.154025
"1001",1001,0.155315
"1002",1002,0.156535
"1003",1003,0.15773
"1004",1004,0.158795
"1005",1005,0.15963
"1006",1006,0.16071
"1007",1007,0.161845
"1008",1008,0.162935
"1009",1009,0.16417
"1010",1010,0.165265
"1011",1011,0.16619
"1012",1012,0.167175
"1013",1013,0.168265
"1014",1014,0.16937
"1015",1015,0.17037
"1016",1016,0.171375
"1017",1017,0.17236
"1018",1018,0.17318
"1019",1019,0.174175
"1020",1020,0.175355
"1021",1021,0.176355
"1022",1022,0.17729
"1023",1023,0.17827
"1024",1024,0.17917
"1025",1025,0.180105
"1026",1026,0.181155
"1027",1027,0.182045
"1028",1028,0.182975
"1029",1029,0.183915
"1030",1030,0.184775
"1031",1031,0.185585
"1032",1032,0.186425
"1033",1033,0.1872
"1034",1034,0.188005
"1035",1035,0.188825
"1036",1036,0.18973
"1037",1037,0.19057
"1038",1038,0.191285
"1039",1039,0.191945
"1040",1040,0.192555
"1041",1041,0.19332
"1042",1042,0.194225
"1043",1043,0.19498
"1044",1044,0.195795
"1045",1045,0.196505
"1046",1046,0.19698
"1047",1047,0.19756
"1048",1048,0.198125
"1049",1049,0.19889
"1050",1050,0.19961
"1051",1051,0.20032
"1052",1052,0.20113
"1053",1053,0.201805
"1054",1054,0.20249
"1055",1055,0.20317
"1056",1056,0.203805
"1057",1057,0.204315
"1058",1058,0.20502
"1059",1059,0.205825
"1060",1060,0.206615
"1061",1061,0.207555
"1062",1062,0.20842
"1063",1063,0.209045
"1064",1064,0.209555
"1065",1065,0.21022
"1066",1066,0.21091
"1067",1067,0.21161
"1068",1068,0.21246
"1069",1069,0.213235
"1070",1070,0.21394
"1071",1071,0.21468
"1072",1072,0.215545
"1073",1073,0.216275
"1074",1074,0.216965
"1075",1075,0.21746
"1076",1076,0.217965
"1077",1077,0.218665
"1078",1078,0.21943
"1079",1079,0.220335
"1080",1080,0.22145
"1081",1081,0.222285
"1082",1082,0.222945
"1083",1083,0.223405
"1084",1084,0.22397
"1085",1085,0.22427
"1086",1086,0.224805
"1087",1087,0.225545
"1088",1088,0.2262
"1089",1089,0.22679
"1090",1090,0.227395
"1091",1091,0.22797
"1092",1092,0.228615
"1093",1093,0.229275
"1094",1094,0.229935
"1095",1095,0.230555
"1096",1096,0.23107
"1097",1097,0.23168
"1098",1098,0.23238
"1099",1099,0.23302
"1100",1100,0.23365
"1101",1101,0.2343
"1102",1102,0.23489
"1103",1103,0.23528
"1104",1104,0.23569
"1105",1105,0.236275
"1106",1106,0.236885
"1107",1107,0.237505
"1108",1108,0.23811
"1109",1109,0.23861
"1110",1110,0.239145
"1111",1111,0.239595
"1112",1112,0.240115
"1113",1113,0.240685
"1114",1114,0.24128
"1115",1115,0.241855
"1116",1116,0.24254
"1117",1117,0.243325
"1118",1118,0.243905
"1119",1119,0.24433
"1120",1120,0.24472
"1121",1121,0.24505
"1122",1122,0.24543
"1123",1123,0.24589
"1124",1124,0.246295
"1125",1125,0.24676
"1126",1126,0.247235
"1127",1127,0.247725
"1128",1128,0.248385
"1129",1129,0.24883
"1130",1130,0.24919
"1131",1131,0.249375
"1132",1132,0.249575
"1133",1133,0.24976
"1134",1134,0.250145
"1135",1135,0.250655
"1136",1136,0.251005
"1137",1137,0.251475
"1138",1138,0.251765
"1139",1139,0.251805
"1140",1140,0.25229
"1141",1141,0.252705
"1142",1142,0.252915
"1143",1143,0.253155
"1144",1144,0.253325
"1145",1145,0.253225
"1146",1146,0.25316
"1147",1147,0.253465
"1148",1148,0.253725
"1149",1149,0.25398
"1150",1150,0.25421
"1151",1151,0.25443
"1152",1152,0.2547
"1153",1153,0.254965
"1154",1154,0.255105
"1155",1155,0.25507
"1156",1156,0.2549
"1157",1157,0.25475
"1158",1158,0.254825
"1159",1159,0.254895
"1160",1160,0.255085
"1161",1161,0.25517
"1162",1162,0.25522
"1163",1163,0.255285
"1164",1164,0.255425
"1165",1165,0.25552
"1166",1166,0.255715
"1167",1167,0.255615
"1168",1168,0.2554
"1169",1169,0.255445
"1170",1170,0.255425
"1171",1171,0.255655
"1172",1172,0.25585
"1173",1173,0.25574
"1174",1174,0.25601
"1175",1175,0.2561
"1176",1176,0.256125
"1177",1177,0.256265
"1178",1178,0.25638
"1179",1179,0.256325
"1180",1180,0.25632
"1181",1181,0.256345
"1182",1182,0.256125
"1183",1183,0.25596
"1184",1184,0.25602
"1185",1185,0.256455
"1186",1186,0.257015
"1187",1187,0.25747
"1188",1188,0.25754
"1189",1189,0.257245
"1190",1190,0.25705
"1191",1191,0.25682
"1192",1192,0.25694
"1193",1193,0.25733
"1194",1194,0.257385
"1195",1195,0.25742
"1196",1196,0.257275
"1197",1197,0.25725
"1198",1198,0.2571
"1199",1199,0.25733
"1200",1200,0.25765
"1201",1201,0.25794
"1202",1202,0.25791
"1203",1203,0.257835
"1204",1204,0.257825
"1205",1205,0.258005
"1206",1206,0.25835
"1207",1207,0.25845
"1208",1208,0.25847
"1209",1209,0.25831
"1210",1210,0.25794
"1211",1211,0.2579
"1212",1212,0.25789
"1213",1213,0.25773
"1214",1214,0.25772
"1215",1215,0.25788
"1216",1216,0.257865
"1217",1217,0.257785
"1218",1218,0.25786
"1219",1219,0.257865
"1220",1220,0.2581
"1221",1221,0.25817
"1222",1222,0.258025
"1223",1223,0.25771
"1224",1224,0.257315
"1225",1225,0.25715
"1226",1226,0.257045
"1227",1227,0.256985
"1228",1228,0.256945
"1229",1229,0.256805
"1230",1230,0.25669
"1231",1231,0.256505
"1232",1232,0.25602
"1233",1233,0.25561
"1234",1234,0.2553
"1235",1235,0.25498
"1236",1236,0.25489
"1237",1237,0.254635
"1238",1238,0.25439
"1239",1239,0.253695
"1240",1240,0.25312
"1241",1241,0.25241
"1242",1242,0.251765
"1243",1243,0.251625
"1244",1244,0.251245
"1245",1245,0.25075
"1246",1246,0.250435
"1247",1247,0.24964
"1248",1248,0.248955
"1249",1249,0.248865
"1250",1250,0.24828
"1251",1251,0.247525
"1252",1252,0.24692
"1253",1253,0.245725
"1254",1254,0.244655
"1255",1255,0.24397
"1256",1256,0.243245
"1257",1257,0.24275
"1258",1258,0.24206
"1259",1259,0.241225
"1260",1260,0.240475
"1261",1261,0.239575
"1262",1262,0.23883
"1263",1263,0.23818
"1264",1264,0.237855
"1265",1265,0.237095
"1266",1266,0.23658
"1267",1267,0.236615
"1268",1268,0.236235
"1269",1269,0.236045
"1270",1270,0.235645
"1271",1271,0.23443
"1272",1272,0.233335
"1273",1273,0.232345
"1274",1274,0.23206
"1275",1275,0.23225
"1276",1276,0.23206
"1277",1277,0.232005
"1278",1278,0.231415
"1279",1279,0.230445
"1280",1280,0.22977
"1281",1281,0.22909
"1282",1282,0.228325
"1283",1283,0.227885
"1284",1284,0.22776
"1285",1285,0.227385
"1286",1286,0.227145
"1287",1287,0.226615
"1288",1288,0.225625
"1289",1289,0.225015
"1290",1290,0.224475
"1291",1291,0.224045
"1292",1292,0.223605
"1293",1293,0.223045
"1294",1294,0.222555
"1295",1295,0.22222
"1296",1296,0.22212
"1297",1297,0.22221
"1298",1298,0.22163
"1299",1299,0.22031
"1300",1300,0.219145
"1301",1301,0.218035
"1302",1302,0.21713
"1303",1303,0.216715
"1304",1304,0.216205
"1305",1305,0.21561
"1306",1306,0.214875
"1307",1307,0.214095
"1308",1308,0.21394
"1309",1309,0.2136
"1310",1310,0.21314
"1311",1311,0.213025
"1312",1312,0.212765
"1313",1313,0.21187
"1314",1314,0.21151
"1315",1315,0.21175
"1316",1316,0.21142
"1317",1317,0.21078
"1318",1318,0.21058
"1319",1319,0.210495
"1320",1320,0.210255
"1321",1321,0.21018
"1322",1322,0.210025
"1323",1323,0.20979
"1324",1324,0.209195
"1325",1325,0.20905
"1326",1326,0.2095
"1327",1327,0.208725
"1328",1328,0.20803
"1329",1329,0.207565
"1330",1330,0.20646
"1331",1331,0.206485
"1332",1332,0.20649
"1333",1333,0.20567
"1334",1334,0.205105
"1335",1335,0.20454
"1336",1336,0.20385
"1337",1337,0.203285
"1338",1338,0.20285
"1339",1339,0.20203
"1340",1340,0.201335
"1341",1341,0.20137
"1342",1342,0.20086
"1343",1343,0.200125
"1344",1344,0.19939
"1345",1345,0.198735
"1346",1346,0.198
"1347",1347,0.197335
"1348",1348,0.19653
"1349",1349,0.19613
"1350",1350,0.19579
"1351",1351,0.19526
"1352",1352,0.195495
"1353",1353,0.1953
"1354",1354,0.194455
"1355",1355,0.193875
"1356",1356,0.193115
"1357",1357,0.19241
"1358",1358,0.191835
"1359",1359,0.19135
"1360",1360,0.19107
"1361",1361,0.190925
"1362",1362,0.19103
"1363",1363,0.19063
"1364",1364,0.189945
"1365",1365,0.189285
"1366",1366,0.1883
"1367",1367,0.187355
"1368",1368,0.18711
"1369",1369,0.18681
"1370",1370,0.186165
"1371",1371,0.185965
"1372",1372,0.18505
"1373",1373,0.1845
"1374",1374,0.18392
"1375",1375,0.183135
"1376",1376,0.183385
"1377",1377,0.18256
"1378",1378,0.181845
"1379",1379,0.181335
"1380",1380,0.179495
"1381",1381,0.178365
"1382",1382,0.17783
"1383",1383,0.177365
"1384",1384,0.177205
"1385",1385,0.17736
"1386",1386,0.177275
"1387",1387,0.176075
"1388",1388,0.17559
"1389",1389,0.174865
"1390",1390,0.17343
"1391",1391,0.17333
"1392",1392,0.17229
"1393",1393,0.17045
"1394",1394,0.169585
"1395",1395,0.16859
"1396",1396,0.16822
"1397",1397,0.16901
"1398",1398,0.16902
"1399",1399,0.16951
"1400",1400,0.16899
"1401",1401,0.167355
"1402",1402,0.166165
"1403",1403,0.164455
"1404",1404,0.163265
"1405",1405,0.162575
"1406",1406,0.162015
"1407",1407,0.16134
"1408",1408,0.16102
"1409",1409,0.161255
"1410",1410,0.16107
"1411",1411,0.161755
"1412",1412,0.16087
"1413",1413,0.15874
"1414",1414,0.156985
"1415",1415,0.153015
"1416",1416,0.15194
"1417",1417,0.153685
"1418",1418,0.15343
"1419",1419,0.154065
"1420",1420,0.153625
"1421",1421,0.150635
"1422",1422,0.149285
"1423",1423,0.148795
"1424",1424,0.148315
"1425",1425,0.14853
"1426",1426,0.14812
"1427",1427,0.1475
"1428",1428,0.14684
"1429",1429,0.14586
"1430",1430,0.14512
"1431",1431,0.144845
"1432",1432,0.143975
"1433",1433,0.14245
"1434",1434,0.141205
"1435",1435,0.13972
"1436",1436,0.13841
"1437",1437,0.137165
"1438",1438,0.13652
"1439",1439,0.136095
"1440",1440,0.135855
"1441",1441,0.136485
"1442",1442,0.136485
"1443",1443,0.136245
"1444",1444,0.13596
"1445",1445,0.136125
"1446",1446,0.135115
"1447",1447,0.13263
"1448",1448,0.13142
"1449",1449,0.129055
"1450",1450,0.12877
"1451",1451,0.132455
"1452",1452,0.13244
"1453",1453,0.131235
"1454",1454,0.13004
"1455",1455,0.12599
"1456",1456,0.123575
"1457",1457,0.12195
"1458",1458,0.12121
"1459",1459,0.12078
"1460",1460,0.1212
"1461",1461,0.124465
"1462",1462,0.12532
"1463",1463,0.12642
"1464",1464,0.12511
"1465",1465,0.118775
"1466",1466,0.117255
"1467",1467,0.117895
"1468",1468,0.11668
"1469",1469,0.11847
"1470",1470,0.11734
"1471",1471,0.110405
"1472",1472,0.10824
"1473",1473,0.108715
"1474",1474,0.108355
"1475",1475,0.11069
"1476",1476,0.11038
"1477",1477,0.107365
"1478",1478,0.106235
"1479",1479,0.104875
"1480",1480,0.1041
"1481",1481,0.1045
"1482",1482,0.104885
"1483",1483,0.10481
"1484",1484,0.106325
"1485",1485,0.110935
"1486",1486,0.11173
"1487",1487,0.11238
"1488",1488,0.11068
"1489",1489,0.1029425
"1490",1490,0.1006085
"1491",1491,0.0992705
"1492",1492,0.099675
"1493",1493,0.105785
"1494",1494,0.106305
"1495",1495,0.10456
"1496",1496,0.10396
"1497",1497,0.101055
"1498",1498,0.0988775
"1499",1499,0.097549
"1500",1500,0.09513
"1501",1501,0.08973
"1502",1502,0.037579
"1503",1503,0.045404
"1504",1504,0.054681
"1505",1505,0.0437475
"1506",1506,0.039612
"1507",1507,0.0422905
"1508",1508,0.0463085
"1509",1509,0.0370875
"1510",1510,0.0355055
"1511",1511,0.044287
"1512",1512,0.0426615
"1513",1513,0.040767
"1514",1514,0.040105
"1515",1515,0.038853
"1516",1516,0.0430745
"1517",1517,0.047647
"1518",1518,0.0465795
"1519",1519,0.0484675
"1520",1520,0.0470925
"1521",1521,0.040887
"1522",1522,0.047232
"1523",1523,0.0516415
"1524",1524,0.049511
"1525",1525,0.048709
"1526",1526,0.044295
"1527",1527,0.0394355
"1528",1528,0.041482
"1529",1529,0.041826
"1530",1530,0.0408385
"1531",1531,0.0408065
"1532",1532,0.041255
"1533",1533,0.0409465
"1534",1534,0.039521
"1535",1535,0.0390725
"1536",1536,0.03944
"1537",1537,0.039687
"1538",1538,0.037436
"1539",1539,0.0363295
"1540",1540,0.036589
"1541",1541,0.036816
"1542",1542,0.0362725
"1543",1543,0.037867
"1544",1544,0.0430765
"1545",1545,0.040919
"1546",1546,0.037242
"1547",1547,0.03668
"1548",1548,0.0379995
"1549",1549,0.0394465
"1550",1550,0.0403
"1551",1551,0.0410035
"1552",1552,0.0397285
"1553",1553,0.037199
"1554",1554,0.035373
"1555",1555,0.0367735
"1556",1556,0.0393925
"1557",1557,0.040375
"1558",1558,0.0367655
"1559",1559,0.034884
"1560",1560,0.037114
"1561",1561,0.036943
"1562",1562,0.035687
"1563",1563,0.034922
"1564",1564,0.0371075
"1565",1565,0.036166
"1566",1566,0.034731
"1567",1567,0.037937
"1568",1568,0.038211
"1569",1569,0.0367485
"1570",1570,0.035866
"1571",1571,0.036292
"1572",1572,0.0367995
"1573",1573,0.0368815
"1574",1574,0.037607
"1575",1575,0.0373525
"1576",1576,0.036344
"1577",1577,0.036219
"1578",1578,0.035906
"1579",1579,0.03562
"1580",1580,0.035872
"1581",1581,0.036306
"1582",1582,0.0369545
"1583",1583,0.0376045
"1584",1584,0.036985
"1585",1585,0.0360445
"1586",1586,0.035434
"1587",1587,0.0353845
"1588",1588,0.035559
"1589",1589,0.0358575
"1590",1590,0.0363015
"1591",1591,0.035954
"1592",1592,0.035539
"1593",1593,0.0360025
"1594",1594,0.036185
"1595",1595,0.0358255
"1596",1596,0.035155
"1597",1597,0.0355905
"1598",1598,0.0358655
"1599",1599,0.035615
"1600",1600,0.035594
"1601",1601,0.0360955
"1602",1602,0.0365645
"1603",1603,0.0360035
"1604",1604,0.0360365
"1605",1605,0.0362085
"1606",1606,0.035845
"1607",1607,0.035847
"1608",1608,0.0361425
"1609",1609,0.0365085
"1610",1610,0.0365955
"1611",1611,0.0362125
"1612",1612,0.03567
"1613",1613,0.03588
"1614",1614,0.0360075
"1615",1615,0.0358945
"1616",1616,0.0356555
"1617",1617,0.035738
"1618",1618,0.035782
"1619",1619,0.035574
"1620",1620,0.036257
"1621",1621,0.03648
"1622",1622,0.0358305
"1623",1623,0.035712
"1624",1624,0.035621
"1625",1625,0.0357045
"1626",1626,0.036505
"1627",1627,0.0367635
"1628",1628,0.03673
"1629",1629,0.0370015
"1630",1630,0.0370755
"1631",1631,0.0370195
"1632",1632,0.0368945
"1633",1633,0.0365255
"1634",1634,0.0360045
"1635",1635,0.0356945
"1636",1636,0.0364965
"1637",1637,0.036798
"1638",1638,0.0366815
"1639",1639,0.036985
"1640",1640,0.0368605
"1641",1641,0.0366875
"1642",1642,0.0368635
"1643",1643,0.036536
"1644",1644,0.0366055
"1645",1645,0.0373805
"1646",1646,0.0378585
"1647",1647,0.037853
"1648",1648,0.0375925
"1649",1649,0.0377145
"1650",1650,0.0384185
"1651",1651,0.0390015
"1652",1652,0.0386595
"1653",1653,0.038973
"1654",1654,0.039413
"1655",1655,0.0395455
"1656",1656,0.040205
"1657",1657,0.0409155
"1658",1658,0.041519
"1659",1659,0.0423185
"1660",1660,0.043031
"1661",1661,0.043781
"1662",1662,0.0448715
"1663",1663,0.0457065
"1664",1664,0.0466615
"1665",1665,0.048107
"1666",1666,0.049258
"1667",1667,0.0504855
"1668",1668,0.0520085
"1669",1669,0.053626
"1670",1670,0.0550885
"1671",1671,0.056596
"1672",1672,0.058767
"1673",1673,0.0610835
"1674",1674,0.063251
"1675",1675,0.0650895
"1676",1676,0.0669235
"1677",1677,0.0689065
"1678",1678,0.071011
"1679",1679,0.0727835
"1680",1680,0.074338
"1681",1681,0.0758405
"1682",1682,0.077598
"1683",1683,0.07897
"1684",1684,0.0801155
"1685",1685,0.081543
"1686",1686,0.0824655
"1687",1687,0.0831415
"1688",1688,0.0839495
"1689",1689,0.084753
"1690",1690,0.085442
"1691",1691,0.085984
"1692",1692,0.086502
"1693",1693,0.086871
"1694",1694,0.0870955
"1695",1695,0.0872725
"1696",1696,0.087525
"1697",1697,0.087892
"1698",1698,0.088328
"1699",1699,0.0884355
"1700",1700,0.0886345
"1701",1701,0.089113
"1702",1702,0.089164
"1703",1703,0.089336
"1704",1704,0.089655
"1705",1705,0.089551
"1706",1706,0.089454
"1707",1707,0.0893475
"1708",1708,0.089066
"1709",1709,0.0887295
"1710",1710,0.088263
"1711",1711,0.087608
"1712",1712,0.086875
"1713",1713,0.086102
"1714",1714,0.08525
"1715",1715,0.084125
"1716",1716,0.083049
"1717",1717,0.081959
"1718",1718,0.0805885
"1719",1719,0.0793155
"1720",1720,0.0780155
"1721",1721,0.0765255
"1722",1722,0.0750905
"1723",1723,0.0737385
"1724",1724,0.072434
"1725",1725,0.07101
"1726",1726,0.0697045
"1727",1727,0.068539
"1728",1728,0.0673575
"1729",1729,0.0663365
"1730",1730,0.065422
"1731",1731,0.064508
"1732",1732,0.0637275
"1733",1733,0.0629625
"1734",1734,0.062136
"1735",1735,0.0613365
"1736",1736,0.0606355
"1737",1737,0.0600525
"1738",1738,0.0595545
"1739",1739,0.058987
"1740",1740,0.058397
"1741",1741,0.057903
"1742",1742,0.0573875
"1743",1743,0.056979
"1744",1744,0.0567265
"1745",1745,0.056269
"1746",1746,0.055912
"1747",1747,0.055707
"1748",1748,0.0553115
"1749",1749,0.0550945
"1750",1750,0.054967
"1751",1751,0.0546405
"1752",1752,0.054465
"1753",1753,0.0543125
"1754",1754,0.0540355
"1755",1755,0.0538335
"1756",1756,0.0535495
"1757",1757,0.05318
"1758",1758,0.053031
"1759",1759,0.052734
"1760",1760,0.052327
"1761",1761,0.052064
"1762",1762,0.051672
"1763",1763,0.0512405
"1764",1764,0.0508825
"1765",1765,0.0504135
"1766",1766,0.049984
"1767",1767,0.049657
"1768",1768,0.049299
"1769",1769,0.049001
"1770",1770,0.048685
"1771",1771,0.048175
"1772",1772,0.047929
"1773",1773,0.047749
"1774",1774,0.0473685
"1775",1775,0.0471265
"1776",1776,0.046951
"1777",1777,0.0467645
"1778",1778,0.0465155
"1779",1779,0.046403
"1780",1780,0.0463915
"1781",1781,0.0462665
"1782",1782,0.0460735
"1783",1783,0.045913
"1784",1784,0.0458535
"1785",1785,0.0456745
"1786",1786,0.0454475
"1787",1787,0.045222
"1788",1788,0.044942
"1789",1789,0.044621
"1790",1790,0.0442745
"1791",1791,0.0439195
"1792",1792,0.043526
"1793",1793,0.043016
"1794",1794,0.042362
"1795",1795,0.041934
"1796",1796,0.0416005
"1797",1797,0.0412445
"1798",1798,0.040926
"1799",1799,0.040564
"1800",1800,0.0401985
"1801",1801,0.039981
"1802",1802,0.0397895
"1803",1803,0.0396215
"1804",1804,0.039512
"1805",1805,0.039495
"1806",1806,0.039501
"1807",1807,0.0394645
"1808",1808,0.0393465
"1809",1809,0.039301
"1810",1810,0.0392905
"1811",1811,0.0390905
"1812",1812,0.039065
"1813",1813,0.039107
"1814",1814,0.0390085
"1815",1815,0.039057
"1816",1816,0.0390665
"1817",1817,0.038971
"1818",1818,0.039151
"1819",1819,0.0392465
"1820",1820,0.039265
"1821",1821,0.0395345
"1822",1822,0.0398355
"1823",1823,0.0401485
"1824",1824,0.0405025
"1825",1825,0.0408535
"1826",1826,0.0412925
"1827",1827,0.0418375
"1828",1828,0.0423
"1829",1829,0.0428145
"1830",1830,0.043415
"1831",1831,0.044055
"1832",1832,0.044791
"1833",1833,0.045497
"1834",1834,0.0460565
"1835",1835,0.0467295
"1836",1836,0.0474285
"1837",1837,0.0481045
"1838",1838,0.0488505
"1839",1839,0.049702
"1840",1840,0.050674
"1841",1841,0.051762
"1842",1842,0.0530535
"1843",1843,0.0547435
"1844",1844,0.057003
"1845",1845,0.059696
"1846",1846,0.0629735
"1847",1847,0.066945
"1848",1848,0.07161
"1849",1849,0.076952
"1850",1850,0.0829405
"1851",1851,0.089527
"1852",1852,0.0966775
"1853",1853,0.10434
"1854",1854,0.112425
"1855",1855,0.1207
"1856",1856,0.129215
"1857",1857,0.137975
"1858",1858,0.14696
"1859",1859,0.155955
"1860",1860,0.164955
"1861",1861,0.17402
"1862",1862,0.18324
"1863",1863,0.19254
"1864",1864,0.201795
"1865",1865,0.210975
"1866",1866,0.220175
"1867",1867,0.229435
"1868",1868,0.23876
"1869",1869,0.248
"1870",1870,0.25715
"1871",1871,0.266275
"1872",1872,0.275295
"1873",1873,0.28424
"1874",1874,0.2931
"1875",1875,0.30177
"1876",1876,0.31029
"1877",1877,0.318635
"1878",1878,0.32672
"1879",1879,0.334605
"1880",1880,0.342285
"1881",1881,0.34974
"1882",1882,0.356885
"1883",1883,0.36372
"1884",1884,0.37026
"1885",1885,0.376535
"1886",1886,0.382455
"1887",1887,0.388055
"1888",1888,0.39348
"1889",1889,0.398555
"1890",1890,0.403285
"1891",1891,0.407725
"1892",1892,0.411865
"1893",1893,0.415675
"1894",1894,0.419185
"1895",1895,0.422505
"1896",1896,0.425525
"1897",1897,0.42824
"1898",1898,0.43071
"1899",1899,0.43299
"1900",1900,0.43506
"1901",1901,0.436895
"1902",1902,0.438585
"1903",1903,0.440035
"1904",1904,0.441265
"1905",1905,0.442455
"1906",1906,0.4435
"1907",1907,0.4444
"1908",1908,0.445195
"1909",1909,0.44588
"1910",1910,0.44647
"1911",1911,0.44699
"1912",1912,0.447475
"1913",1913,0.44791
"1914",1914,0.448275
"1915",1915,0.44856
"1916",1916,0.448765
"1917",1917,0.44891
"1918",1918,0.449045
"1919",1919,0.449185
"1920",1920,0.44925
"1921",1921,0.449255
"1922",1922,0.449345
"1923",1923,0.44937
"1924",1924,0.449325
"1925",1925,0.44928
"1926",1926,0.44923
"1927",1927,0.44921
"1928",1928,0.44924
"1929",1929,0.449275
"1930",1930,0.44924
"1931",1931,0.44916
"1932",1932,0.44921
"1933",1933,0.449235
"1934",1934,0.449215
"1935",1935,0.44919
"1936",1936,0.449155
"1937",1937,0.4491
"1938",1938,0.449055
"1939",1939,0.449135
"1940",1940,0.449125
"1941",1941,0.449045
"1942",1942,0.44909
"1943",1943,0.44913
"1944",1944,0.44916
"1945",1945,0.44918
"1946",1946,0.449175
"1947",1947,0.449175
"1948",1948,0.4492
"1949",1949,0.44915
"1950",1950,0.44918
"1951",1951,0.449235
"1952",1952,0.44922
"1953",1953,0.449215
"1954",1954,0.44925
"1955",1955,0.449305
"1956",1956,0.44925
"1957",1957,0.449285
"1958",1958,0.449375
"1959",1959,0.44935
"1960",1960,0.44936
"1961",1961,0.44942
"1962",1962,0.44951
"1963",1963,0.449485
"1964",1964,0.44947
"1965",1965,0.44951
"1966",1966,0.44954
"1967",1967,0.449525
"1968",1968,0.449515
"1969",1969,0.449595
"1970",1970,0.449615
"1971",1971,0.44963
"1972",1972,0.449655
"1973",1973,0.449595
"1974",1974,0.449675
"1975",1975,0.44982
"1976",1976,0.44978
"1977",1977,0.449775
"1978",1978,0.44979
"1979",1979,0.449775
"1980",1980,0.4498
"1981",1981,0.44984
"1982",1982,0.449865
"1983",1983,0.449895
"1984",1984,0.449875
"1985",1985,0.449845
"1986",1986,0.449855
"1987",1987,0.449895
"1988",1988,0.449955
"1989",1989,0.450015
"1990",1990,0.44997
"1991",1991,0.44995
"1992",1992,0.44996
"1993",1993,0.449975
"1994",1994,0.44999
"1995",1995,0.45004
"1996",1996,0.45013
"1997",1997,0.450125
"1998",1998,0.450125
"1999",1999,0.45016
"2000",2000,0.450115
"2001",2001,0.45006
"2002",2002,0.450055
"2003",2003,0.450125
"2004",2004,0.45018
"2005",2005,0.45018
"2006",2006,0.450135
"2007",2007,0.450135
"2008",2008,0.450165
"2009",2009,0.450175
"2010",2010,0.45012
"2011",2011,0.450125
"2012",2012,0.45012
"2013",2013,0.45006
"2014",2014,0.450035
"2015",2015,0.450055
"2016",2016,0.45006
"2017",2017,0.449945
"2018",2018,0.449945
"2019",2019,0.449985
"2020",2020,0.44998
"2021",2021,0.449905
"2022",2022,0.44983
"2023",2023,0.449785
"2024",2024,0.449805
"2025",2025,0.449835
"2026",2026,0.44984
"2027",2027,0.44979
"2028",2028,0.449675
"2029",2029,0.44964
"2030",2030,0.44971
"2031",2031,0.44967
"2032",2032,0.44961
"2033",2033,0.44957
"2034",2034,0.44958
"2035",2035,0.44956
"2036",2036,0.449505
"2037",2037,0.449455
"2038",2038,0.449495
"2039",2039,0.449445
"2040",2040,0.449355
"2041",2041,0.449355
"2042",2042,0.449355
"2043",2043,0.449305
"2044",2044,0.449235
"2045",2045,0.4493
"2046",2046,0.44925
"2047",2047,0.449105
"2048",2048,0.449065
"2049",2049,0.449105
"2050",2050,0.449135
"2051",2051,0.44907
"2052",2052,0.44886
"2053",2053,0.448875
"2054",2054,0.449045
"2055",2055,0.44892
"2056",2056,0.448825
"2057",2057,0.44878
"2058",2058,0.44873
"2059",2059,0.448735
"2060",2060,0.44871
"2061",2061,0.44864
"2062",2062,0.44861
"2063",2063,0.448585
"2064",2064,0.44858
"2065",2065,0.44859
"2066",2066,0.44849
"2067",2067,0.4484
"2068",2068,0.448375
"2069",2069,0.44836
"2070",2070,0.448315
"2071",2071,0.448235
"2072",2072,0.448115
"2073",2073,0.448025
"2074",2074,0.447965
"2075",2075,0.44792
"2076",2076,0.44787
"2077",2077,0.447795
"2078",2078,0.447755
"2079",2079,0.44782
"2080",2080,0.44789
"2081",2081,0.447875
"2082",2082,0.44774
"2083",2083,0.44756
"2084",2084,0.44742
"2085",2085,0.44726
"2086",2086,0.446955
"2087",2087,0.44681
"2088",2088,0.446765
"2089",2089,0.446735
"2090",2090,0.44667
"2091",2091,0.446585
"2092",2092,0.44646
"2093",2093,0.446275
"2094",2094,0.446125
"2095",2095,0.446
"2096",2096,0.445865
"2097",2097,0.44575
"2098",2098,0.44555
"2099",2099,0.44538
"2100",2100,0.44545
"2101",2101,0.44516
"2102",2102,0.4449
"2103",2103,0.444915
"2104",2104,0.44443
"2105",2105,0.444245
"2106",2106,0.44432
"2107",2107,0.443975
"2108",2108,0.44363
"2109",2109,0.44352
"2110",2110,0.443665
"2111",2111,0.443445
"2112",2112,0.44316
"2113",2113,0.442945
"2114",2114,0.44282
"2115",2115,0.442665
"2116",2116,0.442585
"2117",2117,0.44262
"2118",2118,0.442375
"2119",2119,0.442355
"2120",2120,0.442495
"2121",2121,0.44227
"2122",2122,0.442215
"2123",2123,0.44223
"2124",2124,0.442115
"2125",2125,0.44182
"2126",2126,0.44178
"2127",2127,0.441985
"2128",2128,0.441995
"2129",2129,0.44196
"2130",2130,0.44185
"2131",2131,0.441665
"2132",2132,0.441615
"2133",2133,0.441755
"2134",2134,0.441905
"2135",2135,0.441715
"2136",2136,0.44172
"2137",2137,0.44175
"2138",2138,0.44166
"2139",2139,0.441935
"2140",2140,0.442045
"2141",2141,0.441895
"2142",2142,0.4418
"2143",2143,0.441955
"2144",2144,0.441885
"2145",2145,0.44138
"2146",2146,0.441575
"2147",2147,0.441735
"2148",2148,0.44171
"2149",2149,0.441735
"2150",2150,0.441735
"2151",2151,0.44169
