Wavelength [nm],Sitka,Broadleaf,Grass
350,239.3636,201.4936,302.852
351,241.5,196.8944,287.232
352,232.1536,198.304,233.892
353,221.69,182.9592,198.188
354,228.1552,199.8816,265.956
355,236.7988,205.2424,323.828
356,236.6952,179.7224,301.532
357,233.1364,187.4032,231.476
358,231.532,196.6424,193.18
359,233.9092,194.1248,210.292
360,239.7388,186.2512,242.94
361,232.3104,176.7864,228.748
362,220.3404,172.9528,197.736
363,227.206,183.3744,234.652
364,232.092,176.2208,270.572
365,231.6832,165.0368,277.512
366,227.1444,170.9128,245.936
367,215.9724,178.556,237.724
368,206.9508,175.1712,233.256
369,207.3652,160.6904,215.916
370,220.3936,173.568,205.4
371,224.0476,177.4768,202.232
372,215.7428,164.6968,207.672
373,220.6876,166.8128,229.876
374,220.2368,168.2112,220.024
375,215.6812,169.372,203.44
376,218.218,177.8776,245.74
377,218.0248,175.0696,252.12
378,215.2668,167.3336,241.292
379,213.1024,165.4344,252.46
380,217.9408,161.852,269.284
381,222.7036,163.116,265.296
382,221.7012,170.8576,238.988
383,214.1748,170.2248,260.476
384,211.8788,168.456,280.576
385,216.4008,167.7248,278.568
386,216.566,163.9752,262.868
387,216.72,161.6608,255.248
388,215.782,162.1752,258.364
389,211.0752,165.5504,264.524
390,212.422,166.0928,268.98
391,216.5072,163.9696,256.96
392,217.9604,161.2488,224.868
393,217.4676,162.82,241.16
394,215.0288,161.068,268.228
395,211.8564,153.4616,275.084
396,212.2596,150.5928,261.592
397,213.8864,154.9064,260.412
398,214.6816,162.4304,269.852
399,212.5396,161.4864,247.372
400,210.3248,158.2704,250.564
401,209.2944,156.7808,270.084
402,210.1428,160.1448,270.856
403,213.3208,159.444,283.096
404,214.6452,155.916,296.68
405,211.3048,152.8968,296.256
406,210.5152,152.7624,272.476
407,210.7588,155.3328,259.692
408,210.9604,158.4168,271.176
409,212.6404,154.8608,273.192
410,212.4556,154.5848,272.72
411,211.7136,158.4528,272.46
412,216.4932,159.5128,271.884
413,216.748,160.2704,282.056
414,214.8636,159.3904,294.932
415,217.1568,155.0912,296.116
416,218.2824,156.5384,288.676
417,217.9408,158.6456,284.604
418,217.0308,156.684,291.192
419,217.5544,157.2568,291.82
420,219.0132,159.0896,287.464
421,220.2508,160.1264,281.868
422,218.5008,156.4776,282.244
423,218.582,155.7456,288.148
424,220.6596,157.9384,294.432
425,221.5136,157.4232,291.564
426,221.6984,157.6248,280.444
427,221.5528,158.3712,272.704
428,221.4912,158.5048,280.784
429,221.9448,157.2704,283.592
430,222.866,156.8656,282.68
431,223.8964,158.436,282.328
432,223.9104,158.2344,284.352
433,223.4316,158.4392,287.268
434,222.9304,159.6624,289.144
435,222.67,159.9648,286.772
436,223.3168,159.0384,284.328
437,224.0224,158.1176,282.996
438,222.8968,159.6232,282.316
439,223.3868,159.5688,283.728
440,224.4424,158.672,286.408
441,224.1288,158.732,288.756
442,223.9552,159.0352,288.58
443,224.1904,159.7104,289.216
444,224.672,160.5768,291.88
445,224.1568,160.2176,289.268
446,224.7252,159.7864,288.356
447,226.3548,159.9296,290.148
448,226.1644,160.8704,286.824
449,225.3076,160.848,289.884
450,224.7784,160.3152,295.496
451,225.6128,160.8832,292.464
452,225.5316,161.896,293.152
453,225.1984,162.7256,295.296
454,225.7136,162.8656,294.744
455,226.716,162.572,296.14
456,226.9148,162.164,298.428
457,226.1084,162.0704,299.192
458,226.8308,163.2232,291.832
459,227.6792,164.008,292.276
460,227.9004,163.752,299.784
461,227.1192,162.56,296.388
462,226.8896,161.8712,293.52
463,227.2984,162.1024,294.436
464,227.78,163.096,299.1
465,227.864,163.5704,298.948
466,227.5644,163.5648,297.448
467,227.094,163.3856,298.544
468,226.982,163.2864,298.872
469,226.7944,163.1112,297.616
470,226.5144,162.8704,295.74
471,227.0744,162.9048,297.72
472,227.1752,163.124,299.136
473,226.954,163.4048,299.024
474,227.5308,163.5672,298.548
475,227.5896,164.0536,300.484
476,227.3068,164.6144,301.564
477,227.248,164.8528,298.32
478,227.3572,165.0296,301.744
479,227.4972,164.9192,304.408
480,227.6176,164.5888,301.972
481,228.1076,165.1864,305.508
482,227.8528,165.44,309.344
483,226.9848,165.2224,309.88
484,227.3516,165.9512,304.684
485,227.6624,166.7112,305.9
486,228.0908,167.1712,310.968
487,229.3172,167.2408,310.42
488,228.8468,167.3928,310.244
489,228.4156,167.864,311.788
490,229.7568,168.6552,314.672
491,230.1432,168.924,314.284
492,230.5156,169.4912,315.82
493,231.3808,170.6344,320.484
494,231.854,171.3096,319.344
495,232.8676,172.0896,321.964
496,234.1976,173.2472,328.936
497,234.6568,174.896,333.828
498,235.9028,176.5096,335.788
499,237.5408,177.9192,338.228
500,238.6496,179.1672,345.288
501,240.0636,180.9432,351.136
502,241.9788,183.0888,356.7
503,244.3112,185.4512,363.064
504,246.3972,188.3888,368.596
505,248.36,191.444,374.5
506,250.5832,194.624,381.776
507,253.9936,198.648,391.572
508,257.1884,202.6056,400.16
509,260.1928,206.6696,408.52
510,263.7068,211.5416,420.12
511,267.4308,216.9424,431.76
512,271.5496,222.8952,443.64
513,276.192,229.4656,456.52
514,280.728,236.7296,470.32
515,285.684,244.4688,484.84
516,291.312,252.6696,500
517,296.688,261.8192,516.08
518,302.344,271.2656,532.2
519,308.392,280.9904,548.56
520,314.664,291.508,566.56
521,320.544,302.5552,584.16
522,326.536,313.9232,601.6
523,333.256,325.3856,619.48
524,339.164,336.5968,635.44
525,344.764,347.7312,652.24
526,350.392,358.892,671
527,354.9,369.7304,686.08
528,359.296,380.2384,700.56
529,363.804,390.2088,715.16
530,367.724,399.1232,727
531,370.944,407.3816,739.36
532,373.8,415.0752,751.24
533,376.88,422.1536,759.68
534,379.4,428.6664,767.8
535,381.64,434.5952,776.36
536,383.824,439.9112,785.16
537,385.448,444.3392,791.64
538,386.568,448.2904,797.24
539,387.408,451.9432,802.88
540,388.64,454.9136,807.52
541,389.62,457.6168,811.6
542,390.292,460.224,814.96
543,390.88,462.792,817.12
544,391.832,464.8752,820.8
545,392.784,466.9456,824.76
546,393.316,469.6328,826.96
547,393.988,472.0384,829.64
548,394.856,474.1528,831.88
549,395.752,476.0168,833.4
550,396.34,477.7648,837.56
551,396.76,479.2344,839.72
552,397.068,480.3016,839.4
553,397.292,480.8848,840.52
554,397.068,480.5072,840.08
555,396.396,479.44,838.36
556,395.332,478.1888,836.6
557,393.904,475.8752,833.24
558,392.168,472.7048,829.36
559,390.208,469.0336,825.64
560,387.884,464.4608,819.4
561,385.28,459.584,812.56
562,382.48,454.536,805.88
563,379.596,448.7712,798.08
564,376.46,442.6192,790
565,373.044,436.0672,781.44
566,369.348,428.9072,771.72
567,365.624,421.528,761.36
568,361.872,413.916,750.56
569,357.98,406.0136,739.64
570,353.864,397.92,729.6
571,349.636,389.876,718.68
572,345.408,382.0304,706.56
573,341.544,374.284,696.16
574,337.96,366.8744,686.32
575,334.6,359.9792,676.52
576,331.296,353.7744,666.76
577,328.16,347.6072,657.68
578,325.164,341.756,649.4
579,322.364,336.6664,641.72
580,319.9,331.8016,634.04
581,317.52,327.2688,626.64
582,315.14,323.1528,619.72
583,313.18,319.2896,613.12
584,311.248,315.7664,607
585,309.288,312.4944,601.48
586,307.496,309.1648,596.72
587,305.788,306.2664,590.96
588,304.304,303.6048,585.2
589,303.24,300.792,581.32
590,302.148,298.4256,577.88
591,301.056,296.3328,575.08
592,300.02,294.3208,572.92
593,299.18,292.5816,569.56
594,298.424,290.8384,566.56
595,297.668,289.0968,564.32
596,296.996,287.7936,561.8
597,296.128,286.5336,559.08
598,295.12,285.1664,556.24
599,294.168,283.6408,553.4
600,293.384,282.16,549.4
601,292.544,280.6256,545.48
602,291.564,278.9656,542.64
603,290.64,277.4712,539.4
604,290.164,275.984,536.6
605,290.052,274.3976,534.52
606,289.52,272.6912,532.16
607,288.988,270.8792,529.84
608,288.344,268.8704,527.64
609,287.196,266.548,525.32
610,285.768,264.3192,521.4
611,284.06,261.9928,516.8
612,282.1,259.3352,512.76
613,280.448,256.632,508.48
614,278.7708,253.936,504.76
615,276.9424,251.2712,501.68
616,275.2428,248.6392,497.72
617,273.5292,246.0992,494.28
618,272.0452,243.6456,491.52
619,271.264,241.2584,488.8
620,269.9452,239.2224,485.12
621,268.492,237.3912,480.04
622,267.498,235.5616,473.76
623,266.3444,233.9056,468
624,265.3,232.6016,462.92
625,264.4824,231.5808,458.4
626,263.5388,230.2528,454.04
627,262.9732,229.3376,451.08
628,262.8164,228.896,449.72
629,262.7576,228.5016,449.52
630,262.8388,228.0792,450.68
631,262.9844,227.6784,452.24
632,263.1272,227.3216,453.12
633,263.5164,226.62,453.72
634,263.6592,225.6528,453.88
635,263.2056,224.4808,453.04
636,262.206,223.064,449.68
637,260.9292,221.1632,445.56
638,259.5628,218.8968,441.08
639,258.23,216.676,435.2
640,256.704,214.2808,429.12
641,255.0072,211.7624,423.04
642,253.2544,209.2504,416.96
643,251.6836,206.8008,410.4
644,250.1408,204.332,403.76
645,248.5112,201.8344,397.372
646,246.8816,199.492,390.628
647,245.3724,197.3336,384.46
648,244.062,195.404,379.376
649,242.9896,193.7448,375.564
650,241.8668,192.5024,371
651,240.7328,191.3912,366.964
652,239.736,190.1096,365.296
653,239.0108,189.4608,363.036
654,238.4592,189.008,360.888
655,237.9524,188.396,359.444
656,237.3812,187.8696,358.056
657,236.656,187.0992,356.156
658,235.8524,186.1144,353.528
659,235.1916,185.2792,350.3
660,234.3208,184.4408,347.484
661,233.3716,183.5864,345.156
662,232.61,182.7544,342.932
663,231.9492,182.1376,339.816
664,231.3304,181.6656,336.928
665,230.7676,181.3536,334.956
666,230.4484,181.5328,332.884
667,230.342,181.9736,331.628
668,230.4428,182.5792,331.256
669,230.762,183.3552,331.108
670,231.1876,184.3784,332.052
671,231.7616,185.6864,333.596
672,232.5708,187.288,335.012
673,233.6796,189.1728,337.216
674,234.9452,191.2416,340.064
675,236.334,193.4752,343.376
676,238.098,196.0832,347.104
677,239.918,198.8576,351.456
678,241.808,201.8312,356.464
679,244.0788,205.24,362.016
680,246.4896,208.7432,367.548
681,249.0012,212.3648,373.428
682,251.6304,216.2048,380.248
683,254.4388,220.096,387.812
684,257.4404,224.0768,396.448
685,260.6632,228.2272,406.2
686,264.1716,232.6008,416.16
687,268.0468,237.4832,428.48
688,272.4568,243.1936,443.6
689,277.6536,250.0832,460.68
690,283.864,258.4904,481.24
691,291.368,269.0824,505.4
692,300.384,282.5736,533.36
693,310.996,299.3544,566.92
694,323.344,319.6408,604.64
695,337.484,343.7072,645.64
696,353.136,372.0304,690.76
697,370.328,404.3232,739.68
698,388.976,440.3624,791.48
699,408.968,479.94,844.72
700,430.192,522.664,900.68
701,452.508,568.216,958
702,475.748,616.24,1015.16
703,499.688,666.128,1072.04
704,524.132,717.352,1129.08
705,548.996,769.544,1186.2
706,574.336,822.864,1242.8
707,600.292,876.816,1299.16
708,626.892,931.304,1355.24
709,653.996,986.464,1410.76
710,681.716,1042.208,1467
711,710.22,1098.608,1523.56
712,739.564,1155.624,1580
713,769.72,1213.016,1637.36
714,800.66,1270.872,1695.36
715,832.3,1329.136,1753.88
716,864.696,1387.592,1813.32
717,898.016,1446.152,1873.32
718,932.148,1504.776,1934.04
719,966.924,1563.48,1995.52
720,1002.288,1621.736,2057.96
721,1038.128,1679.456,2120.8
722,1074.332,1736.576,2183.6
723,1111.012,1792.88,2246.12
724,1147.776,1848.2,2309.04
725,1184.428,1902.408,2372.16
726,1221.024,1955.272,2434.32
727,1257.508,2006.792,2496.64
728,1293.628,2056.76,2558.64
729,1329.16,2104.952,2619.24
730,1364.048,2151.32,2678.68
731,1398.236,2195.92,2737.16
732,1431.612,2238.688,2794.76
733,1464.064,2279.384,2851.48
734,1495.368,2318.136,2906.64
735,1525.524,2354.928,2959.76
736,1554.7,2389.728,3010.4
737,1582.476,2422.68,3060.32
738,1608.908,2453.688,3108.52
739,1634.192,2482.648,3153.52
740,1658.104,2509.872,3196.52
741,1680.644,2535.248,3237.52
742,1701.868,2558.8,3276.2
743,1721.664,2580.672,3312.2
744,1740.06,2600.8,3346.48
745,1757.14,2619.216,3378.84
746,1772.904,2636,3408.48
747,1787.464,2651.408,3435.4
748,1800.848,2665.432,3460.32
749,1813.112,2678.12,3483.8
750,1824.228,2689.728,3504.84
751,1834.364,2700.168,3524.4
752,1843.632,2709.432,3542.76
753,1851.864,2717.632,3559.12
754,1859.452,2725.264,3574.36
755,1866.368,2732.304,3588.4
756,1872.556,2738.576,3600.72
757,1878.212,2744.072,3611.56
758,1883.28,2748.864,3621.88
759,1887.788,2753.072,3632.2
760,1891.988,2756.92,3641.4
761,1895.628,2760.344,3649
762,1898.764,2763.304,3655.52
763,1901.648,2765.808,3662.44
764,1904.252,2767.992,3668.4
765,1906.52,2769.92,3673.8
766,1908.452,2771.656,3679.2
767,1910.272,2773.104,3682.84
768,1911.98,2774.344,3686.12
769,1913.408,2775.368,3689.84
770,1914.472,2776.016,3692.44
771,1915.648,2776.616,3695.52
772,1916.964,2777.344,3698.84
773,1918.308,2778.184,3701.28
774,1919.12,2778.904,3703.64
775,1919.82,2779.496,3705.72
776,1920.744,2780,3707.52
777,1921.528,2780.496,3710.4
778,1922.312,2780.944,3713.12
779,1923.124,2781.36,3715.12
780,1923.852,2781.928,3716.6
781,1924.664,2782.528,3718.68
782,1925.56,2783.056,3721.36
783,1926.456,2783.56,3723.88
784,1927.24,2784.16,3724.72
785,1927.884,2784.768,3726.88
786,1928.472,2785.36,3731.16
787,1929.256,2785.976,3731.96
788,1929.928,2786.56,3733.44
789,1930.516,2787.088,3736.12
790,1931.244,2787.608,3738.24
791,1931.86,2788.168,3739.44
792,1932.448,2788.728,3740.36
793,1933.12,2789.216,3741.76
794,1933.82,2789.744,3743.36
795,1934.352,2790.336,3745.24
796,1934.716,2791,3747.16
797,1935.388,2791.52,3748.6
798,1935.948,2791.832,3750.24
799,1936.48,2792.224,3752.44
800,1937.152,2793.088,3755.36
801,1937.572,2793.632,3756.76
802,1938.048,2794.152,3757.44
803,1938.832,2794.808,3758.48
804,1939.42,2795.104,3761.08
805,1939.924,2795.632,3762.96
806,1940.428,2796.328,3763.88
807,1940.764,2796.672,3765
808,1941.268,2797.08,3766.72
809,1941.8,2797.52,3767.96
810,1942.192,2797.928,3767.88
811,1942.668,2798.224,3769.6
812,1943.116,2798.712,3771.6
813,1943.536,2799.416,3773
814,1944.096,2799.896,3774.2
815,1944.74,2800.36,3775.44
816,1945.328,2800.792,3776.84
817,1945.832,2801.224,3778.28
818,1946.504,2801.88,3780.28
819,1947.288,2802.568,3782.04
820,1948.044,2803.136,3783.28
821,1948.576,2803.584,3785.12
822,1949.304,2804.088,3787.12
823,1950.2,2804.688,3788.84
824,1950.816,2805.304,3789.84
825,1951.376,2805.768,3790.16
826,1951.964,2806.208,3790.8
827,1952.636,2806.744,3792.32
828,1953.196,2807.144,3793.4
829,1953.756,2807.52,3794.24
830,1954.372,2807.928,3795.04
831,1955.016,2808.36,3796.28
832,1955.716,2808.704,3797
833,1956.5,2809.112,3798.12
834,1957.284,2809.696,3800.64
835,1958.124,2810.04,3801.08
836,1958.768,2810.48,3802.12
837,1959.3,2811.176,3804.84
838,1960.14,2811.768,3805.8
839,1960.924,2812.152,3806.72
840,1961.708,2812.512,3808
841,1962.716,2813.192,3809.36
842,1963.64,2813.784,3811.08
843,1964.48,2814.224,3813.04
844,1965.348,2814.552,3815
845,1966.02,2814.936,3817
846,1966.86,2815.544,3818.52
847,1967.952,2816.176,3819.8
848,1968.876,2816.368,3821.88
849,1969.856,2816.752,3823.36
850,1970.668,2817.312,3824
851,1971.144,2817.832,3824.24
852,1971.732,2818.08,3825.28
853,1972.404,2818.464,3826.76
854,1973.048,2819.032,3828.04
855,1973.636,2819.128,3828.36
856,1974.28,2819.248,3829.8
857,1974.924,2819.512,3831.88
858,1975.372,2819.872,3833.2
859,1976.24,2820.44,3834.92
860,1977.136,2820.848,3836.64
861,1977.752,2821.008,3837.96
862,1978.06,2821.44,3839.16
863,1978.564,2821.912,3841.04
864,1979.264,2822.36,3842.92
865,1979.74,2822.848,3843.48
866,1980.412,2823.232,3845.48
867,1981.028,2823.48,3848.24
868,1981.364,2823.648,3850.36
869,1981.784,2824.008,3850.8
870,1982.12,2824.368,3850.56
871,1982.428,2824.624,3850.72
872,1982.736,2824.744,3852.6
873,1983.1,2824.792,3853.56
874,1983.408,2824.896,3854.52
875,1983.632,2825.184,3856.8
876,1984.22,2825.68,3858.28
877,1984.752,2826.072,3859.32
878,1985.06,2826.224,3860.44
879,1985.368,2826.272,3862.2
880,1985.676,2826.344,3863
881,1985.928,2826.536,3863.56
882,1986.18,2826.88,3865.08
883,1986.6,2827.248,3866.4
884,1987.02,2827.552,3868.84
885,1987.328,2827.776,3872
886,1987.608,2828.16,3871.32
887,1987.412,2828.12,3870.56
888,1987.132,2828.064,3870.96
889,1987.44,2828.728,3872.84
890,1987.552,2828.784,3875.28
891,1987.58,2828.688,3877.92
892,1987.58,2828.824,3880
893,1987.16,2828.928,3879.2
894,1986.908,2828.928,3878.64
895,1986.908,2828.928,3879.84
896,1986.992,2829.208,3883.08
897,1987.048,2829.232,3883.84
898,1987.076,2829.184,3883.04
899,1987.076,2829.256,3882.84
900,1986.908,2829.232,3884.8
901,1986.74,2829.208,3885.96
902,1986.572,2829.368,3886.28
903,1986.292,2829.824,3888.6
904,1986.236,2829.904,3889.76
905,1986.208,2829.84,3889.96
906,1985.9,2829.88,3890.2
907,1985.676,2829.784,3890.88
908,1985.424,2829.576,3891.64
909,1985.088,2829.488,3892.36
910,1984.752,2829.944,3892.96
911,1984.696,2830.176,3893.72
912,1984.808,2830.28,3895.08
913,1984.892,2830.568,3896.96
914,1984.808,2830.488,3896.64
915,1984.5,2830.448,3896.36
916,1984.024,2830.552,3897.04
917,1983.52,2830.312,3896.68
918,1983.156,2830.144,3895.4
919,1982.904,2830.2,3894.84
920,1982.624,2830.448,3896.36
921,1982.12,2830.24,3895.64
922,1981.476,2830.072,3895.8
923,1980.692,2830.04,3897.6
924,1979.488,2829.464,3896.36
925,1977.388,2828.264,3892.88
926,1975.092,2826.544,3886.96
927,1973.86,2824.536,3878.2
928,1973.384,2822.776,3866.12
929,1973.608,2821.792,3856.52
930,1974.28,2821.992,3854.44
931,1974.672,2823.528,3862.52
932,1974.252,2825.224,3873.52
933,1972.908,2826.4,3883.76
934,1970.864,2826.6,3890.8
935,1968.036,2825.936,3887.76
936,1965.264,2824.648,3878.52
937,1962.996,2823.16,3868.16
938,1960.84,2822.328,3860.88
939,1958.908,2821.512,3856.52
940,1957.004,2820.568,3853.56
941,1954.932,2819.672,3849.56
942,1952.664,2818.904,3845.92
943,1950.256,2818.008,3841.92
944,1947.736,2816.848,3836.96
945,1944.992,2815.776,3830.96
946,1941.94,2814.56,3826.36
947,1938.692,2813.072,3821.52
948,1935.528,2811.376,3812.24
949,1931.496,2809.8,3804.56
950,1927.1,2808.152,3797.84
951,1922.648,2806.216,3790.16
952,1917.748,2804.136,3780
953,1912.876,2802.032,3770.44
954,1908.06,2799.944,3761.76
955,1902.936,2797.816,3752.12
956,1898.204,2795.392,3743.08
957,1893.5,2793.128,3733.72
958,1888.656,2791.328,3723.72
959,1884.288,2789.264,3716.36
960,1880.34,2787.272,3709.92
961,1876.812,2785.728,3704.64
962,1873.928,2784.888,3702.08
963,1871.24,2783.68,3700.16
964,1868.72,2782.472,3698.96
965,1866.368,2781.752,3698.48
966,1864.268,2781.072,3696.04
967,1862.812,2780.432,3693.72
968,1861.58,2779.776,3692.08
969,1859.62,2779.048,3690.56
970,1858.192,2778.952,3691.44
971,1857.184,2778.752,3691.84
972,1856.316,2777.944,3689.68
973,1855.476,2777.976,3689.96
974,1854.608,2777.656,3689.96
975,1853.74,2777.056,3689.88
976,1853.208,2777.36,3692
977,1852.704,2777.104,3691.88
978,1852.312,2776.632,3691.4
979,1852.2,2776.528,3692.92
980,1852.172,2776.824,3694.76
981,1852.256,2777.064,3697.28
982,1852.508,2777.176,3700.16
983,1852.984,2777.424,3702.36
984,1853.264,2777.48,3703.68
985,1853.656,2777.912,3705.84
986,1854.412,2778.976,3709.68
987,1855.336,2779.032,3711.8
988,1856.568,2779.128,3713.92
989,1857.856,2779.512,3717.16
990,1858.724,2779.912,3722.04
991,1860.18,2780.968,3723.68
992,1861.664,2782.088,3725.56
993,1862.728,2782.752,3730.36
994,1864.464,2783.472,3733.08
995,1866.172,2783.76,3737.16
996,1867.74,2783.944,3742.4
997,1869.532,2784.848,3746.28
998,1871.1,2785.52,3751.08
999,1872.948,2786.176,3755.44
1000,1875.328,2787.08,3758.52
1001,1873.144,2786.04,3755.36
1002,1875.132,2787.2,3758.6
1003,1877.036,2788.056,3761.6
1004,1878.296,2789.128,3763.88
1005,1880.228,2789.928,3767.32
1006,1882.888,2790.208,3771.72
1007,1884.932,2790.8,3775.68
1008,1886.808,2791.472,3780.16
1009,1888.768,2792.296,3785.88
1010,1890.448,2793.216,3787.16
1011,1892.352,2794.136,3789.88
1012,1894.452,2795.016,3796.36
1013,1896.496,2795.536,3799.88
1014,1898.708,2796.328,3803.92
1015,1901.06,2797.08,3810.36
1016,1903.132,2797.904,3812.84
1017,1905.344,2798.96,3811.6
1018,1907.416,2799.968,3813.24
1019,1909.012,2800.88,3813.8
1020,1910.944,2801.832,3816.8
1021,1913.156,2802.808,3822.76
1022,1915.088,2803.904,3826.88
1023,1916.796,2804.96,3829.52
1024,1918.98,2805.712,3831.56
1025,1921.276,2806.52,3834.44
1026,1923.152,2807.464,3836.92
1027,1924.86,2808.368,3839.08
1028,1926.82,2809.344,3843.64
1029,1928.668,2810.304,3847.6
1030,1930.124,2811.328,3850.48
1031,1932,2812.144,3854
1032,1934.408,2812.768,3859.12
1033,1936.2,2813.664,3862.52
1034,1937.684,2814.64,3865
1035,1939.336,2815.568,3867.56
1036,1940.708,2816.464,3868.92
1037,1942.248,2817.32,3869.04
1038,1944.096,2817.896,3870.32
1039,1946,2818.496,3872.8
1040,1947.82,2819.464,3875.72
1041,1949.472,2820.096,3879.32
1042,1951.18,2820.688,3883.48
1043,1952.692,2821.544,3886.76
1044,1954.036,2822.328,3889.32
1045,1955.576,2823.312,3892.68
1046,1957.116,2824.112,3895.12
1047,1958.6,2825.024,3896.4
1048,1960.14,2825.608,3897.56
1049,1961.708,2826.304,3899.76
1050,1963.136,2827.016,3901.88
1051,1964.48,2827.632,3904
1052,1965.684,2828.376,3905.72
1053,1966.832,2828.888,3908.8
1054,1968.12,2829.112,3910.64
1055,1969.324,2829.704,3912.48
1056,1970.332,2830.544,3915.88
1057,1971.536,2831.272,3918.4
1058,1972.572,2831.992,3922.24
1059,1973.384,2832.576,3926.4
1060,1974.42,2833.192,3928.68
1061,1975.596,2833.72,3929.92
1062,1976.8,2834.256,3929.96
1063,1977.836,2834.736,3930.8
1064,1978.732,2835.12,3932.64
1065,1979.46,2835.344,3934.92
1066,1980.02,2835.536,3938.08
1067,1980.524,2835.92,3939.36
1068,1981.196,2836.488,3939.2
1069,1981.924,2836.944,3939.56
1070,1982.568,2837.304,3940.96
1071,1983.296,2837.664,3943.48
1072,1983.8,2837.976,3944.84
1073,1983.996,2838.416,3945.88
1074,1984.248,2838.752,3947.64
1075,1984.472,2838.96,3947.88
1076,1984.584,2839.048,3946
1077,1984.724,2839.216,3946
1078,1984.948,2839.288,3946.68
1079,1984.892,2839.408,3946.4
1080,1984.752,2839.672,3946.32
1081,1984.836,2839.808,3946.64
1082,1984.864,2839.752,3946.68
1083,1984.892,2839.744,3945.92
1084,1984.808,2839.784,3945.96
1085,1984.416,2839.656,3946.48
1086,1983.912,2839.624,3945
1087,1983.212,2839.6,3943.92
1088,1982.652,2839.456,3943.04
1089,1982.148,2839.24,3941.76
1090,1981.672,2839.056,3940.28
1091,1981.336,2838.776,3940.28
1092,1980.832,2838.52,3938.36
1093,1980.356,2838.304,3934.64
1094,1979.516,2837.936,3931.4
1095,1978.648,2837.624,3930.44
1096,1977.64,2837.296,3928.32
1097,1976.492,2836.896,3925.76
1098,1975.54,2836.56,3924.44
1099,1974.504,2835.944,3922.4
1100,1973.328,2835.384,3919.2
1101,1972.096,2834.88,3916.16
1102,1970.724,2834.072,3913.24
1103,1969.408,2833.472,3910.32
1104,1968.092,2832.976,3906.88
1105,1966.72,2832.368,3903.4
1106,1965.432,2831.76,3899.72
1107,1964.004,2831.208,3896.64
1108,1962.408,2830.648,3893.6
1109,1960.84,2829.944,3890.04
1110,1959.272,2829.216,3886.08
1111,1957.564,2828.416,3884.2
1112,1955.744,2827.48,3881.76
1113,1953.756,2826.64,3877.64
1114,1951.74,2825.952,3874.32
1115,1949.724,2825.104,3871.08
1116,1947.456,2824,3866
1117,1945.02,2822.92,3860.72
1118,1942.556,2821.712,3855.72
1119,1940.008,2820.344,3851.12
1120,1937.012,2818.888,3845.32
1121,1933.96,2817.512,3839.28
1122,1930.46,2815.824,3832.56
1123,1926.456,2813.936,3825.68
1124,1922.228,2811.944,3817.24
1125,1917.888,2809.88,3807.84
1126,1912.988,2807.504,3798.12
1127,1907.78,2804.92,3788.04
1128,1901.956,2802.216,3775.4
1129,1895.796,2799.256,3763.28
1130,1889.216,2796.064,3751.4
1131,1881.796,2792.4,3736.36
1132,1873.928,2788.464,3720.08
1133,1865.584,2784.288,3703.56
1134,1856.484,2779.72,3686
1135,1847.244,2775.024,3667.2
1136,1837.696,2770.232,3647.96
1137,1827.756,2765.12,3627.76
1138,1817.48,2759.792,3605.4
1139,1806.868,2754.16,3583.8
1140,1795.724,2748.128,3561.96
1141,1784.636,2742.128,3540.24
1142,1772.988,2735.8,3518
1143,1761.704,2729.56,3496.48
1144,1750.392,2723.248,3475.4
1145,1739.276,2717.024,3454.4
1146,1728.552,2710.856,3433.32
1147,1718.22,2704.736,3413.28
1148,1708.084,2698.808,3394.48
1149,1698.144,2692.976,3376.44
1150,1688.736,2687.44,3359.32
1151,1679.468,2681.936,3343.2
1152,1670.928,2676.96,3328.36
1153,1662.864,2672.48,3314.12
1154,1655.388,2668.064,3301.36
1155,1648.444,2663.952,3290.12
1156,1641.92,2660.04,3280
1157,1635.872,2656.168,3271.04
1158,1630.356,2652.752,3262.88
1159,1625.344,2649.848,3256.44
1160,1620.64,2646.976,3249.92
1161,1616.58,2644.272,3243.12
1162,1612.66,2641.84,3237.92
1163,1609.02,2639.624,3233.64
1164,1605.548,2637.52,3230.36
1165,1602.468,2635.648,3226.92
1166,1599.752,2634.112,3224.6
1167,1597.12,2632.568,3221.96
1168,1594.824,2631.168,3219.04
1169,1592.5,2629.72,3216.64
1170,1590.316,2628.4,3215.2
1171,1588.188,2627.016,3212.88
1172,1586.2,2625.592,3209.6
1173,1584.268,2624.248,3207.68
1174,1582.588,2622.944,3206.12
1175,1580.684,2621.728,3204.84
1176,1578.78,2620.624,3205.36
1177,1576.848,2619.496,3204.4
1178,1574.636,2618.448,3202.56
1179,1572.592,2617.344,3200.88
1180,1570.632,2616.2,3198.96
1181,1568.728,2615,3196.2
1182,1566.796,2613.888,3194.52
1183,1564.92,2612.832,3193.44
1184,1562.988,2611.712,3191.88
1185,1561,2610.568,3190.6
1186,1559.096,2609.52,3188.96
1187,1557.136,2608.384,3186.84
1188,1555.4,2607.464,3185.24
1189,1553.664,2606.768,3183.56
1190,1552.152,2606.024,3182.24
1191,1550.864,2605.344,3181.28
1192,1549.66,2604.72,3180.32
1193,1548.596,2604.064,3179.36
1194,1547.644,2603.536,3178.72
1195,1546.776,2603.008,3178.28
1196,1546.048,2602.656,3177.88
1197,1545.432,2602.448,3177.88
1198,1544.956,2602.264,3177.72
1199,1544.676,2602.096,3177.6
1200,1544.564,2602.032,3177.08
1201,1544.536,2601.936,3177.64
1202,1544.676,2601.752,3178.96
1203,1544.928,2601.76,3179.6
1204,1545.32,2601.832,3180.52
1205,1545.796,2602.016,3181.36
1206,1546.384,2602.376,3181.56
1207,1547.112,2602.672,3182.32
1208,1547.896,2602.984,3183.4
1209,1548.876,2603.376,3184.76
1210,1549.94,2603.744,3186.6
1211,1551.2,2604.2,3188
1212,1552.656,2604.768,3189.6
1213,1554.168,2605.384,3191.08
1214,1555.792,2606.048,3191.96
1215,1557.612,2606.76,3193.12
1216,1559.516,2607.496,3195.16
1217,1561.504,2608.28,3196.8
1218,1563.52,2609.104,3198.48
1219,1565.676,2609.936,3200.4
1220,1567.888,2610.84,3202.16
1221,1570.1,2611.856,3203.64
1222,1572.368,2612.808,3205.44
1223,1574.776,2613.76,3207.4
1224,1577.1,2614.76,3209.36
1225,1579.424,2615.792,3211.6
1226,1581.748,2616.808,3213.64
1227,1584.128,2617.92,3215.36
1228,1586.424,2618.952,3217.44
1229,1588.72,2619.92,3219.68
1230,1590.96,2620.912,3221.68
1231,1593.144,2621.928,3223.6
1232,1595.272,2622.88,3226.2
1233,1597.316,2623.864,3228.04
1234,1599.332,2624.88,3229.84
1235,1601.292,2625.808,3232.16
1236,1603.224,2626.784,3234.4
1237,1605.128,2627.736,3236.48
1238,1607.032,2628.68,3238.6
1239,1608.824,2629.632,3240.76
1240,1610.588,2630.6,3242.84
1241,1612.268,2631.52,3244.84
1242,1613.892,2632.408,3247.04
1243,1615.516,2633.272,3249.04
1244,1617.14,2634.064,3250.64
1245,1618.708,2634.896,3252.52
1246,1620.22,2635.728,3254.64
1247,1621.676,2636.488,3256.36
1248,1623.132,2637.192,3257.96
1249,1624.476,2637.912,3259.52
1250,1625.764,2638.608,3260.76
1251,1627.024,2639.216,3262.12
1252,1628.2,2639.816,3263.72
1253,1629.32,2640.424,3264.92
1254,1630.412,2640.888,3266.16
1255,1631.476,2641.248,3267.52
1256,1632.484,2641.64,3268.4
1257,1633.464,2641.976,3269.52
1258,1634.388,2642.312,3270.48
1259,1635.256,2642.68,3271.16
1260,1635.956,2642.904,3271.92
1261,1636.544,2643.048,3272.76
1262,1637.048,2643.152,3273.32
1263,1637.412,2643.144,3273.88
1264,1637.804,2643.12,3274.24
1265,1638.196,2643.08,3274.48
1266,1638.476,2643.008,3274.36
1267,1638.7,2642.92,3273.84
1268,1638.84,2642.76,3273.32
1269,1638.924,2642.536,3272.72
1270,1638.896,2642.272,3271.72
1271,1638.868,2641.96,3270.72
1272,1638.756,2641.584,3269.8
1273,1638.504,2641.264,3268.36
1274,1638.168,2640.96,3266.8
1275,1637.692,2640.536,3265.28
1276,1637.104,2640.096,3263.56
1277,1636.516,2639.616,3261.6
1278,1635.788,2639.064,3259.72
1279,1635.032,2638.496,3257.6
1280,1634.248,2637.896,3255.24
1281,1633.324,2637.304,3252.76
1282,1632.26,2636.664,3250.12
1283,1631.112,2635.984,3247.32
1284,1629.852,2635.352,3244.48
1285,1628.508,2634.512,3241.28
1286,1627.052,2633.528,3237.8
1287,1625.484,2632.584,3234.32
1288,1623.776,2631.576,3230.48
1289,1622.012,2630.536,3226.6
1290,1620.136,2629.528,3222.72
1291,1618.12,2628.392,3218.68
1292,1615.992,2627.136,3214.28
1293,1613.752,2625.792,3209.92
1294,1611.316,2624.392,3205.16
1295,1608.796,2622.992,3199.96
1296,1606.164,2621.528,3194.64
1297,1603.392,2619.96,3189.36
1298,1600.48,2618.368,3183.88
1299,1597.372,2616.624,3178.4
1300,1594.068,2614.76,3172.56
1301,1590.624,2612.8,3166.6
1302,1586.956,2610.712,3159.96
1303,1583.092,2608.448,3152.8
1304,1579.088,2606.112,3145.48
1305,1574.86,2603.648,3137.68
1306,1570.492,2601.08,3129.84
1307,1566.012,2598.416,3121.96
1308,1561.252,2595.544,3113.52
1309,1556.352,2592.464,3104.72
1310,1551.228,2589.296,3095.4
1311,1545.824,2585.96,3085.56
1312,1540.224,2582.512,3075.6
1313,1534.484,2578.952,3065
1314,1528.52,2575.216,3054.12
1315,1522.388,2571.352,3042.76
1316,1516.004,2567.232,3030.96
1317,1509.368,2562.96,3019.12
1318,1502.48,2558.568,3006.72
1319,1495.424,2553.904,2993.92
1320,1488.228,2549.088,2980.8
1321,1480.752,2544.104,2967.24
1322,1473.08,2538.936,2953.6
1323,1465.268,2533.64,2939.68
1324,1457.288,2528.192,2925.52
1325,1449.112,2522.536,2911.2
1326,1440.768,2516.72,2896.8
1327,1432.368,2510.768,2881.92
1328,1423.8,2504.608,2866.72
1329,1415.176,2498.368,2851.6
1330,1406.496,2492.024,2836.2
1331,1397.788,2485.584,2821.04
1332,1388.94,2479.008,2806
1333,1380.148,2472.32,2790.8
1334,1371.3,2465.56,2775.6
1335,1362.452,2458.656,2760.36
1336,1353.632,2451.664,2745.12
1337,1344.896,2444.752,2730.16
1338,1336.188,2437.752,2715.04
1339,1327.592,2430.704,2699.84
1340,1319.164,2423.672,2684.68
1341,1310.708,2416.48,2669.8
1342,1302.42,2409.384,2655.64
1343,1294.272,2402.384,2641.44
1344,1286.18,2395.344,2627.32
1345,1278.284,2388.384,2613.64
1346,1270.472,2381.4,2599.96
1347,1262.828,2374.432,2586.68
1348,1255.38,2367.592,2573.68
1349,1248.016,2360.776,2561
1350,1240.82,2354.048,2548.36
1351,1233.848,2347.456,2535.96
1352,1226.904,2340.856,2523.56
1353,1220.072,2334.344,2511.2
1354,1213.296,2327.816,2499.2
1355,1206.604,2321.288,2487.44
1356,1199.912,2314.76,2475.48
1357,1193.36,2308.312,2463.84
1358,1186.696,2301.728,2451.88
1359,1180.004,2295.048,2439.44
1360,1173.2,2288.264,2426.96
1361,1166.172,2281.328,2414.08
1362,1159.088,2274.192,2400.84
1363,1151.808,2266.864,2387.28
1364,1144.248,2259.264,2373.2
1365,1136.464,2251.344,2358.64
1366,1128.316,2243.032,2343.28
1367,1119.804,2234.336,2326.88
1368,1110.9,2225.136,2309.6
1369,1101.52,2215.44,2291.2
1370,1091.692,2205.232,2271.96
1371,1081.248,2194.352,2251.84
1372,1070.3,2182.816,2230.44
1373,1058.708,2170.416,2207.48
1374,1046.528,2157.28,2182.92
1375,1033.536,2143.056,2157.2
1376,1019.928,2128.04,2130
1377,1005.424,2111.752,2101.4
1378,990.192,2094.512,2071.84
1379,974.092,2075.848,2040.16
1380,957.068,2056.016,2006.56
1381,939.372,2034.8,1971.72
1382,920.752,2012.272,1935.12
1383,901.516,1988.4,1897.44
1384,881.636,1963.312,1858.68
1385,861.224,1936.96,1818.76
1386,840.252,1909.36,1777.72
1387,819.168,1881.04,1736.24
1388,797.748,1851.592,1694.12
1389,776.272,1821.48,1652.04
1390,754.908,1790.88,1610.32
1391,733.46,1759.28,1568.4
1392,712.32,1727.456,1527
1393,691.488,1695.4,1486
1394,670.908,1662.968,1445.84
1395,651.028,1630.888,1407.16
1396,631.652,1598.896,1369.52
1397,612.92,1567.272,1333.32
1398,594.972,1536.36,1298.68
1399,577.528,1505.72,1265.12
1400,560.98,1476.024,1233.32
1401,545.244,1447.232,1203.12
1402,530.292,1419.408,1174.48
1403,516.18,1392.488,1147.36
1404,502.824,1366.688,1121.84
1405,490.252,1341.816,1098
1406,478.408,1318.144,1075.56
1407,467.292,1295.456,1054.72
1408,456.82,1273.928,1034.92
1409,447.104,1253.608,1016.44
1410,437.92,1234.296,999.16
1411,429.408,1216.096,983.16
1412,421.428,1198.888,968.2
1413,414.008,1182.664,954.56
1414,407.036,1167.4,941.56
1415,400.624,1153.208,929.44
1416,394.576,1139.744,918.24
1417,388.976,1127.2,907.88
1418,383.796,1115.504,898.36
1419,378.924,1104.472,889.6
1420,374.444,1094.256,881.24
1421,370.272,1084.712,873.4
1422,366.352,1075.784,866.04
1423,362.74,1067.496,859.24
1424,359.352,1059.656,852.96
1425,356.244,1052.36,847.08
1426,353.332,1045.632,841.76
1427,350.616,1039.296,836.8
1428,348.152,1033.448,832.08
1429,345.828,1028.024,827.72
1430,343.672,1022.984,823.56
1431,341.684,1018.336,819.72
1432,339.864,1014.096,816.12
1433,338.184,1010.168,812.84
1434,336.644,1006.624,809.92
1435,335.244,1003.336,807.16
1436,333.984,1000.36,804.56
1437,332.808,997.672,802.32
1438,331.744,995.28,800.44
1439,330.792,993.144,798.72
1440,329.924,991.288,797.2
1441,329.168,989.648,795.88
1442,328.524,988.256,794.76
1443,327.964,987.032,793.76
1444,327.46,986.016,792.96
1445,327.04,985.12,792.28
1446,326.676,984.4,791.72
1447,326.368,983.792,791.2
1448,326.144,983.368,791
1449,325.948,983.08,790.92
1450,325.808,982.928,790.92
1451,325.724,982.936,791.04
1452,325.696,983.08,791.24
1453,325.752,983.336,791.56
1454,325.836,983.728,792.04
1455,325.976,984.28,792.64
1456,326.144,984.976,793.6
1457,326.396,985.88,794.8
1458,326.732,986.936,796.08
1459,327.124,988.208,797.72
1460,327.628,989.712,799.48
1461,328.188,991.44,801.28
1462,328.804,993.44,803.48
1463,329.56,995.656,805.88
1464,330.428,998.128,808.52
1465,331.38,1000.88,811.68
1466,332.472,1003.872,815.04
1467,333.676,1007.112,818.72
1468,334.964,1010.584,822.6
1469,336.364,1014.304,826.8
1470,337.848,1018.224,831.16
1471,339.444,1022.408,835.64
1472,341.096,1026.728,840.48
1473,342.888,1031.28,845.6
1474,344.764,1035.952,850.88
1475,346.724,1040.784,856.44
1476,348.768,1045.776,862.12
1477,350.896,1050.912,867.92
1478,353.08,1056.16,873.88
1479,355.32,1061.584,880.04
1480,357.644,1067.088,886.32
1481,360.024,1072.704,892.76
1482,362.432,1078.472,899.4
1483,364.952,1084.384,906.28
1484,367.472,1090.4,913.04
1485,370.076,1096.584,920.04
1486,372.708,1102.808,926.8
1487,375.424,1109.2,933.68
1488,378.14,1115.696,940.68
1489,380.94,1122.256,947.76
1490,383.796,1129.032,955.32
1491,386.652,1135.864,962.96
1492,389.536,1142.808,970.44
1493,392.448,1149.888,978.2
1494,395.388,1156.992,985.84
1495,398.384,1164.2,993.56
1496,401.408,1171.496,1001.52
1497,404.46,1178.864,1009.44
1498,407.596,1186.352,1017.52
1499,410.704,1193.8,1025.68
1500,413.868,1201.296,1033.8
1501,417.032,1208.896,1042.04
1502,420.224,1216.448,1050.32
1503,423.444,1224.104,1058.6
1504,426.692,1231.768,1066.84
1505,429.884,1239.352,1075.28
1506,433.16,1247.008,1083.76
1507,436.436,1254.688,1092.2
1508,439.684,1262.344,1100.68
1509,442.96,1270.008,1109.24
1510,446.264,1277.696,1117.76
1511,449.568,1285.328,1126.32
1512,452.928,1292.928,1135
1513,456.26,1300.512,1143.6
1514,459.592,1308.096,1152.16
1515,462.924,1315.608,1160.76
1516,466.256,1323.08,1169.36
1517,469.588,1330.52,1178
1518,472.976,1337.88,1186.72
1519,476.336,1345.232,1195.48
1520,479.668,1352.592,1204.28
1521,483,1359.856,1213.04
1522,486.304,1367.072,1221.84
1523,489.636,1374.248,1230.64
1524,492.968,1381.352,1239.44
1525,496.3,1388.424,1248.24
1526,499.604,1395.456,1257.12
1527,502.908,1402.416,1265.92
1528,506.184,1409.288,1274.76
1529,509.46,1416.12,1283.48
1530,512.736,1422.888,1292.16
1531,515.984,1429.576,1300.88
1532,519.232,1436.224,1309.68
1533,522.48,1442.792,1318.36
1534,525.7,1449.264,1327.12
1535,528.948,1455.696,1335.8
1536,532.168,1462.12,1344.4
1537,535.388,1468.456,1353.08
1538,538.608,1474.752,1361.88
1539,541.8,1480.968,1370.52
1540,544.992,1487.08,1379.16
1541,548.156,1493.168,1387.68
1542,551.348,1499.272,1396.28
1543,554.484,1505.288,1404.72
1544,557.676,1511.272,1413.2
1545,560.84,1517.16,1421.88
1546,563.976,1522.912,1430.48
1547,567.168,1528.664,1438.92
1548,570.276,1534.336,1447.36
1549,573.412,1539.96,1455.72
1550,576.52,1545.528,1464
1551,579.6,1550.984,1472.28
1552,582.68,1556.4,1480.44
1553,585.732,1561.728,1488.52
1554,588.728,1566.984,1496.6
1555,591.78,1572.208,1504.64
1556,594.804,1577.368,1512.56
1557,597.8,1582.456,1520.6
1558,600.768,1587.488,1528.68
1559,603.708,1592.456,1536.44
1560,606.648,1597.392,1544.16
1561,609.56,1602.256,1551.92
1562,612.416,1607.048,1559.4
1563,615.3,1611.8,1566.76
1564,618.128,1616.456,1574.16
1565,620.956,1621.056,1581.44
1566,623.784,1625.6,1588.8
1567,626.612,1630.096,1596.2
1568,629.412,1634.568,1603.36
1569,632.184,1638.984,1610.52
1570,634.956,1643.344,1617.52
1571,637.672,1647.672,1624.28
1572,640.416,1651.968,1631.2
1573,643.104,1656.192,1638.16
1574,645.792,1660.408,1645.04
1575,648.48,1664.616,1651.88
1576,651.168,1668.776,1658.6
1577,653.828,1672.92,1665.32
1578,656.46,1677.008,1671.84
1579,659.064,1681.056,1678.16
1580,661.696,1685.096,1684.64
1581,664.3,1689.096,1691.16
1582,666.904,1693.08,1697.52
1583,669.508,1697.08,1703.92
1584,672.112,1701.048,1710.08
1585,674.716,1704.992,1716
1586,677.292,1708.888,1721.96
1587,679.868,1712.704,1727.76
1588,682.416,1716.576,1733.72
1589,684.936,1720.392,1739.8
1590,687.456,1724.232,1745.64
1591,690.004,1728.088,1751.48
1592,692.524,1731.904,1757.28
1593,695.072,1735.68,1762.84
1594,697.592,1739.432,1768.56
1595,700.112,1743.176,1774.48
1596,702.66,1746.944,1780.16
1597,705.208,1750.704,1785.76
1598,707.756,1754.44,1791.24
1599,710.304,1758.168,1796.52
1600,712.824,1761.872,1801.88
1601,715.288,1765.568,1807.36
1602,717.78,1769.216,1812.6
1603,720.216,1772.904,1817.84
1604,722.68,1776.52,1822.96
1605,725.144,1780.072,1827.92
1606,727.608,1783.6,1832.8
1607,730.072,1787.136,1837.52
1608,732.452,1790.584,1842.32
1609,734.804,1793.976,1847
1610,737.072,1797.336,1851.72
1611,739.284,1800.64,1856.72
1612,741.524,1803.896,1861.32
1613,743.736,1807.152,1865.76
1614,745.892,1810.328,1870.16
1615,747.992,1813.44,1874.32
1616,750.036,1816.504,1878.6
1617,751.996,1819.544,1883.04
1618,753.928,1822.488,1887.24
1619,755.832,1825.4,1891.28
1620,757.652,1828.24,1895.4
1621,759.388,1830.992,1899.48
1622,761.096,1833.704,1903.36
1623,762.72,1836.368,1907.24
1624,764.316,1838.936,1911.04
1625,765.856,1841.44,1914.48
1626,767.396,1843.92,1918.16
1627,768.88,1846.304,1921.92
1628,770.392,1848.672,1925.56
1629,771.904,1851.032,1929.2
1630,773.472,1853.328,1932.76
1631,775.04,1855.56,1936.2
1632,776.664,1857.752,1939.68
1633,778.316,1859.896,1943.2
1634,779.968,1861.976,1946.6
1635,781.62,1864.008,1949.92
1636,783.272,1865.992,1953.12
1637,784.98,1867.912,1956.16
1638,786.604,1869.76,1959.12
1639,788.2,1871.576,1961.84
1640,789.684,1873.256,1964.6
1641,791.084,1874.832,1967.24
1642,792.372,1876.32,1969.96
1643,793.604,1877.72,1972.88
1644,794.696,1879,1975.52
1645,795.676,1880.184,1978
1646,796.516,1881.216,1980.4
1647,797.272,1882.088,1982.56
1648,797.888,1882.848,1984.64
1649,798.336,1883.488,1986.64
1650,798.7,1883.976,1988.68
1651,798.924,1884.392,1990.6
1652,799.036,1884.64,1992.56
1653,799.036,1884.736,1994.68
1654,798.924,1884.744,1996.48
1655,798.672,1884.584,1998.08
1656,798.336,1884.336,1999.6
1657,797.86,1883.96,2000.8
1658,797.356,1883.464,2002
1659,796.768,1882.808,2003.12
1660,796.208,1882.104,2004.2
1661,795.62,1881.256,2005.16
1662,795.032,1880.416,2006.16
1663,794.388,1879.512,2007.2
1664,793.856,1878.592,2008.12
1665,793.38,1877.608,2009
1666,792.932,1876.656,2009.88
1667,792.568,1875.664,2010.72
1668,792.232,1874.728,2011.36
1669,791.924,1873.848,2011.84
1670,791.7,1872.92,2012.4
1671,791.532,1872.032,2012.88
1672,791.392,1871.12,2013.16
1673,791.336,1870.192,2013.52
1674,791.224,1869.232,2013.44
1675,791.168,1868.264,2012.88
1676,791.056,1867.264,2012.48
1677,790.916,1866.248,2011.96
1678,790.748,1865.176,2011.32
1679,790.608,1864.096,2010.72
1680,790.356,1862.888,2009.88
1681,790.076,1861.632,2008.8
1682,789.684,1860.248,2007.76
1683,789.236,1858.816,2006.64
1684,788.648,1857.2,2005.44
1685,787.92,1855.432,2004.16
1686,787.136,1853.608,2002.88
1687,786.268,1851.672,2001.48
1688,785.344,1849.68,2000.16
1689,784.308,1847.624,1998.88
1690,783.244,1845.504,1997.56
1691,782.068,1843.328,1996.2
1692,780.92,1841.088,1994.84
1693,779.744,1838.8,1993.48
1694,778.54,1836.464,1991.96
1695,777.28,1834.024,1990.36
1696,776.02,1831.624,1988.64
1697,774.676,1829.184,1986.6
1698,773.332,1826.72,1984.8
1699,771.96,1824.2,1983.24
1700,770.504,1821.712,1981.24
1701,769.02,1819.2,1979.16
1702,767.508,1816.728,1976.92
1703,765.94,1814.264,1974.24
1704,764.344,1811.832,1971.76
1705,762.776,1809.392,1969.28
1706,761.152,1807.032,1966.72
1707,759.5,1804.752,1964.04
1708,757.848,1802.472,1961.32
1709,756.168,1800.24,1958.48
1710,754.488,1798.008,1955.68
1711,752.808,1795.76,1952.88
1712,751.128,1793.52,1950.04
1713,749.448,1791.304,1947.24
1714,747.796,1789.08,1944.16
1715,746.172,1786.872,1940.88
1716,744.492,1784.656,1937.48
1717,742.784,1782.44,1933.96
1718,741.076,1780.224,1930.4
1719,739.312,1778.016,1926.6
1720,737.576,1775.832,1923.44
1721,735.756,1773.568,1919.84
1722,733.936,1771.32,1916.16
1723,732.144,1769.088,1912.76
1724,730.296,1766.84,1908.88
1725,728.504,1764.632,1904.8
1726,726.74,1762.472,1900.72
1727,724.948,1760.328,1896.56
1728,723.24,1758.208,1892.32
1729,721.616,1756.112,1888.04
1730,720.132,1754.104,1884.12
1731,718.732,1752.12,1880.04
1732,717.472,1750.216,1875.68
1733,716.324,1748.416,1871.52
1734,715.232,1746.632,1867
1735,714.084,1744.8,1862.56
1736,712.992,1743.04,1858.36
1737,711.816,1741.144,1853.92
1738,710.64,1739.176,1849.52
1739,709.324,1737.12,1844.76
1740,707.952,1735.008,1839.6
1741,706.412,1732.736,1834.52
1742,704.704,1730.36,1829.24
1743,702.94,1727.864,1823.92
1744,701.036,1725.176,1818.76
1745,699.076,1722.456,1813.28
1746,697.088,1719.656,1807.52
1747,695.016,1716.8,1801.84
1748,692.804,1713.848,1796.04
1749,690.648,1710.864,1790.28
1750,688.38,1707.832,1784.68
1751,686.196,1704.744,1778.84
1752,684.012,1701.536,1772.8
1753,681.8,1698.352,1766.68
1754,679.56,1695.104,1760.28
1755,677.376,1691.84,1754
1756,675.136,1688.56,1747.68
1757,673.008,1685.328,1741.48
1758,670.88,1682.064,1735.32
1759,668.836,1678.872,1729.24
1760,666.82,1675.728,1723.2
1761,664.86,1672.656,1717.32
1762,662.928,1669.608,1711.52
1763,661.164,1666.712,1705.96
1764,659.484,1663.888,1700.48
1765,657.916,1661.192,1695.24
1766,656.488,1658.632,1690.08
1767,655.088,1656.2,1685.24
1768,653.744,1653.904,1680.68
1769,652.512,1651.728,1676.24
1770,651.336,1649.696,1671.96
1771,650.272,1647.68,1667.84
1772,649.236,1645.856,1664.2
1773,648.256,1644.12,1660.48
1774,647.304,1642.44,1656.88
1775,646.352,1640.872,1653.64
1776,645.428,1639.344,1650.12
1777,644.588,1637.824,1646.88
1778,643.804,1636.424,1644.4
1779,643.048,1635.128,1641.64
1780,642.376,1633.928,1638.92
1781,641.76,1632.848,1636.72
1782,641.228,1631.88,1634.72
1783,640.752,1631.008,1632.92
1784,640.388,1630.216,1631.52
1785,640.08,1629.552,1630.12
1786,639.856,1628.992,1628.92
1787,639.744,1628.544,1628
1788,639.632,1628.176,1627.24
1789,639.576,1627.904,1626.76
1790,639.576,1627.744,1626.32
1791,639.604,1627.696,1626.04
1792,639.744,1627.712,1625.8
1793,639.996,1627.872,1625.56
1794,640.304,1628.056,1625.36
1795,640.668,1628.28,1625.2
1796,641.032,1628.576,1625.2
1797,641.424,1628.92,1625.28
1798,641.816,1629.352,1625.64
1799,642.264,1629.88,1626.2
1800,642.712,1630.416,1626.8
1801,643.188,1631.032,1627.56
1802,643.692,1631.632,1628.2
1803,644.196,1632.232,1628.96
1804,644.672,1632.848,1629.48
1805,645.12,1633.48,1629.72
1806,645.596,1634.08,1630.4
1807,646.044,1634.688,1631.12
1808,646.492,1635.24,1631.8
1809,646.94,1635.728,1632.72
1810,647.332,1636.224,1633.48
1811,647.724,1636.68,1634
1812,648.144,1637.088,1634.44
1813,648.536,1637.488,1634.76
1814,648.928,1637.848,1634.88
1815,649.32,1638.184,1635
1816,649.656,1638.448,1635.2
1817,649.992,1638.656,1635.56
1818,650.272,1638.816,1635.8
1819,650.468,1638.864,1635.68
1820,650.636,1638.816,1635.52
1821,650.748,1638.776,1635.28
1822,650.86,1638.688,1635
1823,650.916,1638.536,1634.6
1824,650.916,1638.408,1634.36
1825,650.86,1638.136,1633.56
1826,650.72,1637.736,1632.48
1827,650.552,1637.248,1631.2
1828,650.356,1636.632,1629.6
1829,650.02,1635.888,1627.6
1830,649.628,1635.024,1625.28
1831,650.16,1636.256,1628.56
1832,649.46,1634.648,1624.32
1833,648.62,1632.552,1620.4
1834,647.696,1630.6,1618.52
1835,646.576,1628.984,1615.16
1836,645.288,1626.848,1611.32
1837,643.832,1624.432,1606.6
1838,642.376,1622.248,1600.6
1839,640.612,1619.2,1594.8
1840,638.568,1615.48,1588.56
1841,636.384,1611.616,1582.24
1842,634.2,1607.592,1574.92
1843,631.792,1603.112,1567.52
1844,628.88,1598.272,1559.64
1845,625.66,1592.776,1550.48
1846,622.244,1586.792,1540.8
1847,618.408,1580.232,1530.92
1848,614.32,1573.2,1520.68
1849,610.092,1566.016,1509.64
1850,605.528,1557.736,1497.8
1851,600.712,1548.664,1486.52
1852,595.196,1538.976,1473.04
1853,589.456,1528.496,1456.92
1854,583.38,1517.376,1439.76
1855,576.604,1505.848,1423
1856,569.548,1493.064,1406.16
1857,562.184,1479.4,1387.96
1858,554.456,1464.768,1370.64
1859,546.448,1449.328,1350.48
1860,538.16,1432.88,1328.16
1861,529.508,1415.672,1304.16
1862,520.38,1397.8,1280.2
1863,510.776,1378.416,1255.88
1864,500.752,1357.944,1231.72
1865,490.224,1336.288,1206.56
1866,479.472,1313.432,1180.32
1867,468.44,1289.336,1153.8
1868,457.016,1264.168,1125.36
1869,445.088,1237.92,1094.32
1870,433.104,1210.472,1064.32
1871,420.896,1182,1034.28
1872,408.352,1152.2,1002.52
1873,396.2,1121.536,971.44
1874,383.852,1090.36,940.96
1875,371.448,1058.6,909.76
1876,358.988,1026.016,877.68
1877,346.78,993.448,846.28
1878,334.18,960.168,814.76
1879,322.364,927.128,783.92
1880,310.968,893.816,753.16
1881,299.656,860.2,722.88
1882,288.652,826.68,692.84
1883,278.0736,793.168,663.84
1884,267.7836,760.384,636.16
1885,257.6028,727.376,609.32
1886,248.0352,695.784,582.96
1887,238.784,664.504,557.28
1888,230.104,634.504,532.8
1889,221.8664,605.048,507.96
1890,214.1188,577.1944,485.6
1891,206.9144,550.416,465.44
1892,200.1188,525.0752,446.24
1893,193.8832,501.2952,428.4
1894,188.2636,479.0824,412.64
1895,182.868,458.144,396.968
1896,177.9456,438.5928,381.636
1897,173.3788,420.4888,368.372
1898,169.1116,404.0456,356.56
1899,165.27,388.696,345.576
1900,162.2012,375.0256,336.664
1901,159.0288,362.2256,327.948
1902,155.8144,350.5504,319.96
1903,153.2944,340.18,312.5
1904,150.906,330.5952,305.752
1905,148.7248,322.3272,300
1906,146.678,314.4416,294.624
1907,145.0092,307.4232,290.148
1908,143.4132,301.0512,285.484
1909,141.876,295.4448,280.664
1910,140.5572,290.3312,277.02
1911,139.594,285.9288,274.472
1912,138.6252,282.2232,271.28
1913,137.6676,278.5904,268.712
1914,136.738,275.4416,267.244
1915,135.8924,272.3856,265.228
1916,135.0468,269.4712,262.864
1917,134.4028,267.0408,260.92
1918,133.952,264.9552,259.276
1919,133.4536,263.1248,257.76
1920,133.0952,261.92,255.82
1921,132.7144,260.6048,254.816
1922,132.314,259.3056,254.772
1923,131.852,258.296,254.736
1924,131.6644,257.4376,254.16
1925,131.6784,256.6376,253.736
1926,131.5272,256.1528,253.296
1927,131.4292,255.944,251.988
1928,131.4096,255.9064,251.672
1929,131.3788,256.132,252.552
1930,131.3172,256.4312,252.556
1931,131.3032,256.944,252.144
1932,131.3676,257.5392,252.176
1933,131.4544,258.2432,252.256
1934,131.4264,259.0336,251.776
1935,131.6056,259.972,252.496
1936,131.9444,261.0112,254.18
1937,132.3252,262.2544,255.34
1938,132.8684,263.6768,257.048
1939,133.2436,265.1744,258.212
1940,133.6244,266.9328,258.904
1941,134.0388,268.6176,259.856
1942,134.33,270.2104,260.72
1943,134.6884,272.0432,261.68
1944,135.0944,273.9984,262.704
1945,135.6208,275.9904,263.664
1946,136.108,278.2248,265.188
1947,136.57,280.76,267.26
1948,137.06,283.2056,268.684
1949,137.578,285.7456,269.74
1950,138.1464,288.3232,271.652
1951,138.7092,290.9496,274.032
1952,139.3336,293.6112,275.784
1953,140.084,296.276,278.112
1954,140.7812,299.0784,280.1
1955,141.4728,301.9544,281.72
1956,142.1588,304.9376,281.78
1957,142.8364,307.8344,283.896
1958,143.5056,310.7704,287.1
1959,144.1692,313.7912,289.748
1960,144.8356,316.6472,293.408
1961,145.5104,319.8424,295.924
1962,146.132,323.3864,297.508
1963,146.832,326.784,299.508
1964,147.5796,330.2336,300.552
1965,148.33,333.7128,302.8
1966,149.1084,337.2152,305.604
1967,149.9372,340.6696,309.32
1968,150.7324,344.2304,312.136
1969,151.5052,347.8192,315.728
1970,152.3144,351.5968,318.132
1971,153.1488,355.4928,318.524
1972,153.9944,359.4144,321.136
1973,154.7644,363.6432,324.604
1974,155.708,367.6272,327.796
1975,156.8588,371.3328,332.672
1976,157.8416,375.2992,336.264
1977,158.8356,379.276,338.584
1978,159.9164,383.3592,341.28
1979,160.7844,387.512,344.204
1980,161.3332,391.9816,347.016
1981,162.19,396.2064,349.864
1982,163.0916,400.2376,353.064
1983,164.0436,404.5096,356.152
1984,165.1832,408.8496,358.636
1985,166.222,413.2208,361.932
1986,167.1152,417.8976,366.356
1987,168.1932,422.348,369.66
1988,169.3244,426.7168,372.34
1989,170.632,430.9144,375.832
1990,171.7604,435.292,378.992
1991,172.9504,439.556,381.444
1992,174.0704,444.0416,384.78
1993,175.0336,448.7504,388.86
1994,176.0332,453.3768,392.528
1995,177.0748,458.1744,395.904
1996,178.1528,462.732,399.648
1997,179.2224,466.9872,404.08
1998,180.264,471.5184,407.76
1999,181.3476,476.0512,410.56
2000,182.364,480.6456,414.72
2001,183.5316,485.2576,418.48
2002,184.6292,490.0848,421.76
2003,185.7128,494.6392,425.96
2004,186.9,498.948,431.92
2005,187.9892,503.3496,435.68
2006,188.8152,507.6896,438.4
2007,189.9352,512.1056,441.96
2008,191.2876,516.5944,444.12
2009,192.514,521.0352,447.64
2010,193.872,525.5504,452.68
2011,195.1096,530.0144,457.6
2012,196.0616,534.2896,460.88
2013,196.9912,538.4552,465.12
2014,197.9348,542.74,469.08
2015,198.6656,546.9672,472.4
2016,199.7184,551.2456,476.08
2017,200.9896,555.7664,480.2
2018,202.1404,559.9992,484.16
2019,203.4592,564.0672,487.96
2020,204.5596,568.1552,491.8
2021,205.4164,571.9848,495.92
2022,206.4384,575.9856,499.88
2023,207.3232,580.104,503.76
2024,208.5664,584.184,506.96
2025,209.902,588.152,511.08
2026,210.8988,592.336,515.48
2027,211.8788,596.16,519.44
2028,212.7132,599.688,523.24
2029,213.57,603.304,527.36
2030,214.3512,606.696,531.4
2031,215.1996,610.272,535.36
2032,216.0228,614.088,540.2
2033,216.8992,617.648,544
2034,217.8316,621.176,546.68
2035,218.666,624.616,549.84
2036,219.6824,627.92,553.04
2037,220.6008,631.472,556.24
2038,221.396,635.056,561.48
2039,222.348,638.328,566.16
2040,223.1992,641.672,570.16
2041,223.9104,644.872,574.24
2042,224.7868,648.136,577.8
2043,225.8088,651.488,580.08
2044,226.6292,654.784,583.48
2045,227.43,658,587.12
2046,228.228,661.208,590.96
2047,228.8636,664.296,595.76
2048,229.5692,667.592,599.44
2049,230.5716,670.848,602.24
2050,231.3724,673.944,606.12
2051,232.1788,677.136,610.04
2052,232.9012,680.344,614.72
2053,233.6124,683.632,619.32
2054,234.2564,687.032,625.48
2055,234.906,690.384,629.28
2056,235.3764,693.68,631.2
2057,236.194,697.08,634.64
2058,237.1936,700.56,637.48
2059,238.098,703.984,641.4
2060,239.2264,707.48,646.88
2061,240.3716,711.168,651.72
2062,241.0184,714.216,655.68
2063,241.4104,717.336,659.68
2064,242.0656,720.88,663.24
2065,242.7516,724.168,666.92
2066,243.5468,727.744,671
2067,244.678,731.888,675.4
2068,245.5404,735.504,679.8
2069,246.2768,738.864,684.96
2070,247.0468,742.376,689.08
2071,247.7524,745.808,692.96
2072,248.5112,749.296,696.6
2073,249.256,752.952,698.84
2074,250.11,756.416,702.6
2075,250.9864,759.792,707.56
2076,251.6332,763.072,711.6
2077,252.3276,766.152,716.4
2078,253.0416,769.464,720.56
2079,253.6744,772.936,724.44
2080,254.6852,776.24,729.24
2081,255.6568,779.672,733.44
2082,256.8384,783.368,737.88
2083,257.712,786.744,742.32
2084,258.4988,790.072,746.16
2085,259.238,793.24,750.16
2086,259.6916,796.088,754.64
2087,260.4448,799.008,759.12
2088,261.3212,802.272,761.96
2089,262.2284,805.576,765.84
2090,263.2784,809.008,769.68
2091,264.2024,812.512,772.88
2092,265.188,815.568,778.92
2093,266.238,818.496,784.72
2094,267.2488,821.656,789.44
2095,268.3716,824.856,794.56
2096,269.2396,828.048,798.6
2097,269.9928,831.64,800.68
2098,270.7236,834.736,804.32
2099,271.25,837.56,808.24
2100,271.7876,840.328,812.24
2101,272.7256,842.976,817.84
2102,273.6608,845.528,822.28
2103,274.568,848.68,826.16
2104,275.6852,852.104,831.64
2105,276.7016,855.4,834.84
2106,277.6676,858.8,837.84
2107,278.7232,861.68,843.08
2108,279.6248,864.28,847.12
2109,280.504,867.088,851.36
2110,281.26,869.744,856.56
2111,282.128,872.592,860.72
2112,283.164,875.76,863.92
2113,284.004,878.688,868.12
2114,284.76,881.624,872.4
2115,285.516,884.376,877.44
2116,286.188,886.92,883.12
2117,287.112,889.512,886.68
2118,288.26,892.136,889.28
2119,289.296,894.888,892.68
2120,290.192,897.832,896.04
2121,290.836,900.6,898.64
2122,291.536,903.072,902.76
2123,292.264,905.488,907.76
2124,293.104,907.88,911.6
2125,294.056,909.968,914.72
2126,295.064,912.296,918.68
2127,296.296,914.912,922.28
2128,297.164,917.256,925.72
2129,297.976,919.544,929.32
2130,298.648,921.888,933.44
2131,299.068,923.856,936.72
2132,299.796,925.384,940.72
2133,300.888,927.008,945.28
2134,301.812,928.872,948.76
2135,302.68,930.824,952.12
2136,303.408,933,954.64
2137,303.688,935.032,956.32
2138,304.136,936.712,959.44
2139,304.836,938.536,962.2
2140,305.452,940.28,964.72
2141,306.376,941.968,967.96
2142,307.916,943.768,972.12
2143,308.952,945.408,975.28
2144,309.904,946.92,978.28
2145,310.996,948.36,981.32
2146,311.556,949.848,984.36
2147,311.948,951.128,986.04
2148,312.844,952.544,987.64
2149,313.6,954.16,990.88
2150,314.552,955.64,992.52
2151,315.784,957.424,994.08
2152,316.624,959.184,997.24
2153,317.38,960.344,999.44
2154,318.192,961.648,1002.4
2155,318.808,962.68,1005.68
2156,319.564,963.488,1007.84
2157,320.6,964.832,1009.72
2158,321.468,966.024,1011.36
2159,322.42,967.28,1012.24
2160,323.148,968.44,1014.16
2161,323.708,969.6,1016.2
2162,324.24,970.464,1018.4
2163,324.772,971.648,1021.44
2164,325.696,972.856,1023.2
2165,326.984,973.84,1024.32
2166,328.076,975.144,1024.88
2167,328.972,976.184,1025.76
2168,329.728,976.92,1028.32
2169,330.288,978.144,1031.4
2170,330.736,979.176,1034.4
2171,331.352,980.064,1036.8
2172,332.332,981.216,1038.32
2173,333.172,982.12,1039.12
2174,333.872,983.12,1040.88
2175,334.656,984.216,1043.08
2176,335.468,985.384,1046.36
2177,336.112,986.496,1048.4
2178,336.644,987.696,1050.24
2179,337.316,988.888,1052.48
2180,337.932,989.992,1053.64
2181,338.492,991.128,1054
2182,339.416,992.32,1055.84
2183,340.536,993.416,1057.84
2184,341.18,994.424,1058.92
2185,341.74,995.472,1063.32
2186,342.3,996.84,1067.16
2187,342.86,998.288,1068.4
2188,343.98,999.536,1070.64
2189,345.212,1001.064,1070.72
2190,346.108,1002.192,1069.04
2191,346.668,1002.992,1069.6
2192,347.06,1004.296,1072.72
2193,347.62,1005.552,1075.64
2194,348.348,1006.824,1078.48
2195,349.608,1008.368,1084.88
2196,350.336,1009.592,1087.24
2197,350.924,1010.704,1085.92
2198,351.316,1011.552,1086.2
2199,351.736,1012.096,1088.52
2200,351.736,1012.68,1090.6
2201,352.24,1013.224,1095.44
2202,353.052,1014.024,1099.84
2203,353.528,1015.176,1101.68
2204,354.256,1016.168,1101.76
2205,354.648,1017.224,1102.28
2206,354.928,1018.328,1101.64
2207,355.292,1019.112,1100.84
2208,355.376,1019.8,1101.92
2209,355.74,1020.384,1101.16
2210,356.272,1020.56,1101.04
2211,356.832,1021.088,1102
2212,357.336,1021.824,1101.12
2213,357.532,1022.408,1101.52
2214,357.364,1023.288,1102.92
2215,357.392,1023.712,1104.36
2216,357.252,1023.808,1106.16
2217,357.168,1023.76,1108.2
2218,357.476,1023.776,1109.32
2219,357.392,1023.72,1108.6
2220,357.028,1023.568,1108.44
2221,357.112,1023.088,1107.76
2222,356.972,1022.472,1106
2223,357.084,1022.216,1104.44
2224,357.336,1022.152,1101.84
2225,356.832,1021.6,1100.16
2226,356.16,1020.8,1101.92
2227,355.6,1019.68,1104.44
2228,354.564,1017.816,1105.4
2229,353.836,1016.488,1103.56
2230,353.388,1015.448,1100.6
2231,352.352,1013.592,1097.6
2232,351.82,1012.096,1094.08
2233,351.54,1010.704,1093.44
2234,350.7,1008.816,1093.24
2235,349.608,1006.56,1094.44
2236,348.572,1004.488,1093.92
2237,347.34,1002.32,1094.6
2238,345.548,999.768,1092.4
2239,344.092,997.12,1087.52
2240,343.168,994.688,1083.84
2241,341.992,991.928,1082.16
2242,340.704,988.768,1081.72
2243,339.64,985.952,1081.92
2244,338.184,982.784,1081.04
2245,336.448,979.224,1076.88
2246,335.076,976.16,1072.12
2247,333.732,972.696,1069.24
2248,331.856,969,1067.08
2249,329.924,965.528,1065.08
2250,327.908,961.6,1062.96
2251,325.808,958.096,1060.8
2252,324.548,954.88,1057.4
2253,323.512,951.16,1052.36
2254,322.14,947.864,1049.2
2255,320.488,944.52,1046.36
2256,318.332,940.904,1043.68
2257,316.288,937.424,1040.56
2258,314.02,934.248,1038.6
2259,312.088,930.904,1035.56
2260,310.184,927.432,1031.36
2261,308.476,924.112,1028.04
2262,306.992,920.992,1025.28
2263,305.256,917.576,1021.24
2264,303.38,914.272,1018.44
2265,301.616,910.904,1015.4
2266,299.544,907.52,1011.2
2267,297.388,904.584,1007.6
2268,295.568,901.368,1004.48
2269,294.084,898.24,1000.92
2270,292.852,895.368,997.36
2271,291.788,892.488,996.04
2272,290.584,890.256,993.56
2273,289.492,888.392,989.44
2274,288.736,886.248,987.32
2275,288.232,883.784,985
2276,287.448,881.52,980.6
2277,286.636,879.048,977.4
2278,285.992,876.728,974.56
2279,285.068,875.304,968.72
2280,284.34,873.256,966
2281,284.116,870.896,966.68
2282,283.472,868.56,964.52
2283,282.66,865.632,962.92
2284,281.68,863.216,961.32
2285,280.308,861.056,957.28
2286,279.454,858.888,953.64
2287,278.5692,857.496,950.16
2288,277.9,855.48,946.36
2289,277.8692,853.072,941.68
2290,277.2,850.472,939.24
2291,276.0744,848.112,934.6
2292,274.9656,845.368,933.12
2293,273.4032,842.688,930.84
2294,272.1208,840.2,925.44
2295,271.306,837.632,922.72
2296,270.2,834.232,919.56
2297,269.0548,831.368,914.88
2298,267.9628,828.984,911.96
2299,266.588,825.912,910.48
2300,265.4848,822.8,906.72
2301,263.9084,819.888,902.08
2302,262.0352,817.04,898.76
2303,260.848,813.76,893.84
2304,259.4144,810.856,888.6
2305,258.272,807.752,883.64
2306,257.2276,803.544,879.8
2307,255.752,800.488,878.2
2308,254.4052,798.248,877.12
2309,253.5064,795.744,874.44
2310,253.3776,793.768,871.92
2311,252.7672,791.528,868.48
2312,252.1204,788.872,862.4
2313,251.3504,786.472,858.24
2314,249.984,784.056,855.84
2315,249.1272,782.248,852.56
2316,248.696,780.696,849.16
2317,248.3796,779.536,845.2
2318,248.2312,779.496,840.24
2319,248.1584,778.576,836.8
2320,248.3824,777.624,832.96
2321,248.2732,776.152,831
2322,248.108,774.2,831.52
2323,248.3096,771.52,831.2
2324,248.3572,769.096,831.4
2325,248.1472,767.688,828.28
2326,247.1672,765.768,820.52
2327,245.5404,764.04,813.6
2328,243.88,762.456,807.76
2329,242.6172,759.608,803.96
2330,242.4436,757.368,806.12
2331,242.4352,755.52,808.36
2332,241.7632,752.736,805.88
2333,240.8448,750.4,801.72
2334,239.316,747.92,795.8
2335,238.2688,744.552,788.68
2336,237.804,742.136,784.04
2337,237.0788,739.936,784.92
2338,236.824,737.224,786.36
2339,236.0568,734.544,783.12
2340,234.808,731.112,780
2341,234.0128,727.944,773.52
2342,232.4308,724.856,762.44
2343,230.9552,722,756.88
2344,230.2468,719.52,752.4
2345,230.1068,717.512,749.48
2346,229.432,715.024,745.64
2347,229.5132,712.968,744.4
2348,228.732,710.128,739.96
2349,226.646,706.368,731.56
2350,225.694,703.456,728.32
2351,225.3748,700.704,726.84
2352,224.56,697.976,726.24
2353,224.0532,695.496,731.28
2354,223.2832,693.216,729.6
2355,221.4996,690.44,724.12
2356,220.7128,688.512,720.16
2357,220.6148,688.112,711.88
2358,220.4188,686.528,708.44
2359,220.9508,685.096,709.12
2360,220.9424,683.016,708.28
2361,220.7184,679.48,711.56
2362,220.108,676.48,707.72
2363,218.7836,673.16,697.64
2364,217.9912,670.56,692.36
2365,217.224,668.48,685.04
2366,216.5156,666.296,678.8
2367,215.8744,664.752,679.36
2368,215.9976,662.408,679.8
2369,215.3312,658.992,673.64
2370,214.4044,656.936,671.92
2371,214.3792,654.08,671.92
2372,212.7496,650.488,665.28
2373,210.826,648.488,662.8
2374,210.0784,645.728,660.6
2375,208.5524,642.6,658.28
2376,207.4828,640.176,659.68
2377,207.634,637.392,657.88
2378,207.354,635.168,655.6
2379,206.444,633.056,651.16
2380,205.6936,630.608,645.16
2381,204.26,627.272,642.72
2382,202.3448,623.016,640.6
2383,201.3004,620.136,639.84
2384,200.7264,617.792,638.52
2385,200.6312,615.208,635.6
2386,200.4016,613.696,632.4
2387,200.83,611.344,625.88
2388,201.936,607.448,614.64
2389,201.642,604.032,608.76
2390,201.0204,599.96,607.6
2391,199.346,596.608,604.28
2392,195.1656,593.528,604.56
2393,193.76,590.728,603.72
2394,192.6624,588.584,599.6
2395,192.6148,585.896,598.08
2396,195.4848,583.12,600.76
2397,195.3728,579.872,596.48
2398,194.2948,576.056,589.96
2399,193.172,572.816,583.92
2400,190.2796,569.44,571
2401,188.7368,566.056,568.96
2402,187.852,563.1072,575.56
2403,187.5132,560.1264,572.96
2404,187.6224,556.816,570.72
2405,187.348,553.896,568.24
2406,187.5244,551.5128,556.76
2407,187.1632,548.612,554.6
2408,186.9168,545.812,565.16
2409,185.976,542.284,564.48
2410,184.5284,537.4888,559.8
2411,183.2516,534.4896,557.56
2412,180.2108,532.0288,546.84
2413,179.4688,529.596,544.08
2414,180.824,529.3504,553.76
2415,180.5496,526.7824,549.08
2416,181.2076,521.7304,537.84
2417,180.7344,518.636,532.2
2418,178.0464,516.5776,518.32
2419,177.2008,512.936,513.24
2420,177.282,509.736,520.24
2421,176.4084,505.6432,519.12
2422,176.3076,497.9856,512.72
2423,174.7676,493.896,510.92
2424,170.8868,492.1912,511.76
2425,169.3076,489.6736,510.12
2426,168.1876,489.2744,511.24
2427,167.5016,486.7664,511.28
2428,169.442,482.32,503.84
2429,168.6664,478.9184,503.32
2430,165.69,475.7272,513.72
2431,164.4216,471.7776,511.52
2432,162.2712,467.3688,505.76
2433,161.5516,463.6016,500
2434,164.2172,458.5464,480.56
2435,163.5564,455.4904,472.52
2436,160.5352,455.3128,470.4
2437,159.1604,453.204,471.68
2438,156.2652,451.4776,485.36
2439,155.2012,448.464,487.24
2440,157.29,443.0232,487.64
2441,157.5196,439.12,484.84
2442,157.304,435.06,468.68
2443,157.01,432.1944,461.08
2444,155.9348,431.0472,456.96
2445,155.1564,429.1152,454.16
2446,155.4924,428.1496,458.68
2447,153.762,425.596,456.36
2448,148.7752,422.1256,450.64
2449,147.6664,418.248,446.4
2450,147.224,412.524,432.72
2451,147.4228,408.228,430.56
2452,153.1012,404.5992,442.76
2453,153.9272,400.3528,443.8
2454,151.606,395.0304,449.68
2455,149.5984,392.3312,444.84
2456,143.9984,392.1392,417.44
2457,141.9096,389.2384,409.88
2458,141.89,387.8016,405.44
2459,141.1452,384.3952,407.52
2460,142.534,375.8272,433.16
2461,142.2764,370.912,440.36
2462,139.5016,366.708,440.28
2463,139.1264,364.7888,439.88
2464,140.322,366.0928,427.4
2465,140.3584,366.2008,422.92
2466,141.8396,369.8152,425.4
2467,141.4224,368.9424,422
2468,138.6224,365.7976,418.04
2469,136.808,361.076,410.96
2470,134.4672,350.4368,395.852
2471,132.538,344.9136,387.576
2472,130.7768,339.5584,380.796
2473,129.4468,336.7336,377.328
2474,127.7724,340.0352,382.24
2475,127.904,339.2744,378.272
2476,130.3904,337.092,364.096
2477,131.0232,336.0312,364.9
2478,132.2692,333.3064,372.456
2479,132.566,332.2184,376.368
2480,130.34,335.5744,399.812
2481,129.8528,333.5056,397.776
2482,131.1912,328.836,369.868
2483,130.564,323.7688,355.98
2484,128.8616,312.2128,328.592
2485,128.6208,307.7168,324.404
2486,127.9264,307.0224,336.544
2487,127.022,305.8368,352.996
2488,127.4924,310.7104,404.84
2489,127.1116,309.1272,407.16
2490,125.2524,300.5688,381.772
2491,124.194,300.5024,371.008
2492,123.9588,303.4976,320.412
2493,122.8612,303.304,318.588
2494,119.3304,309.2752,373.672
2495,120.6016,307.9392,388.6
2496,124.53,296.04,406.04
2497,127.5176,293.9344,399.26
2498,137.6452,295.6752,348.6
2499,137.1132,295.5048,328.54
2500,129.696,299.1216,304.788
